site_id,raw_site_id,system_id,source_namespace,geometry,migrant_z_A,screening_energy_eV,z_rank_score,geometry_complexity_score,stability_score,qe_input_path,source_csv,source_sha256
victor_sites::victor_sites::unique_004,unique_004,victor_sites,victor_sites,octahedral,15.9341,-300.256226,0.021259,0.25,0.923838,results/interstitial_search/qe_inputs/unique_004/relax.in,/Users/alina/Project/26MIgrationBench/data_processed/site_assignments/victor_sites.csv,81d87d32c1f9abc689e776ae9092e1e5440bf4b8e3089e44a5228b95ed40b6ce
victor_sites::victor_sites::unique_005,unique_005,victor_sites,victor_sites,octahedral,16.968,-298.812805,0.08068,0.25,0.699407,results/interstitial_search/qe_inputs/unique_005/relax.in,/Users/alina/Project/26MIgrationBench/data_processed/site_assignments/victor_sites.csv,81d87d32c1f9abc689e776ae9092e1e5440bf4b8e3089e44a5228b95ed40b6ce
victor_sites::victor_sites::unique_019,unique_019,victor_sites,victor_sites,cn8_te4,17.261,-300.350922,0.09752,0.72,0.938561,results/interstitial_search/qe_inputs/unique_019/relax.in,/Users/alina/Project/26MIgrationBench/data_processed/site_assignments/victor_sites.csv,81d87d32c1f9abc689e776ae9092e1e5440bf4b8e3089e44a5228b95ed40b6ce
victor_sites::victor_sites::unique_020,unique_020,victor_sites,victor_sites,cn8_te4,17.9796,-298.186615,0.13882,0.72,0.602044,results/interstitial_search/qe_inputs/unique_020/relax.in,/Users/alina/Project/26MIgrationBench/data_processed/site_assignments/victor_sites.csv,81d87d32c1f9abc689e776ae9092e1e5440bf4b8e3089e44a5228b95ed40b6ce
victor_sites::victor_sites::unique_021,unique_021,victor_sites,victor_sites,cn8_te4,17.8471,-297.254608,0.131205,0.72,0.457131,results/interstitial_search/qe_inputs/unique_021/relax.in,/Users/alina/Project/26MIgrationBench/data_processed/site_assignments/victor_sites.csv,81d87d32c1f9abc689e776ae9092e1e5440bf4b8e3089e44a5228b95ed40b6ce
victor_sites::victor_sites::unique_022,unique_022,victor_sites,victor_sites,cn8_te4,17.335,-296.667999,0.101773,0.72,0.365922,results/interstitial_search/qe_inputs/unique_022/relax.in,/Users/alina/Project/26MIgrationBench/data_processed/site_assignments/victor_sites.csv,81d87d32c1f9abc689e776ae9092e1e5440bf4b8e3089e44a5228b95ed40b6ce
victor_sites::victor_sites::unique_024,unique_024,victor_sites,victor_sites,cn8_te4,16.821,-298.24295,0.072232,0.72,0.610803,results/interstitial_search/qe_inputs/unique_024/relax.in,/Users/alina/Project/26MIgrationBench/data_processed/site_assignments/victor_sites.csv,81d87d32c1f9abc689e776ae9092e1e5440bf4b8e3089e44a5228b95ed40b6ce
victor_sites::victor_sites::unique_025,unique_025,victor_sites,victor_sites,cn8_te4,18.0075,-298.908142,0.140424,0.72,0.714231,results/interstitial_search/qe_inputs/unique_025/relax.in,/Users/alina/Project/26MIgrationBench/data_processed/site_assignments/victor_sites.csv,81d87d32c1f9abc689e776ae9092e1e5440bf4b8e3089e44a5228b95ed40b6ce
victor_sites::victor_sites::unique_027,unique_027,victor_sites,victor_sites,cn8_te4,17.2451,-300.352173,0.096606,0.72,0.938756,results/interstitial_search/qe_inputs/unique_027/relax.in,/Users/alina/Project/26MIgrationBench/data_processed/site_assignments/victor_sites.csv,81d87d32c1f9abc689e776ae9092e1e5440bf4b8e3089e44a5228b95ed40b6ce
victor_sites::victor_sites::unique_028,unique_028,victor_sites,victor_sites,cn8_te4,16.7519,-297.401306,0.068261,0.72,0.47994,results/interstitial_search/qe_inputs/unique_028/relax.in,/Users/alina/Project/26MIgrationBench/data_processed/site_assignments/victor_sites.csv,81d87d32c1f9abc689e776ae9092e1e5440bf4b8e3089e44a5228b95ed40b6ce
victor_sites::victor_sites::unique_031,unique_031,victor_sites,victor_sites,octahedral,17.2503,-300.352448,0.096905,0.25,0.938799,results/interstitial_search/qe_inputs/unique_031/relax.in,/Users/alina/Project/26MIgrationBench/data_processed/site_assignments/victor_sites.csv,81d87d32c1f9abc689e776ae9092e1e5440bf4b8e3089e44a5228b95ed40b6ce
victor_sites::victor_sites::unique_033,unique_033,victor_sites,victor_sites,cn8_te4,17.2621,-300.349365,0.097583,0.72,0.938319,results/interstitial_search/qe_inputs/unique_033/relax.in,/Users/alina/Project/26MIgrationBench/data_processed/site_assignments/victor_sites.csv,81d87d32c1f9abc689e776ae9092e1e5440bf4b8e3089e44a5228b95ed40b6ce
victor_sites::victor_sites::unique_034,unique_034,victor_sites,victor_sites,cn8_te4,16.68,-295.267303,0.064128,0.72,0.148135,results/interstitial_search/qe_inputs/unique_034/relax.in,/Users/alina/Project/26MIgrationBench/data_processed/site_assignments/victor_sites.csv,81d87d32c1f9abc689e776ae9092e1e5440bf4b8e3089e44a5228b95ed40b6ce
victor_sites::victor_sites::unique_036,unique_036,victor_sites,victor_sites,cn8_te4,18.3602,-296.26532,0.160694,0.72,0.303312,results/interstitial_search/qe_inputs/unique_036/relax.in,/Users/alina/Project/26MIgrationBench/data_processed/site_assignments/victor_sites.csv,81d87d32c1f9abc689e776ae9092e1e5440bf4b8e3089e44a5228b95ed40b6ce
victor_sites::victor_sites::unique_037,unique_037,victor_sites,victor_sites,cn8_te4,18.2386,-297.814331,0.153706,0.72,0.54416,results/interstitial_search/qe_inputs/unique_037/relax.in,/Users/alina/Project/26MIgrationBench/data_processed/site_assignments/victor_sites.csv,81d87d32c1f9abc689e776ae9092e1e5440bf4b8e3089e44a5228b95ed40b6ce
victor_sites::victor_sites::unique_038,unique_038,victor_sites,victor_sites,cn8_te4,17.2461,-300.350128,0.096664,0.72,0.938438,results/interstitial_search/qe_inputs/unique_038/relax.in,/Users/alina/Project/26MIgrationBench/data_processed/site_assignments/victor_sites.csv,81d87d32c1f9abc689e776ae9092e1e5440bf4b8e3089e44a5228b95ed40b6ce
victor_sites::victor_sites::unique_039,unique_039,victor_sites,victor_sites,cn8_te4,18.2294,-297.892609,0.153177,0.72,0.556331,results/interstitial_search/qe_inputs/unique_039/relax.in,/Users/alina/Project/26MIgrationBench/data_processed/site_assignments/victor_sites.csv,81d87d32c1f9abc689e776ae9092e1e5440bf4b8e3089e44a5228b95ed40b6ce
victor_sites::victor_sites::unique_051,unique_051,victor_sites,victor_sites,cn8_te4,19.8255,-300.4104,0.244909,0.72,0.947809,results/interstitial_search/qe_inputs/unique_051/relax.in,/Users/alina/Project/26MIgrationBench/data_processed/site_assignments/victor_sites.csv,81d87d32c1f9abc689e776ae9092e1e5440bf4b8e3089e44a5228b95ed40b6ce
victor_sites::victor_sites::unique_052,unique_052,victor_sites,victor_sites,cn8_te4,19.0749,-298.304108,0.20177,0.72,0.620313,results/interstitial_search/qe_inputs/unique_052/relax.in,/Users/alina/Project/26MIgrationBench/data_processed/site_assignments/victor_sites.csv,81d87d32c1f9abc689e776ae9092e1e5440bf4b8e3089e44a5228b95ed40b6ce
victor_sites::victor_sites::unique_053,unique_053,victor_sites,victor_sites,cn8_te4,18.7575,-296.454437,0.183528,0.72,0.332716,results/interstitial_search/qe_inputs/unique_053/relax.in,/Users/alina/Project/26MIgrationBench/data_processed/site_assignments/victor_sites.csv,81d87d32c1f9abc689e776ae9092e1e5440bf4b8e3089e44a5228b95ed40b6ce
victor_sites::victor_sites::unique_055,unique_055,victor_sites,victor_sites,cn8_te4,19.9688,-297.12677,0.253145,0.72,0.437254,results/interstitial_search/qe_inputs/unique_055/relax.in,/Users/alina/Project/26MIgrationBench/data_processed/site_assignments/victor_sites.csv,81d87d32c1f9abc689e776ae9092e1e5440bf4b8e3089e44a5228b95ed40b6ce
victor_sites::victor_sites::unique_056,unique_056,victor_sites,victor_sites,cn8_te4,20.2067,-298.726013,0.266818,0.72,0.685912,results/interstitial_search/qe_inputs/unique_056/relax.in,/Users/alina/Project/26MIgrationBench/data_processed/site_assignments/victor_sites.csv,81d87d32c1f9abc689e776ae9092e1e5440bf4b8e3089e44a5228b95ed40b6ce
victor_sites::victor_sites::unique_057,unique_057,victor_sites,victor_sites,cn8_te4,19.8308,-300.414124,0.245214,0.72,0.948388,results/interstitial_search/qe_inputs/unique_057/relax.in,/Users/alina/Project/26MIgrationBench/data_processed/site_assignments/victor_sites.csv,81d87d32c1f9abc689e776ae9092e1e5440bf4b8e3089e44a5228b95ed40b6ce
victor_sites::victor_sites::unique_058,unique_058,victor_sites,victor_sites,cn8_te4,19.3985,-297.629028,0.220368,0.72,0.515348,results/interstitial_search/qe_inputs/unique_058/relax.in,/Users/alina/Project/26MIgrationBench/data_processed/site_assignments/victor_sites.csv,81d87d32c1f9abc689e776ae9092e1e5440bf4b8e3089e44a5228b95ed40b6ce
victor_sites::victor_sites::unique_059,unique_059,victor_sites,victor_sites,cn8_te4,19.3391,-295.940521,0.216955,0.72,0.25281,results/interstitial_search/qe_inputs/unique_059/relax.in,/Users/alina/Project/26MIgrationBench/data_processed/site_assignments/victor_sites.csv,81d87d32c1f9abc689e776ae9092e1e5440bf4b8e3089e44a5228b95ed40b6ce
victor_sites::victor_sites::unique_060,unique_060,victor_sites,victor_sites,cn8_te4,19.117,-295.557373,0.20419,0.72,0.193236,results/interstitial_search/qe_inputs/unique_060/relax.in,/Users/alina/Project/26MIgrationBench/data_processed/site_assignments/victor_sites.csv,81d87d32c1f9abc689e776ae9092e1e5440bf4b8e3089e44a5228b95ed40b6ce
victor_sites::victor_sites::unique_062,unique_062,victor_sites,victor_sites,cn8_te4,17.6658,-296.482513,0.120785,0.72,0.337082,results/interstitial_search/qe_inputs/unique_062/relax.in,/Users/alina/Project/26MIgrationBench/data_processed/site_assignments/victor_sites.csv,81d87d32c1f9abc689e776ae9092e1e5440bf4b8e3089e44a5228b95ed40b6ce
victor_sites::victor_sites::unique_063,unique_063,victor_sites,victor_sites,cn8_te4,18.0604,-294.71109,0.143464,0.72,0.061652,results/interstitial_search/qe_inputs/unique_063/relax.in,/Users/alina/Project/26MIgrationBench/data_processed/site_assignments/victor_sites.csv,81d87d32c1f9abc689e776ae9092e1e5440bf4b8e3089e44a5228b95ed40b6ce
victor_sites::victor_sites::unique_064,unique_064,victor_sites,victor_sites,cn8_te4,19.7836,-300.415222,0.242501,0.72,0.948559,results/interstitial_search/qe_inputs/unique_064/relax.in,/Users/alina/Project/26MIgrationBench/data_processed/site_assignments/victor_sites.csv,81d87d32c1f9abc689e776ae9092e1e5440bf4b8e3089e44a5228b95ed40b6ce
victor_sites::victor_sites::unique_065,unique_065,victor_sites,victor_sites,cn8_te4,20.214,-298.217224,0.267238,0.72,0.606803,results/interstitial_search/qe_inputs/unique_065/relax.in,/Users/alina/Project/26MIgrationBench/data_processed/site_assignments/victor_sites.csv,81d87d32c1f9abc689e776ae9092e1e5440bf4b8e3089e44a5228b95ed40b6ce
victor_sites::victor_sites::unique_079,unique_079,victor_sites,victor_sites,octahedral,23.6945,-300.742035,0.467272,0.25,0.999374,results/interstitial_search/qe_inputs/unique_079/relax.in,/Users/alina/Project/26MIgrationBench/data_processed/site_assignments/victor_sites.csv,81d87d32c1f9abc689e776ae9092e1e5440bf4b8e3089e44a5228b95ed40b6ce
victor_sites::victor_sites::unique_101,unique_101,victor_sites,victor_sites,octahedral,23.4873,-297.105469,0.455364,0.25,0.433942,results/interstitial_search/qe_inputs/unique_101/relax.in,/Users/alina/Project/26MIgrationBench/data_processed/site_assignments/victor_sites.csv,81d87d32c1f9abc689e776ae9092e1e5440bf4b8e3089e44a5228b95ed40b6ce
victor_sites::victor_sites::unique_102,unique_102,victor_sites,victor_sites,octahedral,23.7236,-300.745331,0.468945,0.25,0.999886,results/interstitial_search/qe_inputs/unique_102/relax.in,/Users/alina/Project/26MIgrationBench/data_processed/site_assignments/victor_sites.csv,81d87d32c1f9abc689e776ae9092e1e5440bf4b8e3089e44a5228b95ed40b6ce
victor_sites::victor_sites::unique_104,unique_104,victor_sites,victor_sites,octahedral,23.7194,-300.746063,0.468703,0.25,1.0,results/interstitial_search/qe_inputs/unique_104/relax.in,/Users/alina/Project/26MIgrationBench/data_processed/site_assignments/victor_sites.csv,81d87d32c1f9abc689e776ae9092e1e5440bf4b8e3089e44a5228b95ed40b6ce
victor_sites::victor_sites::unique_105,unique_105,victor_sites,victor_sites,octahedral,24.3818,-298.817993,0.506773,0.25,0.700214,results/interstitial_search/qe_inputs/unique_105/relax.in,/Users/alina/Project/26MIgrationBench/data_processed/site_assignments/victor_sites.csv,81d87d32c1f9abc689e776ae9092e1e5440bf4b8e3089e44a5228b95ed40b6ce
victor_sites::victor_sites::unique_106,unique_106,victor_sites,victor_sites,octahedral,24.6091,-298.007172,0.519837,0.25,0.574143,results/interstitial_search/qe_inputs/unique_106/relax.in,/Users/alina/Project/26MIgrationBench/data_processed/site_assignments/victor_sites.csv,81d87d32c1f9abc689e776ae9092e1e5440bf4b8e3089e44a5228b95ed40b6ce
victor_sites::victor_sites::unique_107,unique_107,victor_sites,victor_sites,octahedral,24.9627,-299.553772,0.540159,0.25,0.814617,results/interstitial_search/qe_inputs/unique_107/relax.in,/Users/alina/Project/26MIgrationBench/data_processed/site_assignments/victor_sites.csv,81d87d32c1f9abc689e776ae9092e1e5440bf4b8e3089e44a5228b95ed40b6ce
victor_sites::victor_sites::unique_108,unique_108,victor_sites,victor_sites,octahedral,22.0294,-295.097351,0.371574,0.25,0.12171,results/interstitial_search/qe_inputs/unique_108/relax.in,/Users/alina/Project/26MIgrationBench/data_processed/site_assignments/victor_sites.csv,81d87d32c1f9abc689e776ae9092e1e5440bf4b8e3089e44a5228b95ed40b6ce
victor_sites::victor_sites::unique_109,unique_109,victor_sites,victor_sites,octahedral,24.0724,-298.350128,0.488991,0.25,0.627468,results/interstitial_search/qe_inputs/unique_109/relax.in,/Users/alina/Project/26MIgrationBench/data_processed/site_assignments/victor_sites.csv,81d87d32c1f9abc689e776ae9092e1e5440bf4b8e3089e44a5228b95ed40b6ce
victor_sites::victor_sites::unique_110,unique_110,victor_sites,victor_sites,octahedral,23.5974,-300.060547,0.461691,0.25,0.893413,results/interstitial_search/qe_inputs/unique_110/relax.in,/Users/alina/Project/26MIgrationBench/data_processed/site_assignments/victor_sites.csv,81d87d32c1f9abc689e776ae9092e1e5440bf4b8e3089e44a5228b95ed40b6ce
victor_sites::victor_sites::unique_111,unique_111,victor_sites,victor_sites,octahedral,24.4443,-296.243652,0.510365,0.25,0.299943,results/interstitial_search/qe_inputs/unique_111/relax.in,/Users/alina/Project/26MIgrationBench/data_processed/site_assignments/victor_sites.csv,81d87d32c1f9abc689e776ae9092e1e5440bf4b8e3089e44a5228b95ed40b6ce
victor_sites::victor_sites::unique_113,unique_113,victor_sites,victor_sites,octahedral,22.8715,-297.684143,0.419972,0.25,0.523917,results/interstitial_search/qe_inputs/unique_113/relax.in,/Users/alina/Project/26MIgrationBench/data_processed/site_assignments/victor_sites.csv,81d87d32c1f9abc689e776ae9092e1e5440bf4b8e3089e44a5228b95ed40b6ce
victor_sites::victor_sites::unique_114,unique_114,victor_sites,victor_sites,octahedral,23.0511,-298.820374,0.430294,0.25,0.700584,results/interstitial_search/qe_inputs/unique_114/relax.in,/Users/alina/Project/26MIgrationBench/data_processed/site_assignments/victor_sites.csv,81d87d32c1f9abc689e776ae9092e1e5440bf4b8e3089e44a5228b95ed40b6ce
victor_sites::victor_sites::unique_115,unique_115,victor_sites,victor_sites,octahedral,23.7264,-300.744781,0.469105,0.25,0.999801,results/interstitial_search/qe_inputs/unique_115/relax.in,/Users/alina/Project/26MIgrationBench/data_processed/site_assignments/victor_sites.csv,81d87d32c1f9abc689e776ae9092e1e5440bf4b8e3089e44a5228b95ed40b6ce
victor_sites::victor_sites::unique_116,unique_116,victor_sites,victor_sites,octahedral,22.9877,-298.164307,0.42665,0.25,0.598576,results/interstitial_search/qe_inputs/unique_116/relax.in,/Users/alina/Project/26MIgrationBench/data_processed/site_assignments/victor_sites.csv,81d87d32c1f9abc689e776ae9092e1e5440bf4b8e3089e44a5228b95ed40b6ce
victor_sites::victor_sites::unique_117,unique_117,victor_sites,victor_sites,octahedral,22.7183,-296.263885,0.411167,0.25,0.303088,results/interstitial_search/qe_inputs/unique_117/relax.in,/Users/alina/Project/26MIgrationBench/data_processed/site_assignments/victor_sites.csv,81d87d32c1f9abc689e776ae9092e1e5440bf4b8e3089e44a5228b95ed40b6ce
victor_sites::victor_sites::unique_119,unique_119,victor_sites,victor_sites,octahedral,23.7376,-300.74527,0.469749,0.25,0.999877,results/interstitial_search/qe_inputs/unique_119/relax.in,/Users/alina/Project/26MIgrationBench/data_processed/site_assignments/victor_sites.csv,81d87d32c1f9abc689e776ae9092e1e5440bf4b8e3089e44a5228b95ed40b6ce
victor_sites::victor_sites::unique_121,unique_121,victor_sites,victor_sites,octahedral,23.7144,-300.737122,0.468416,0.25,0.99861,results/interstitial_search/qe_inputs/unique_121/relax.in,/Users/alina/Project/26MIgrationBench/data_processed/site_assignments/victor_sites.csv,81d87d32c1f9abc689e776ae9092e1e5440bf4b8e3089e44a5228b95ed40b6ce
victor_sites::victor_sites::unique_122,unique_122,victor_sites,victor_sites,octahedral,25.1892,-297.718079,0.553177,0.25,0.529194,results/interstitial_search/qe_inputs/unique_122/relax.in,/Users/alina/Project/26MIgrationBench/data_processed/site_assignments/victor_sites.csv,81d87d32c1f9abc689e776ae9092e1e5440bf4b8e3089e44a5228b95ed40b6ce
victor_sites::victor_sites::unique_124,unique_124,victor_sites,victor_sites,octahedral,23.7296,-300.743347,0.469289,0.25,0.999578,results/interstitial_search/qe_inputs/unique_124/relax.in,/Users/alina/Project/26MIgrationBench/data_processed/site_assignments/victor_sites.csv,81d87d32c1f9abc689e776ae9092e1e5440bf4b8e3089e44a5228b95ed40b6ce
victor_sites::victor_sites::unique_125,unique_125,victor_sites,victor_sites,octahedral,23.02,-298.245087,0.428507,0.25,0.611136,results/interstitial_search/qe_inputs/unique_125/relax.in,/Users/alina/Project/26MIgrationBench/data_processed/site_assignments/victor_sites.csv,81d87d32c1f9abc689e776ae9092e1e5440bf4b8e3089e44a5228b95ed40b6ce
victor_sites::victor_sites::unique_158,unique_158,victor_sites,victor_sites,cn8_te4,27.3884,-299.553986,0.679571,0.72,0.81465,results/interstitial_search/qe_inputs/unique_158/relax.in,/Users/alina/Project/26MIgrationBench/data_processed/site_assignments/victor_sites.csv,81d87d32c1f9abc689e776ae9092e1e5440bf4b8e3089e44a5228b95ed40b6ce
victor_sites::victor_sites::unique_159,unique_159,victor_sites,victor_sites,cn8_te4,27.3084,-299.37146,0.674973,0.72,0.78627,results/interstitial_search/qe_inputs/unique_159/relax.in,/Users/alina/Project/26MIgrationBench/data_processed/site_assignments/victor_sites.csv,81d87d32c1f9abc689e776ae9092e1e5440bf4b8e3089e44a5228b95ed40b6ce
victor_sites::victor_sites::unique_160,unique_160,victor_sites,victor_sites,cn8_te4,26.3579,-300.29422,0.620345,0.72,0.929745,results/interstitial_search/qe_inputs/unique_160/relax.in,/Users/alina/Project/26MIgrationBench/data_processed/site_assignments/victor_sites.csv,81d87d32c1f9abc689e776ae9092e1e5440bf4b8e3089e44a5228b95ed40b6ce
victor_sites::victor_sites::unique_161,unique_161,victor_sites,victor_sites,cn8_te4,27.2067,-299.31015,0.669128,0.72,0.776737,results/interstitial_search/qe_inputs/unique_161/relax.in,/Users/alina/Project/26MIgrationBench/data_processed/site_assignments/victor_sites.csv,81d87d32c1f9abc689e776ae9092e1e5440bf4b8e3089e44a5228b95ed40b6ce
victor_sites::victor_sites::unique_162,unique_162,victor_sites,victor_sites,cn8_te4,26.633,-299.019165,0.636156,0.72,0.731493,results/interstitial_search/qe_inputs/unique_162/relax.in,/Users/alina/Project/26MIgrationBench/data_processed/site_assignments/victor_sites.csv,81d87d32c1f9abc689e776ae9092e1e5440bf4b8e3089e44a5228b95ed40b6ce
victor_sites::victor_sites::unique_171,unique_171,victor_sites,victor_sites,cn8_te4,27.6495,-300.410675,0.694577,0.72,0.947852,results/interstitial_search/qe_inputs/unique_171/relax.in,/Users/alina/Project/26MIgrationBench/data_processed/site_assignments/victor_sites.csv,81d87d32c1f9abc689e776ae9092e1e5440bf4b8e3089e44a5228b95ed40b6ce
victor_sites::victor_sites::unique_180,unique_180,victor_sites,victor_sites,cn8_te4,27.097,-298.591431,0.662824,0.72,0.664987,results/interstitial_search/qe_inputs/unique_180/relax.in,/Users/alina/Project/26MIgrationBench/data_processed/site_assignments/victor_sites.csv,81d87d32c1f9abc689e776ae9092e1e5440bf4b8e3089e44a5228b95ed40b6ce
victor_sites::victor_sites::unique_181,unique_181,victor_sites,victor_sites,cn8_te4,27.5612,-296.395447,0.689503,0.72,0.323544,results/interstitial_search/qe_inputs/unique_181/relax.in,/Users/alina/Project/26MIgrationBench/data_processed/site_assignments/victor_sites.csv,81d87d32c1f9abc689e776ae9092e1e5440bf4b8e3089e44a5228b95ed40b6ce
victor_sites::victor_sites::unique_182,unique_182,victor_sites,victor_sites,cn8_te4,27.6351,-300.416534,0.69375,0.72,0.948763,results/interstitial_search/qe_inputs/unique_182/relax.in,/Users/alina/Project/26MIgrationBench/data_processed/site_assignments/victor_sites.csv,81d87d32c1f9abc689e776ae9092e1e5440bf4b8e3089e44a5228b95ed40b6ce
victor_sites::victor_sites::unique_188,unique_188,victor_sites,victor_sites,cn8_te4,30.6264,-299.660522,0.865669,0.72,0.831215,results/interstitial_search/qe_inputs/unique_188/relax.in,/Users/alina/Project/26MIgrationBench/data_processed/site_assignments/victor_sites.csv,81d87d32c1f9abc689e776ae9092e1e5440bf4b8e3089e44a5228b95ed40b6ce
victor_sites::victor_sites::unique_189,unique_189,victor_sites,victor_sites,cn8_te4,30.1829,-300.350159,0.840179,0.72,0.938443,results/interstitial_search/qe_inputs/unique_189/relax.in,/Users/alina/Project/26MIgrationBench/data_processed/site_assignments/victor_sites.csv,81d87d32c1f9abc689e776ae9092e1e5440bf4b8e3089e44a5228b95ed40b6ce
victor_sites::victor_sites::unique_190,unique_190,victor_sites,victor_sites,cn8_te4,30.465,-298.526794,0.856392,0.72,0.654937,results/interstitial_search/qe_inputs/unique_190/relax.in,/Users/alina/Project/26MIgrationBench/data_processed/site_assignments/victor_sites.csv,81d87d32c1f9abc689e776ae9092e1e5440bf4b8e3089e44a5228b95ed40b6ce
victor_sites::victor_sites::unique_191,unique_191,victor_sites,victor_sites,cn8_te4,29.9869,-299.45578,0.828915,0.72,0.79938,results/interstitial_search/qe_inputs/unique_191/relax.in,/Users/alina/Project/26MIgrationBench/data_processed/site_assignments/victor_sites.csv,81d87d32c1f9abc689e776ae9092e1e5440bf4b8e3089e44a5228b95ed40b6ce
victor_sites::victor_sites::unique_200,unique_200,victor_sites,victor_sites,cn8_te4,30.1975,-300.348358,0.841018,0.72,0.938163,results/interstitial_search/qe_inputs/unique_200/relax.in,/Users/alina/Project/26MIgrationBench/data_processed/site_assignments/victor_sites.csv,81d87d32c1f9abc689e776ae9092e1e5440bf4b8e3089e44a5228b95ed40b6ce
victor_sites::victor_sites::unique_201,unique_201,victor_sites,victor_sites,cn8_te4,30.2305,-298.115631,0.842915,0.72,0.591007,results/interstitial_search/qe_inputs/unique_201/relax.in,/Users/alina/Project/26MIgrationBench/data_processed/site_assignments/victor_sites.csv,81d87d32c1f9abc689e776ae9092e1e5440bf4b8e3089e44a5228b95ed40b6ce
victor_sites::victor_sites::unique_202,unique_202,victor_sites,victor_sites,cn8_te4,30.7653,-295.267426,0.873652,0.72,0.148154,results/interstitial_search/qe_inputs/unique_202/relax.in,/Users/alina/Project/26MIgrationBench/data_processed/site_assignments/victor_sites.csv,81d87d32c1f9abc689e776ae9092e1e5440bf4b8e3089e44a5228b95ed40b6ce
victor_sites::victor_sites::unique_204,unique_204,victor_sites,victor_sites,cn8_te4,30.1967,-300.352905,0.840972,0.72,0.93887,results/interstitial_search/qe_inputs/unique_204/relax.in,/Users/alina/Project/26MIgrationBench/data_processed/site_assignments/victor_sites.csv,81d87d32c1f9abc689e776ae9092e1e5440bf4b8e3089e44a5228b95ed40b6ce
victor_sites::victor_sites::unique_207,unique_207,victor_sites,victor_sites,cn8_te4,29.5104,-298.229492,0.801529,0.72,0.608711,results/interstitial_search/qe_inputs/unique_207/relax.in,/Users/alina/Project/26MIgrationBench/data_processed/site_assignments/victor_sites.csv,81d87d32c1f9abc689e776ae9092e1e5440bf4b8e3089e44a5228b95ed40b6ce
victor_sites::victor_sites::unique_209,unique_209,victor_sites,victor_sites,cn8_te4,30.362,-299.128784,0.850473,0.72,0.748537,results/interstitial_search/qe_inputs/unique_209/relax.in,/Users/alina/Project/26MIgrationBench/data_processed/site_assignments/victor_sites.csv,81d87d32c1f9abc689e776ae9092e1e5440bf4b8e3089e44a5228b95ed40b6ce
victor_sites::victor_sites::unique_210,unique_210,victor_sites,victor_sites,cn8_te4,29.4656,-298.186554,0.798954,0.72,0.602035,results/interstitial_search/qe_inputs/unique_210/relax.in,/Users/alina/Project/26MIgrationBench/data_processed/site_assignments/victor_sites.csv,81d87d32c1f9abc689e776ae9092e1e5440bf4b8e3089e44a5228b95ed40b6ce
victor_sites::victor_sites::unique_211,unique_211,victor_sites,victor_sites,cn8_te4,29.5985,-297.254669,0.806592,0.72,0.457141,results/interstitial_search/qe_inputs/unique_211/relax.in,/Users/alina/Project/26MIgrationBench/data_processed/site_assignments/victor_sites.csv,81d87d32c1f9abc689e776ae9092e1e5440bf4b8e3089e44a5228b95ed40b6ce
victor_sites::victor_sites::unique_212,unique_212,victor_sites,victor_sites,cn8_te4,30.1102,-296.66803,0.836001,0.72,0.365927,results/interstitial_search/qe_inputs/unique_212/relax.in,/Users/alina/Project/26MIgrationBench/data_processed/site_assignments/victor_sites.csv,81d87d32c1f9abc689e776ae9092e1e5440bf4b8e3089e44a5228b95ed40b6ce
joshitha_sites::joshitha_sites::unique_001,unique_001,joshitha_sites,joshitha_sites,cn7_te4,15.864,-300.24527,0.01723,0.6,0.922134,results/interstitial_search/qe_inputs/unique_001/relax.in,/Users/alina/Project/26MIgrationBench/data_processed/site_assignments/joshitha_sites.csv,6811862232ebe0e6711717e45f82647f830bea05583049ce3f5d20d690520170
joshitha_sites::joshitha_sites::unique_002,unique_002,joshitha_sites,joshitha_sites,cn7_te4,15.8909,-298.454895,0.018776,0.6,0.643758,results/interstitial_search/qe_inputs/unique_002/relax.in,/Users/alina/Project/26MIgrationBench/data_processed/site_assignments/joshitha_sites.csv,6811862232ebe0e6711717e45f82647f830bea05583049ce3f5d20d690520170
joshitha_sites::joshitha_sites::unique_007,unique_007,joshitha_sites,joshitha_sites,cn7_te4,15.6744,-299.302063,0.006334,0.6,0.77548,results/interstitial_search/qe_inputs/unique_007/relax.in,/Users/alina/Project/26MIgrationBench/data_processed/site_assignments/joshitha_sites.csv,6811862232ebe0e6711717e45f82647f830bea05583049ce3f5d20d690520170
joshitha_sites::joshitha_sites::unique_009,unique_009,joshitha_sites,joshitha_sites,cn7_te4,16.0734,-298.580841,0.029265,0.6,0.66334,results/interstitial_search/qe_inputs/unique_009/relax.in,/Users/alina/Project/26MIgrationBench/data_processed/site_assignments/joshitha_sites.csv,6811862232ebe0e6711717e45f82647f830bea05583049ce3f5d20d690520170
joshitha_sites::joshitha_sites::unique_010,unique_010,joshitha_sites,joshitha_sites,cn7_te4,15.5642,-298.584686,0.0,0.6,0.663938,results/interstitial_search/qe_inputs/unique_010/relax.in,/Users/alina/Project/26MIgrationBench/data_processed/site_assignments/joshitha_sites.csv,6811862232ebe0e6711717e45f82647f830bea05583049ce3f5d20d690520170
joshitha_sites::joshitha_sites::unique_012,unique_012,joshitha_sites,joshitha_sites,cn7_te4,15.8707,-297.982605,0.017615,0.6,0.570324,results/interstitial_search/qe_inputs/unique_012/relax.in,/Users/alina/Project/26MIgrationBench/data_processed/site_assignments/joshitha_sites.csv,6811862232ebe0e6711717e45f82647f830bea05583049ce3f5d20d690520170
joshitha_sites::joshitha_sites::unique_014,unique_014,joshitha_sites,joshitha_sites,cn7_te4,15.959,-300.251251,0.02269,0.6,0.923064,results/interstitial_search/qe_inputs/unique_014/relax.in,/Users/alina/Project/26MIgrationBench/data_processed/site_assignments/joshitha_sites.csv,6811862232ebe0e6711717e45f82647f830bea05583049ce3f5d20d690520170
joshitha_sites::joshitha_sites::unique_015,unique_015,joshitha_sites,joshitha_sites,cn7_te4,16.2322,-296.860992,0.038392,0.6,0.39593,results/interstitial_search/qe_inputs/unique_015/relax.in,/Users/alina/Project/26MIgrationBench/data_processed/site_assignments/joshitha_sites.csv,6811862232ebe0e6711717e45f82647f830bea05583049ce3f5d20d690520170
joshitha_sites::joshitha_sites::unique_016,unique_016,joshitha_sites,joshitha_sites,cn7_te4,15.5979,-296.993378,0.001937,0.6,0.416514,results/interstitial_search/qe_inputs/unique_016/relax.in,/Users/alina/Project/26MIgrationBench/data_processed/site_assignments/joshitha_sites.csv,6811862232ebe0e6711717e45f82647f830bea05583049ce3f5d20d690520170
joshitha_sites::joshitha_sites::unique_017,unique_017,joshitha_sites,joshitha_sites,cn7_te4,16.1046,-298.248871,0.031058,0.6,0.611724,results/interstitial_search/qe_inputs/unique_017/relax.in,/Users/alina/Project/26MIgrationBench/data_processed/site_assignments/joshitha_sites.csv,6811862232ebe0e6711717e45f82647f830bea05583049ce3f5d20d690520170
joshitha_sites::joshitha_sites::unique_040,unique_040,joshitha_sites,joshitha_sites,cn7_te3,19.5696,-296.009003,0.230202,0.6,0.263458,results/interstitial_search/qe_inputs/unique_040/relax.in,/Users/alina/Project/26MIgrationBench/data_processed/site_assignments/joshitha_sites.csv,6811862232ebe0e6711717e45f82647f830bea05583049ce3f5d20d690520170
joshitha_sites::joshitha_sites::unique_041,unique_041,joshitha_sites,joshitha_sites,cn7_te3,19.4097,-297.862274,0.221012,0.6,0.551614,results/interstitial_search/qe_inputs/unique_041/relax.in,/Users/alina/Project/26MIgrationBench/data_processed/site_assignments/joshitha_sites.csv,6811862232ebe0e6711717e45f82647f830bea05583049ce3f5d20d690520170
joshitha_sites::joshitha_sites::unique_042,unique_042,joshitha_sites,joshitha_sites,cn7_te3,19.8093,-300.410187,0.243978,0.6,0.947776,results/interstitial_search/qe_inputs/unique_042/relax.in,/Users/alina/Project/26MIgrationBench/data_processed/site_assignments/joshitha_sites.csv,6811862232ebe0e6711717e45f82647f830bea05583049ce3f5d20d690520170
joshitha_sites::joshitha_sites::unique_043,unique_043,joshitha_sites,joshitha_sites,cn7_te3,19.1355,-299.660583,0.205253,0.6,0.831224,results/interstitial_search/qe_inputs/unique_043/relax.in,/Users/alina/Project/26MIgrationBench/data_processed/site_assignments/joshitha_sites.csv,6811862232ebe0e6711717e45f82647f830bea05583049ce3f5d20d690520170
joshitha_sites::joshitha_sites::unique_044,unique_044,joshitha_sites,joshitha_sites,cn7_te3,18.075,-298.54248,0.144303,0.6,0.657376,results/interstitial_search/qe_inputs/unique_044/relax.in,/Users/alina/Project/26MIgrationBench/data_processed/site_assignments/joshitha_sites.csv,6811862232ebe0e6711717e45f82647f830bea05583049ce3f5d20d690520170
joshitha_sites::joshitha_sites::unique_046,unique_046,joshitha_sites,joshitha_sites,cn7_te3,20.0793,-297.432617,0.259496,0.6,0.484809,results/interstitial_search/qe_inputs/unique_046/relax.in,/Users/alina/Project/26MIgrationBench/data_processed/site_assignments/joshitha_sites.csv,6811862232ebe0e6711717e45f82647f830bea05583049ce3f5d20d690520170
joshitha_sites::joshitha_sites::unique_047,unique_047,joshitha_sites,joshitha_sites,cn7_te3,19.2547,-295.536896,0.212104,0.6,0.190053,results/interstitial_search/qe_inputs/unique_047/relax.in,/Users/alina/Project/26MIgrationBench/data_processed/site_assignments/joshitha_sites.csv,6811862232ebe0e6711717e45f82647f830bea05583049ce3f5d20d690520170
joshitha_sites::joshitha_sites::unique_048,unique_048,joshitha_sites,joshitha_sites,cn7_te3,20.3535,-296.148315,0.275255,0.6,0.285119,results/interstitial_search/qe_inputs/unique_048/relax.in,/Users/alina/Project/26MIgrationBench/data_processed/site_assignments/joshitha_sites.csv,6811862232ebe0e6711717e45f82647f830bea05583049ce3f5d20d690520170
joshitha_sites::joshitha_sites::unique_066,unique_066,joshitha_sites,joshitha_sites,cn10_te4,20.0315,-299.687744,0.256749,0.9,0.835447,results/interstitial_search/qe_inputs/unique_066/relax.in,/Users/alina/Project/26MIgrationBench/data_processed/site_assignments/joshitha_sites.csv,6811862232ebe0e6711717e45f82647f830bea05583049ce3f5d20d690520170
joshitha_sites::joshitha_sites::unique_067,unique_067,joshitha_sites,joshitha_sites,cn10_te4,21.0405,-298.504028,0.314739,0.9,0.651397,results/interstitial_search/qe_inputs/unique_067/relax.in,/Users/alina/Project/26MIgrationBench/data_processed/site_assignments/joshitha_sites.csv,6811862232ebe0e6711717e45f82647f830bea05583049ce3f5d20d690520170
joshitha_sites::joshitha_sites::unique_068,unique_068,joshitha_sites,joshitha_sites,cn10_te4,19.8298,-300.411346,0.245156,0.9,0.947957,results/interstitial_search/qe_inputs/unique_068/relax.in,/Users/alina/Project/26MIgrationBench/data_processed/site_assignments/joshitha_sites.csv,6811862232ebe0e6711717e45f82647f830bea05583049ce3f5d20d690520170
joshitha_sites::joshitha_sites::unique_069,unique_069,joshitha_sites,joshitha_sites,cn10_te4,19.9887,-298.785614,0.254289,0.9,0.69518,results/interstitial_search/qe_inputs/unique_069/relax.in,/Users/alina/Project/26MIgrationBench/data_processed/site_assignments/joshitha_sites.csv,6811862232ebe0e6711717e45f82647f830bea05583049ce3f5d20d690520170
joshitha_sites::joshitha_sites::unique_070,unique_070,joshitha_sites,joshitha_sites,cn6_te3,20.0016,-298.8638,0.25503,0.45,0.707336,results/interstitial_search/qe_inputs/unique_070/relax.in,/Users/alina/Project/26MIgrationBench/data_processed/site_assignments/joshitha_sites.csv,6811862232ebe0e6711717e45f82647f830bea05583049ce3f5d20d690520170
joshitha_sites::joshitha_sites::unique_071,unique_071,joshitha_sites,joshitha_sites,cn7_te4,20.1486,-299.543915,0.263479,0.6,0.813084,results/interstitial_search/qe_inputs/unique_071/relax.in,/Users/alina/Project/26MIgrationBench/data_processed/site_assignments/joshitha_sites.csv,6811862232ebe0e6711717e45f82647f830bea05583049ce3f5d20d690520170
joshitha_sites::joshitha_sites::unique_072,unique_072,joshitha_sites,joshitha_sites,cn7_te4,21.0379,-300.267242,0.314589,0.6,0.925551,results/interstitial_search/qe_inputs/unique_072/relax.in,/Users/alina/Project/26MIgrationBench/data_processed/site_assignments/joshitha_sites.csv,6811862232ebe0e6711717e45f82647f830bea05583049ce3f5d20d690520170
joshitha_sites::joshitha_sites::unique_073,unique_073,joshitha_sites,joshitha_sites,cn7_te4,20.4036,-299.387817,0.278134,0.6,0.788813,results/interstitial_search/qe_inputs/unique_073/relax.in,/Users/alina/Project/26MIgrationBench/data_processed/site_assignments/joshitha_sites.csv,6811862232ebe0e6711717e45f82647f830bea05583049ce3f5d20d690520170
joshitha_sites::joshitha_sites::unique_074,unique_074,joshitha_sites,joshitha_sites,cn7_te4,19.7685,-300.408752,0.241633,0.6,0.947553,results/interstitial_search/qe_inputs/unique_074/relax.in,/Users/alina/Project/26MIgrationBench/data_processed/site_assignments/joshitha_sites.csv,6811862232ebe0e6711717e45f82647f830bea05583049ce3f5d20d690520170
joshitha_sites::joshitha_sites::unique_077,unique_077,joshitha_sites,joshitha_sites,cn7_te4,21.0609,-300.284821,0.315911,0.6,0.928284,results/interstitial_search/qe_inputs/unique_077/relax.in,/Users/alina/Project/26MIgrationBench/data_processed/site_assignments/joshitha_sites.csv,6811862232ebe0e6711717e45f82647f830bea05583049ce3f5d20d690520170
joshitha_sites::joshitha_sites::unique_078,unique_078,joshitha_sites,joshitha_sites,cn7_te4,22.6371,-300.241516,0.4065,0.6,0.921551,results/interstitial_search/qe_inputs/unique_078/relax.in,/Users/alina/Project/26MIgrationBench/data_processed/site_assignments/joshitha_sites.csv,6811862232ebe0e6711717e45f82647f830bea05583049ce3f5d20d690520170
joshitha_sites::joshitha_sites::unique_080,unique_080,joshitha_sites,joshitha_sites,cn7_te4,21.0911,-298.510803,0.317647,0.6,0.652451,results/interstitial_search/qe_inputs/unique_080/relax.in,/Users/alina/Project/26MIgrationBench/data_processed/site_assignments/joshitha_sites.csv,6811862232ebe0e6711717e45f82647f830bea05583049ce3f5d20d690520170
joshitha_sites::joshitha_sites::unique_082,unique_082,joshitha_sites,joshitha_sites,cn7_te4,20.6324,-298.090668,0.291284,0.6,0.587126,results/interstitial_search/qe_inputs/unique_082/relax.in,/Users/alina/Project/26MIgrationBench/data_processed/site_assignments/joshitha_sites.csv,6811862232ebe0e6711717e45f82647f830bea05583049ce3f5d20d690520170
joshitha_sites::joshitha_sites::unique_083,unique_083,joshitha_sites,joshitha_sites,cn7_te4,21.1325,-298.10733,0.320026,0.6,0.589717,results/interstitial_search/qe_inputs/unique_083/relax.in,/Users/alina/Project/26MIgrationBench/data_processed/site_assignments/joshitha_sites.csv,6811862232ebe0e6711717e45f82647f830bea05583049ce3f5d20d690520170
joshitha_sites::joshitha_sites::unique_084,unique_084,joshitha_sites,joshitha_sites,cn7_te4,20.9198,-298.632416,0.307802,0.6,0.67136,results/interstitial_search/qe_inputs/unique_084/relax.in,/Users/alina/Project/26MIgrationBench/data_processed/site_assignments/joshitha_sites.csv,6811862232ebe0e6711717e45f82647f830bea05583049ce3f5d20d690520170
joshitha_sites::joshitha_sites::unique_085,unique_085,joshitha_sites,joshitha_sites,cn7_te4,22.6124,-300.25415,0.405081,0.6,0.923515,results/interstitial_search/qe_inputs/unique_085/relax.in,/Users/alina/Project/26MIgrationBench/data_processed/site_assignments/joshitha_sites.csv,6811862232ebe0e6711717e45f82647f830bea05583049ce3f5d20d690520170
joshitha_sites::joshitha_sites::unique_087,unique_087,joshitha_sites,joshitha_sites,cn7_te4,21.1144,-298.459015,0.318986,0.6,0.644398,results/interstitial_search/qe_inputs/unique_087/relax.in,/Users/alina/Project/26MIgrationBench/data_processed/site_assignments/joshitha_sites.csv,6811862232ebe0e6711717e45f82647f830bea05583049ce3f5d20d690520170
joshitha_sites::joshitha_sites::unique_088,unique_088,joshitha_sites,joshitha_sites,cn7_te4,22.6325,-300.257721,0.406236,0.6,0.92407,results/interstitial_search/qe_inputs/unique_088/relax.in,/Users/alina/Project/26MIgrationBench/data_processed/site_assignments/joshitha_sites.csv,6811862232ebe0e6711717e45f82647f830bea05583049ce3f5d20d690520170
joshitha_sites::joshitha_sites::unique_090,unique_090,joshitha_sites,joshitha_sites,cn7_te4,22.5997,-300.250519,0.404351,0.6,0.92295,results/interstitial_search/qe_inputs/unique_090/relax.in,/Users/alina/Project/26MIgrationBench/data_processed/site_assignments/joshitha_sites.csv,6811862232ebe0e6711717e45f82647f830bea05583049ce3f5d20d690520170
joshitha_sites::joshitha_sites::unique_092,unique_092,joshitha_sites,joshitha_sites,cn7_te4,20.7976,-298.098602,0.300779,0.6,0.588359,results/interstitial_search/qe_inputs/unique_092/relax.in,/Users/alina/Project/26MIgrationBench/data_processed/site_assignments/joshitha_sites.csv,6811862232ebe0e6711717e45f82647f830bea05583049ce3f5d20d690520170
joshitha_sites::joshitha_sites::unique_093,unique_093,joshitha_sites,joshitha_sites,cn7_te4,21.0732,-300.284882,0.316618,0.6,0.928293,results/interstitial_search/qe_inputs/unique_093/relax.in,/Users/alina/Project/26MIgrationBench/data_processed/site_assignments/joshitha_sites.csv,6811862232ebe0e6711717e45f82647f830bea05583049ce3f5d20d690520170
joshitha_sites::joshitha_sites::unique_094,unique_094,joshitha_sites,joshitha_sites,cn7_te4,20.6978,-297.434052,0.295043,0.6,0.485032,results/interstitial_search/qe_inputs/unique_094/relax.in,/Users/alina/Project/26MIgrationBench/data_processed/site_assignments/joshitha_sites.csv,6811862232ebe0e6711717e45f82647f830bea05583049ce3f5d20d690520170
joshitha_sites::joshitha_sites::unique_095,unique_095,joshitha_sites,joshitha_sites,cn7_te4,22.5228,-300.226166,0.399931,0.6,0.919164,results/interstitial_search/qe_inputs/unique_095/relax.in,/Users/alina/Project/26MIgrationBench/data_processed/site_assignments/joshitha_sites.csv,6811862232ebe0e6711717e45f82647f830bea05583049ce3f5d20d690520170
joshitha_sites::joshitha_sites::unique_096,unique_096,joshitha_sites,joshitha_sites,cn6_te3,23.385,-297.830017,0.449484,0.45,0.546599,results/interstitial_search/qe_inputs/unique_096/relax.in,/Users/alina/Project/26MIgrationBench/data_processed/site_assignments/joshitha_sites.csv,6811862232ebe0e6711717e45f82647f830bea05583049ce3f5d20d690520170
joshitha_sites::joshitha_sites::unique_097,unique_097,joshitha_sites,joshitha_sites,cn6_te3,20.0484,-298.789307,0.25772,0.45,0.695754,results/interstitial_search/qe_inputs/unique_097/relax.in,/Users/alina/Project/26MIgrationBench/data_processed/site_assignments/joshitha_sites.csv,6811862232ebe0e6711717e45f82647f830bea05583049ce3f5d20d690520170
joshitha_sites::joshitha_sites::unique_098,unique_098,joshitha_sites,joshitha_sites,cn6_te3,22.5821,-300.253265,0.403339,0.45,0.923377,results/interstitial_search/qe_inputs/unique_098/relax.in,/Users/alina/Project/26MIgrationBench/data_processed/site_assignments/joshitha_sites.csv,6811862232ebe0e6711717e45f82647f830bea05583049ce3f5d20d690520170
joshitha_sites::joshitha_sites::unique_099,unique_099,joshitha_sites,joshitha_sites,cn6_te3,24.0316,-297.24292,0.486646,0.45,0.455314,results/interstitial_search/qe_inputs/unique_099/relax.in,/Users/alina/Project/26MIgrationBench/data_processed/site_assignments/joshitha_sites.csv,6811862232ebe0e6711717e45f82647f830bea05583049ce3f5d20d690520170
joshitha_sites::joshitha_sites::unique_100,unique_100,joshitha_sites,joshitha_sites,cn6_te3,20.816,-296.102539,0.301836,0.45,0.278002,results/interstitial_search/qe_inputs/unique_100/relax.in,/Users/alina/Project/26MIgrationBench/data_processed/site_assignments/joshitha_sites.csv,6811862232ebe0e6711717e45f82647f830bea05583049ce3f5d20d690520170
joshitha_sites::joshitha_sites::unique_126,unique_126,joshitha_sites,joshitha_sites,cn6_te3,23.5626,-298.98761,0.459691,0.45,0.726587,results/interstitial_search/qe_inputs/unique_126/relax.in,/Users/alina/Project/26MIgrationBench/data_processed/site_assignments/joshitha_sites.csv,6811862232ebe0e6711717e45f82647f830bea05583049ce3f5d20d690520170
joshitha_sites::joshitha_sites::unique_127,unique_127,joshitha_sites,joshitha_sites,cn6_te3,24.7261,-300.170868,0.526561,0.45,0.910566,results/interstitial_search/qe_inputs/unique_127/relax.in,/Users/alina/Project/26MIgrationBench/data_processed/site_assignments/joshitha_sites.csv,6811862232ebe0e6711717e45f82647f830bea05583049ce3f5d20d690520170
joshitha_sites::joshitha_sites::unique_128,unique_128,joshitha_sites,joshitha_sites,cn6_te3,26.3632,-297.97879,0.62065,0.45,0.569731,results/interstitial_search/qe_inputs/unique_128/relax.in,/Users/alina/Project/26MIgrationBench/data_processed/site_assignments/joshitha_sites.csv,6811862232ebe0e6711717e45f82647f830bea05583049ce3f5d20d690520170
joshitha_sites::joshitha_sites::unique_129,unique_129,joshitha_sites,joshitha_sites,cn6_te3,24.8323,-300.254822,0.532665,0.45,0.923619,results/interstitial_search/qe_inputs/unique_129/relax.in,/Users/alina/Project/26MIgrationBench/data_processed/site_assignments/joshitha_sites.csv,6811862232ebe0e6711717e45f82647f830bea05583049ce3f5d20d690520170
joshitha_sites::joshitha_sites::unique_131,unique_131,joshitha_sites,joshitha_sites,cn7_te4,26.4654,-299.340881,0.626524,0.6,0.781515,results/interstitial_search/qe_inputs/unique_131/relax.in,/Users/alina/Project/26MIgrationBench/data_processed/site_assignments/joshitha_sites.csv,6811862232ebe0e6711717e45f82647f830bea05583049ce3f5d20d690520170
joshitha_sites::joshitha_sites::unique_133,unique_133,joshitha_sites,joshitha_sites,cn7_te4,24.8781,-299.550873,0.535297,0.6,0.814166,results/interstitial_search/qe_inputs/unique_133/relax.in,/Users/alina/Project/26MIgrationBench/data_processed/site_assignments/joshitha_sites.csv,6811862232ebe0e6711717e45f82647f830bea05583049ce3f5d20d690520170
joshitha_sites::joshitha_sites::unique_134,unique_134,joshitha_sites,joshitha_sites,cn7_te4,24.8025,-298.391663,0.530952,0.6,0.633926,results/interstitial_search/qe_inputs/unique_134/relax.in,/Users/alina/Project/26MIgrationBench/data_processed/site_assignments/joshitha_sites.csv,6811862232ebe0e6711717e45f82647f830bea05583049ce3f5d20d690520170
joshitha_sites::joshitha_sites::unique_135,unique_135,joshitha_sites,joshitha_sites,cn7_te4,26.3701,-300.288086,0.621047,0.6,0.928791,results/interstitial_search/qe_inputs/unique_135/relax.in,/Users/alina/Project/26MIgrationBench/data_processed/site_assignments/joshitha_sites.csv,6811862232ebe0e6711717e45f82647f830bea05583049ce3f5d20d690520170
joshitha_sites::joshitha_sites::unique_136,unique_136,joshitha_sites,joshitha_sites,cn7_te4,26.4872,-297.945282,0.627777,0.6,0.564521,results/interstitial_search/qe_inputs/unique_136/relax.in,/Users/alina/Project/26MIgrationBench/data_processed/site_assignments/joshitha_sites.csv,6811862232ebe0e6711717e45f82647f830bea05583049ce3f5d20d690520170
joshitha_sites::joshitha_sites::unique_137,unique_137,joshitha_sites,joshitha_sites,cn7_te4,26.3668,-296.879822,0.620857,0.6,0.398857,results/interstitial_search/qe_inputs/unique_137/relax.in,/Users/alina/Project/26MIgrationBench/data_processed/site_assignments/joshitha_sites.csv,6811862232ebe0e6711717e45f82647f830bea05583049ce3f5d20d690520170
joshitha_sites::joshitha_sites::unique_139,unique_139,joshitha_sites,joshitha_sites,cn7_te4,26.8127,-298.090668,0.646484,0.6,0.587126,results/interstitial_search/qe_inputs/unique_139/relax.in,/Users/alina/Project/26MIgrationBench/data_processed/site_assignments/joshitha_sites.csv,6811862232ebe0e6711717e45f82647f830bea05583049ce3f5d20d690520170
joshitha_sites::joshitha_sites::unique_140,unique_140,joshitha_sites,joshitha_sites,cn7_te4,26.3127,-298.10733,0.617748,0.6,0.589717,results/interstitial_search/qe_inputs/unique_140/relax.in,/Users/alina/Project/26MIgrationBench/data_processed/site_assignments/joshitha_sites.csv,6811862232ebe0e6711717e45f82647f830bea05583049ce3f5d20d690520170
joshitha_sites::joshitha_sites::unique_141,unique_141,joshitha_sites,joshitha_sites,cn7_te4,26.5254,-298.632355,0.629972,0.6,0.67135,results/interstitial_search/qe_inputs/unique_141/relax.in,/Users/alina/Project/26MIgrationBench/data_processed/site_assignments/joshitha_sites.csv,6811862232ebe0e6711717e45f82647f830bea05583049ce3f5d20d690520170
joshitha_sites::joshitha_sites::unique_142,unique_142,joshitha_sites,joshitha_sites,cn7_te4,26.6713,-297.205017,0.638357,0.6,0.44942,results/interstitial_search/qe_inputs/unique_142/relax.in,/Users/alina/Project/26MIgrationBench/data_processed/site_assignments/joshitha_sites.csv,6811862232ebe0e6711717e45f82647f830bea05583049ce3f5d20d690520170
joshitha_sites::joshitha_sites::unique_143,unique_143,joshitha_sites,joshitha_sites,cn7_te4,27.3546,-299.5513,0.677629,0.6,0.814232,results/interstitial_search/qe_inputs/unique_143/relax.in,/Users/alina/Project/26MIgrationBench/data_processed/site_assignments/joshitha_sites.csv,6811862232ebe0e6711717e45f82647f830bea05583049ce3f5d20d690520170
joshitha_sites::joshitha_sites::unique_144,unique_144,joshitha_sites,joshitha_sites,cn7_te4,24.9804,-299.479004,0.541176,0.6,0.802991,results/interstitial_search/qe_inputs/unique_144/relax.in,/Users/alina/Project/26MIgrationBench/data_processed/site_assignments/joshitha_sites.csv,6811862232ebe0e6711717e45f82647f830bea05583049ce3f5d20d690520170
joshitha_sites::joshitha_sites::unique_145,unique_145,joshitha_sites,joshitha_sites,cn7_te4,26.3756,-300.296722,0.621363,0.6,0.930134,results/interstitial_search/qe_inputs/unique_145/relax.in,/Users/alina/Project/26MIgrationBench/data_processed/site_assignments/joshitha_sites.csv,6811862232ebe0e6711717e45f82647f830bea05583049ce3f5d20d690520170
joshitha_sites::joshitha_sites::unique_146,unique_146,joshitha_sites,joshitha_sites,cn7_te4,24.7938,-300.254761,0.530452,0.6,0.92361,results/interstitial_search/qe_inputs/unique_146/relax.in,/Users/alina/Project/26MIgrationBench/data_processed/site_assignments/joshitha_sites.csv,6811862232ebe0e6711717e45f82647f830bea05583049ce3f5d20d690520170
joshitha_sites::joshitha_sites::unique_147,unique_147,joshitha_sites,joshitha_sites,cn7_te4,27.1934,-295.757721,0.668364,0.6,0.224388,results/interstitial_search/qe_inputs/unique_147/relax.in,/Users/alina/Project/26MIgrationBench/data_processed/site_assignments/joshitha_sites.csv,6811862232ebe0e6711717e45f82647f830bea05583049ce3f5d20d690520170
joshitha_sites::joshitha_sites::unique_149,unique_149,joshitha_sites,joshitha_sites,cn7_te4,26.4928,-299.524292,0.628099,0.6,0.810033,results/interstitial_search/qe_inputs/unique_149/relax.in,/Users/alina/Project/26MIgrationBench/data_processed/site_assignments/joshitha_sites.csv,6811862232ebe0e6711717e45f82647f830bea05583049ce3f5d20d690520170
joshitha_sites::joshitha_sites::unique_150,unique_150,joshitha_sites,joshitha_sites,cn7_te4,24.8287,-298.383972,0.532458,0.6,0.63273,results/interstitial_search/qe_inputs/unique_150/relax.in,/Users/alina/Project/26MIgrationBench/data_processed/site_assignments/joshitha_sites.csv,6811862232ebe0e6711717e45f82647f830bea05583049ce3f5d20d690520170
joshitha_sites::joshitha_sites::unique_151,unique_151,joshitha_sites,joshitha_sites,cn7_te4,24.7815,-296.437653,0.529745,0.6,0.330107,results/interstitial_search/qe_inputs/unique_151/relax.in,/Users/alina/Project/26MIgrationBench/data_processed/site_assignments/joshitha_sites.csv,6811862232ebe0e6711717e45f82647f830bea05583049ce3f5d20d690520170
joshitha_sites::joshitha_sites::unique_152,unique_152,joshitha_sites,joshitha_sites,cn7_te4,24.8107,-297.039886,0.531423,0.6,0.423745,results/interstitial_search/qe_inputs/unique_152/relax.in,/Users/alina/Project/26MIgrationBench/data_processed/site_assignments/joshitha_sites.csv,6811862232ebe0e6711717e45f82647f830bea05583049ce3f5d20d690520170
joshitha_sites::joshitha_sites::unique_153,unique_153,joshitha_sites,joshitha_sites,cn7_te4,25.1067,-297.455597,0.548435,0.6,0.488382,results/interstitial_search/qe_inputs/unique_153/relax.in,/Users/alina/Project/26MIgrationBench/data_processed/site_assignments/joshitha_sites.csv,6811862232ebe0e6711717e45f82647f830bea05583049ce3f5d20d690520170
joshitha_sites::joshitha_sites::unique_154,unique_154,joshitha_sites,joshitha_sites,cn7_te4,26.3756,-300.294861,0.621363,0.6,0.929845,results/interstitial_search/qe_inputs/unique_154/relax.in,/Users/alina/Project/26MIgrationBench/data_processed/site_assignments/joshitha_sites.csv,6811862232ebe0e6711717e45f82647f830bea05583049ce3f5d20d690520170
joshitha_sites::joshitha_sites::unique_155,unique_155,joshitha_sites,joshitha_sites,cn7_te4,27.4437,-298.609924,0.68275,0.6,0.667862,results/interstitial_search/qe_inputs/unique_155/relax.in,/Users/alina/Project/26MIgrationBench/data_processed/site_assignments/joshitha_sites.csv,6811862232ebe0e6711717e45f82647f830bea05583049ce3f5d20d690520170
joshitha_sites::joshitha_sites::unique_156,unique_156,joshitha_sites,joshitha_sites,cn7_te4,27.1268,-297.256683,0.664536,0.6,0.457454,results/interstitial_search/qe_inputs/unique_156/relax.in,/Users/alina/Project/26MIgrationBench/data_processed/site_assignments/joshitha_sites.csv,6811862232ebe0e6711717e45f82647f830bea05583049ce3f5d20d690520170
joshitha_sites::joshitha_sites::unique_157,unique_157,joshitha_sites,joshitha_sites,cn7_te4,27.1811,-295.905792,0.667657,0.6,0.24741,results/interstitial_search/qe_inputs/unique_157/relax.in,/Users/alina/Project/26MIgrationBench/data_processed/site_assignments/joshitha_sites.csv,6811862232ebe0e6711717e45f82647f830bea05583049ce3f5d20d690520170
joshitha_sites::joshitha_sites::unique_164,unique_164,joshitha_sites,joshitha_sites,cn7_te4,27.1735,-296.151794,0.66722,0.6,0.28566,results/interstitial_search/qe_inputs/unique_164/relax.in,/Users/alina/Project/26MIgrationBench/data_processed/site_assignments/joshitha_sites.csv,6811862232ebe0e6711717e45f82647f830bea05583049ce3f5d20d690520170
joshitha_sites::joshitha_sites::unique_165,unique_165,joshitha_sites,joshitha_sites,cn7_te4,27.8224,-296.882751,0.704514,0.6,0.399313,results/interstitial_search/qe_inputs/unique_165/relax.in,/Users/alina/Project/26MIgrationBench/data_processed/site_assignments/joshitha_sites.csv,6811862232ebe0e6711717e45f82647f830bea05583049ce3f5d20d690520170
joshitha_sites::joshitha_sites::unique_166,unique_166,joshitha_sites,joshitha_sites,cn7_te3,27.6309,-300.413086,0.693508,0.6,0.948227,results/interstitial_search/qe_inputs/unique_166/relax.in,/Users/alina/Project/26MIgrationBench/data_processed/site_assignments/joshitha_sites.csv,6811862232ebe0e6711717e45f82647f830bea05583049ce3f5d20d690520170
joshitha_sites::joshitha_sites::unique_167,unique_167,joshitha_sites,joshitha_sites,cn7_te4,27.3759,-299.083801,0.678853,0.6,0.741543,results/interstitial_search/qe_inputs/unique_167/relax.in,/Users/alina/Project/26MIgrationBench/data_processed/site_assignments/joshitha_sites.csv,6811862232ebe0e6711717e45f82647f830bea05583049ce3f5d20d690520170
joshitha_sites::joshitha_sites::unique_168,unique_168,joshitha_sites,joshitha_sites,cn7_te4,27.1573,-297.21933,0.666289,0.6,0.451646,results/interstitial_search/qe_inputs/unique_168/relax.in,/Users/alina/Project/26MIgrationBench/data_processed/site_assignments/joshitha_sites.csv,6811862232ebe0e6711717e45f82647f830bea05583049ce3f5d20d690520170
joshitha_sites::joshitha_sites::unique_169,unique_169,joshitha_sites,joshitha_sites,cn7_te4,27.6185,-300.375854,0.692796,0.6,0.942438,results/interstitial_search/qe_inputs/unique_169/relax.in,/Users/alina/Project/26MIgrationBench/data_processed/site_assignments/joshitha_sites.csv,6811862232ebe0e6711717e45f82647f830bea05583049ce3f5d20d690520170
joshitha_sites::joshitha_sites::unique_173,unique_173,joshitha_sites,joshitha_sites,cn9_te4,27.6104,-300.413849,0.69233,0.5,0.948346,results/interstitial_search/qe_inputs/unique_173/relax.in,/Users/alina/Project/26MIgrationBench/data_processed/site_assignments/joshitha_sites.csv,6811862232ebe0e6711717e45f82647f830bea05583049ce3f5d20d690520170
joshitha_sites::joshitha_sites::unique_174,unique_174,joshitha_sites,joshitha_sites,cn9_te4,27.5527,-299.131744,0.689014,0.5,0.748998,results/interstitial_search/qe_inputs/unique_174/relax.in,/Users/alina/Project/26MIgrationBench/data_processed/site_assignments/joshitha_sites.csv,6811862232ebe0e6711717e45f82647f830bea05583049ce3f5d20d690520170
joshitha_sites::joshitha_sites::unique_175,unique_175,joshitha_sites,joshitha_sites,cn9_te4,27.7177,-298.753998,0.698497,0.5,0.690264,results/interstitial_search/qe_inputs/unique_175/relax.in,/Users/alina/Project/26MIgrationBench/data_processed/site_assignments/joshitha_sites.csv,6811862232ebe0e6711717e45f82647f830bea05583049ce3f5d20d690520170
joshitha_sites::joshitha_sites::unique_183,unique_183,joshitha_sites,joshitha_sites,cn7_te3,26.9221,-297.596649,0.652772,0.6,0.510313,results/interstitial_search/qe_inputs/unique_183/relax.in,/Users/alina/Project/26MIgrationBench/data_processed/site_assignments/joshitha_sites.csv,6811862232ebe0e6711717e45f82647f830bea05583049ce3f5d20d690520170
joshitha_sites::joshitha_sites::unique_184,unique_184,joshitha_sites,joshitha_sites,cn7_te3,27.4387,-299.759003,0.682462,0.6,0.846527,results/interstitial_search/qe_inputs/unique_184/relax.in,/Users/alina/Project/26MIgrationBench/data_processed/site_assignments/joshitha_sites.csv,6811862232ebe0e6711717e45f82647f830bea05583049ce3f5d20d690520170
joshitha_sites::joshitha_sites::unique_185,unique_185,joshitha_sites,joshitha_sites,cn7_te3,27.9041,-297.369171,0.70921,0.6,0.474944,results/interstitial_search/qe_inputs/unique_185/relax.in,/Users/alina/Project/26MIgrationBench/data_processed/site_assignments/joshitha_sites.csv,6811862232ebe0e6711717e45f82647f830bea05583049ce3f5d20d690520170
joshitha_sites::joshitha_sites::unique_186,unique_186,joshitha_sites,joshitha_sites,cn7_te3,27.6578,-294.314575,0.695054,0.6,0.0,results/interstitial_search/qe_inputs/unique_186/relax.in,/Users/alina/Project/26MIgrationBench/data_processed/site_assignments/joshitha_sites.csv,6811862232ebe0e6711717e45f82647f830bea05583049ce3f5d20d690520170
joshitha_sites::joshitha_sites::unique_193,unique_193,joshitha_sites,joshitha_sites,cn9_te4,30.2069,-300.348877,0.841559,0.5,0.938244,results/interstitial_search/qe_inputs/unique_193/relax.in,/Users/alina/Project/26MIgrationBench/data_processed/site_assignments/joshitha_sites.csv,6811862232ebe0e6711717e45f82647f830bea05583049ce3f5d20d690520170
joshitha_sites::joshitha_sites::unique_194,unique_194,joshitha_sites,joshitha_sites,cn7_te3,30.5032,-298.749451,0.858588,0.6,0.689557,results/interstitial_search/qe_inputs/unique_194/relax.in,/Users/alina/Project/26MIgrationBench/data_processed/site_assignments/joshitha_sites.csv,6811862232ebe0e6711717e45f82647f830bea05583049ce3f5d20d690520170
joshitha_sites::joshitha_sites::unique_195,unique_195,joshitha_sites,joshitha_sites,cn7_te3,30.5613,-295.994171,0.861927,0.6,0.261152,results/interstitial_search/qe_inputs/unique_195/relax.in,/Users/alina/Project/26MIgrationBench/data_processed/site_assignments/joshitha_sites.csv,6811862232ebe0e6711717e45f82647f830bea05583049ce3f5d20d690520170
joshitha_sites::joshitha_sites::unique_196,unique_196,joshitha_sites,joshitha_sites,cn7_te3,30.4572,-295.449097,0.855944,0.6,0.176401,results/interstitial_search/qe_inputs/unique_196/relax.in,/Users/alina/Project/26MIgrationBench/data_processed/site_assignments/joshitha_sites.csv,6811862232ebe0e6711717e45f82647f830bea05583049ce3f5d20d690520170
joshitha_sites::joshitha_sites::unique_197,unique_197,joshitha_sites,joshitha_sites,cn7_te3,30.193,-300.350189,0.84076,0.6,0.938448,results/interstitial_search/qe_inputs/unique_197/relax.in,/Users/alina/Project/26MIgrationBench/data_processed/site_assignments/joshitha_sites.csv,6811862232ebe0e6711717e45f82647f830bea05583049ce3f5d20d690520170
joshitha_sites::joshitha_sites::unique_198,unique_198,joshitha_sites,joshitha_sites,cn7_te3,29.7897,-296.986176,0.817581,0.6,0.415394,results/interstitial_search/qe_inputs/unique_198/relax.in,/Users/alina/Project/26MIgrationBench/data_processed/site_assignments/joshitha_sites.csv,6811862232ebe0e6711717e45f82647f830bea05583049ce3f5d20d690520170
joshitha_sites::joshitha_sites::unique_213,unique_213,joshitha_sites,joshitha_sites,cn7_te3,31.3529,-297.749908,0.907423,0.6,0.534143,results/interstitial_search/qe_inputs/unique_213/relax.in,/Users/alina/Project/26MIgrationBench/data_processed/site_assignments/joshitha_sites.csv,6811862232ebe0e6711717e45f82647f830bea05583049ce3f5d20d690520170
joshitha_sites::joshitha_sites::unique_214,unique_214,joshitha_sites,joshitha_sites,cn7_te3,30.6926,-297.830444,0.869473,0.6,0.546665,results/interstitial_search/qe_inputs/unique_214/relax.in,/Users/alina/Project/26MIgrationBench/data_processed/site_assignments/joshitha_sites.csv,6811862232ebe0e6711717e45f82647f830bea05583049ce3f5d20d690520170
joshitha_sites::joshitha_sites::unique_215,unique_215,joshitha_sites,joshitha_sites,cn7_te3,31.4834,-300.252899,0.914923,0.6,0.92332,results/interstitial_search/qe_inputs/unique_215/relax.in,/Users/alina/Project/26MIgrationBench/data_processed/site_assignments/joshitha_sites.csv,6811862232ebe0e6711717e45f82647f830bea05583049ce3f5d20d690520170
joshitha_sites::joshitha_sites::unique_216,unique_216,joshitha_sites,joshitha_sites,cn7_te3,30.6399,-299.57959,0.866444,0.6,0.818631,results/interstitial_search/qe_inputs/unique_216/relax.in,/Users/alina/Project/26MIgrationBench/data_processed/site_assignments/joshitha_sites.csv,6811862232ebe0e6711717e45f82647f830bea05583049ce3f5d20d690520170
joshitha_sites::joshitha_sites::unique_218,unique_218,joshitha_sites,joshitha_sites,cn7_te4,31.6047,-297.873688,0.921894,0.6,0.553389,results/interstitial_search/qe_inputs/unique_218/relax.in,/Users/alina/Project/26MIgrationBench/data_processed/site_assignments/joshitha_sites.csv,6811862232ebe0e6711717e45f82647f830bea05583049ce3f5d20d690520170
joshitha_sites::joshitha_sites::unique_219,unique_219,joshitha_sites,joshitha_sites,cn7_te4,32.2312,-297.186523,0.957901,0.6,0.446545,results/interstitial_search/qe_inputs/unique_219/relax.in,/Users/alina/Project/26MIgrationBench/data_processed/site_assignments/joshitha_sites.csv,6811862232ebe0e6711717e45f82647f830bea05583049ce3f5d20d690520170
joshitha_sites::joshitha_sites::unique_221,unique_221,joshitha_sites,joshitha_sites,cn7_te4,31.5745,-297.982574,0.920159,0.6,0.570319,results/interstitial_search/qe_inputs/unique_221/relax.in,/Users/alina/Project/26MIgrationBench/data_processed/site_assignments/joshitha_sites.csv,6811862232ebe0e6711717e45f82647f830bea05583049ce3f5d20d690520170
joshitha_sites::joshitha_sites::unique_223,unique_223,joshitha_sites,joshitha_sites,cn7_te4,31.858,-298.487335,0.936452,0.6,0.648802,results/interstitial_search/qe_inputs/unique_223/relax.in,/Users/alina/Project/26MIgrationBench/data_processed/site_assignments/joshitha_sites.csv,6811862232ebe0e6711717e45f82647f830bea05583049ce3f5d20d690520170
joshitha_sites::joshitha_sites::unique_224,unique_224,joshitha_sites,joshitha_sites,cn7_te4,31.4493,-297.984802,0.912963,0.6,0.570665,results/interstitial_search/qe_inputs/unique_224/relax.in,/Users/alina/Project/26MIgrationBench/data_processed/site_assignments/joshitha_sites.csv,6811862232ebe0e6711717e45f82647f830bea05583049ce3f5d20d690520170
joshitha_sites::joshitha_sites::unique_225,unique_225,joshitha_sites,joshitha_sites,cn7_te4,31.5122,-297.765076,0.916578,0.6,0.536501,results/interstitial_search/qe_inputs/unique_225/relax.in,/Users/alina/Project/26MIgrationBench/data_processed/site_assignments/joshitha_sites.csv,6811862232ebe0e6711717e45f82647f830bea05583049ce3f5d20d690520170
joshitha_sites::joshitha_sites::unique_226,unique_226,joshitha_sites,joshitha_sites,cn7_te4,31.4639,-297.246094,0.913802,0.6,0.455807,results/interstitial_search/qe_inputs/unique_226/relax.in,/Users/alina/Project/26MIgrationBench/data_processed/site_assignments/joshitha_sites.csv,6811862232ebe0e6711717e45f82647f830bea05583049ce3f5d20d690520170
joshitha_sites::joshitha_sites::unique_227,unique_227,joshitha_sites,joshitha_sites,cn7_te4,31.5223,-300.25589,0.917159,0.6,0.923785,results/interstitial_search/qe_inputs/unique_227/relax.in,/Users/alina/Project/26MIgrationBench/data_processed/site_assignments/joshitha_sites.csv,6811862232ebe0e6711717e45f82647f830bea05583049ce3f5d20d690520170
joshitha_sites::joshitha_sites::unique_229,unique_229,joshitha_sites,joshitha_sites,cn7_te4,31.7708,-299.301971,0.931441,0.6,0.775465,results/interstitial_search/qe_inputs/unique_229/relax.in,/Users/alina/Project/26MIgrationBench/data_processed/site_assignments/joshitha_sites.csv,6811862232ebe0e6711717e45f82647f830bea05583049ce3f5d20d690520170
joshitha_sites::joshitha_sites::unique_230,unique_230,joshitha_sites,joshitha_sites,cn7_te4,30.6644,-299.643219,0.867853,0.6,0.828524,results/interstitial_search/qe_inputs/unique_230/relax.in,/Users/alina/Project/26MIgrationBench/data_processed/site_assignments/joshitha_sites.csv,6811862232ebe0e6711717e45f82647f830bea05583049ce3f5d20d690520170
joshitha_sites::joshitha_sites::unique_231,unique_231,joshitha_sites,joshitha_sites,cn7_te4,31.6821,-296.855377,0.926343,0.6,0.395057,results/interstitial_search/qe_inputs/unique_231/relax.in,/Users/alina/Project/26MIgrationBench/data_processed/site_assignments/joshitha_sites.csv,6811862232ebe0e6711717e45f82647f830bea05583049ce3f5d20d690520170
joshitha_sites::joshitha_sites::unique_232,unique_232,joshitha_sites,joshitha_sites,cn7_te4,32.9637,-296.427429,1.0,0.6,0.328517,results/interstitial_search/qe_inputs/unique_232/relax.in,/Users/alina/Project/26MIgrationBench/data_processed/site_assignments/joshitha_sites.csv,6811862232ebe0e6711717e45f82647f830bea05583049ce3f5d20d690520170
joshitha_sites::joshitha_sites::unique_233,unique_233,joshitha_sites,joshitha_sites,cn7_te4,31.5077,-300.25824,0.916319,0.6,0.924151,results/interstitial_search/qe_inputs/unique_233/relax.in,/Users/alina/Project/26MIgrationBench/data_processed/site_assignments/joshitha_sites.csv,6811862232ebe0e6711717e45f82647f830bea05583049ce3f5d20d690520170
joshitha_sites::joshitha_sites::unique_234,unique_234,joshitha_sites,joshitha_sites,cn7_te4,32.1101,-296.399292,0.950941,0.6,0.324142,results/interstitial_search/qe_inputs/unique_234/relax.in,/Users/alina/Project/26MIgrationBench/data_processed/site_assignments/joshitha_sites.csv,6811862232ebe0e6711717e45f82647f830bea05583049ce3f5d20d690520170
joshitha_sites::joshitha_sites::unique_235,unique_235,joshitha_sites,joshitha_sites,cn7_te4,32.43,-295.211914,0.969327,0.6,0.139523,results/interstitial_search/qe_inputs/unique_235/relax.in,/Users/alina/Project/26MIgrationBench/data_processed/site_assignments/joshitha_sites.csv,6811862232ebe0e6711717e45f82647f830bea05583049ce3f5d20d690520170
joshitha_sites::joshitha_sites::unique_236,unique_236,joshitha_sites,joshitha_sites,cn7_te4,31.08,-295.954529,0.891738,0.6,0.254988,results/interstitial_search/qe_inputs/unique_236/relax.in,/Users/alina/Project/26MIgrationBench/data_processed/site_assignments/joshitha_sites.csv,6811862232ebe0e6711717e45f82647f830bea05583049ce3f5d20d690520170
joshitha_sites::joshitha_sites::unique_237,unique_237,joshitha_sites,joshitha_sites,cn7_te4,30.4148,-297.192657,0.853507,0.6,0.447499,results/interstitial_search/qe_inputs/unique_237/relax.in,/Users/alina/Project/26MIgrationBench/data_processed/site_assignments/joshitha_sites.csv,6811862232ebe0e6711717e45f82647f830bea05583049ce3f5d20d690520170
joshitha_sites::joshitha_sites::unique_238,unique_238,joshitha_sites,joshitha_sites,cn7_te4,31.4702,-300.240417,0.914164,0.6,0.92138,results/interstitial_search/qe_inputs/unique_238/relax.in,/Users/alina/Project/26MIgrationBench/data_processed/site_assignments/joshitha_sites.csv,6811862232ebe0e6711717e45f82647f830bea05583049ce3f5d20d690520170
joshitha_sites::joshitha_sites::unique_239,unique_239,joshitha_sites,joshitha_sites,cn7_te4,32.695,-298.916748,0.984557,0.6,0.715569,results/interstitial_search/qe_inputs/unique_239/relax.in,/Users/alina/Project/26MIgrationBench/data_processed/site_assignments/joshitha_sites.csv,6811862232ebe0e6711717e45f82647f830bea05583049ce3f5d20d690520170
joshitha_sites::joshitha_sites::unique_240,unique_240,joshitha_sites,joshitha_sites,cn7_te4,30.8873,-298.051605,0.880663,0.6,0.581052,results/interstitial_search/qe_inputs/unique_240/relax.in,/Users/alina/Project/26MIgrationBench/data_processed/site_assignments/joshitha_sites.csv,6811862232ebe0e6711717e45f82647f830bea05583049ce3f5d20d690520170
joshitha_sites::joshitha_sites::unique_241,unique_241,joshitha_sites,joshitha_sites,cn7_te4,32.2341,-295.288574,0.958068,0.6,0.151442,results/interstitial_search/qe_inputs/unique_241/relax.in,/Users/alina/Project/26MIgrationBench/data_processed/site_assignments/joshitha_sites.csv,6811862232ebe0e6711717e45f82647f830bea05583049ce3f5d20d690520170
