time_fs,temperature_K,pot_energy_eV,pot_energy_per_atom_eV,kin_energy_eV,kin_energy_per_atom_eV,total_energy_eV,volume_A3,com_vx,com_vy,com_vz
0.0,605.1339106639182,-4491516.9920457555,-2190.983898558905,160.3501432981245,0.07821958209664609,-4491356.641902457,150190.66347414991,-9.456254089082935e-19,2.5609957154988523e-18,1.0193105057063424e-18
5.0,600.8750133310599,-4491515.798266798,-2190.9833162277064,159.22160829854636,0.0776690772188031,-4491356.576658499,150190.66347414991,-9.675177774891137e-16,-1.5598542879761957e-16,7.752198505274725e-17
10.0,589.712354311319,-4491512.56788529,-2190.9817404318487,156.2636944519405,0.07622619241558073,-4491356.304190838,150190.66347414991,-1.611336924744399e-15,4.590362229635115e-16,-5.470039476909156e-16
15.0,571.4198863140405,-4491507.491667532,-2190.9792642280645,151.41650308991314,0.07386170882434787,-4491356.075164443,150190.66347414991,-1.803486604308911e-15,3.4011472680663554e-16,2.768515755374024e-16
20.0,545.0116203699412,-4491500.800498562,-2190.976000243201,144.4187639882565,0.07044817755524707,-4491356.381734573,150190.66347414991,-2.3176998067211614e-15,-1.378325240540794e-15,8.782684583995438e-16
25.000000000000004,513.6434929834779,-4491492.781630594,-2190.9720886002897,136.1067463789728,0.06639353481901111,-4491356.674884215,150190.66347414991,-4.600628142585444e-15,-2.395714122256979e-15,-6.874819531257958e-17
30.0,479.57103497732624,-4491483.724205545,-2190.9676703441683,127.07812737824369,0.06198933042841156,-4491356.646078167,150190.66347414991,-4.037898567152878e-15,-1.1179505079208804e-15,-7.520897477611516e-16
35.0,444.86526868522736,-4491473.991940648,-2190.9629228978774,117.88169250632652,0.057503264637232446,-4491356.110248142,150190.66347414991,-2.0781372761812383e-15,-5.106122819080125e-16,-8.853825790546887e-16
40.0,409.33674035191757,-4491463.994166883,-2190.9580459350645,108.46723975624468,0.05291084866158277,-4491355.526927127,150190.66347414991,-3.3318023550502416e-15,-3.6167189398728973e-16,-1.5828190378764875e-15
45.0,375.9329578730189,-4491454.142879218,-2190.9532404288866,99.61580834114821,0.04859307723958449,-4491354.527070877,150190.66347414991,-3.967097276970586e-15,-8.109707191292924e-16,-6.579184396461786e-16
50.00000000000001,344.1242434924791,-4491444.862532539,-2190.948713430507,91.18704270900464,0.04448148424829495,-4491353.67548983,150190.66347414991,-3.969001685841402e-15,-2.73883381941741e-15,-1.5922331861959716e-15
54.99999999999999,314.7124556965103,-4491436.541202538,-2190.9446542451406,83.39342165319023,0.04067971787960499,-4491353.147780885,150190.66347414991,-3.1985864983667527e-15,-1.837163763757986e-15,-2.0595019643195985e-15
60.0,290.65645119473487,-4491429.474012329,-2190.9412068352826,77.0189916285897,0.03757023981882424,-4491352.455020701,150190.66347414991,-1.6969127347373496e-15,-1.950563811924883e-15,-2.53300765956506e-15
65.0,273.31015855915604,-4491423.844476787,-2190.9384607203842,72.42252056525996,0.03532805881232193,-4491351.4219562225,150190.66347414991,-6.814394462370307e-16,-1.7771919897961738e-15,-2.9785691590533953e-15
70.0,259.91530946107565,-4491419.754595195,-2190.9364656561925,68.87311450077841,0.03359664121989191,-4491350.881480694,150190.66347414991,-3.609322195204364e-16,-2.388722590795614e-15,-3.604978447783075e-15
75.0,252.98004590288275,-4491417.213700718,-2190.9352261954723,67.03538819628757,0.03270018936404272,-4491350.178312522,150190.66347414991,1.239600436017676e-15,-2.925086059627478e-15,-3.28642198466151e-15
80.0,251.2508344943932,-4491416.129780569,-2190.934697453936,66.57717672894502,0.03247667157509513,-4491349.55260384,150190.66347414991,1.2114718082176708e-15,-2.6792559098420543e-15,-4.178737980443482e-15
85.0,254.14016329340052,-4491416.307430993,-2190.9347841126796,67.34279947589687,0.03285014608580335,-4491348.9646315165,150190.66347414991,1.9520794003295597e-15,-2.8111131975533292e-15,-3.753343390185946e-15
90.0,262.184030176318,-4491417.472205823,-2190.9353522955234,69.47428671304695,0.033889895957583877,-4491347.997919111,150190.66347414991,-9.016834330133071e-16,-2.9404454548939715e-15,-1.7586036083235662e-15
95.0,272.5203189112371,-4491419.325833125,-2190.9362565039632,72.21322655860384,0.0352259641749287,-4491347.112606566,150190.66347414991,-2.4713289023526476e-15,-3.3155069836137066e-15,-1.837863333575801e-15
100.00000000000001,283.98637391070275,-4491421.551092088,-2190.9373419961407,75.25153515415305,0.036708065928855144,-4491346.299556934,150190.66347414991,-2.8684164087163703e-15,-3.869714965321931e-15,-2.608106808458805e-15
105.0,296.4708262182615,-4491423.931021452,-2190.938502937294,78.55970162976716,0.03832180567305715,-4491345.371319822,150190.66347414991,-1.43380386835455e-15,-4.7511501284767245e-15,-1.964555208281179e-15
109.99999999999999,308.44943656384703,-4491426.302815156,-2190.9396599098322,81.73382863137525,0.03987016030798792,-4491344.568986525,150190.66347414991,-7.488401472720043e-16,-5.445679096187367e-15,-2.0428138250010238e-15
115.0,319.186452542354,-4491428.479194717,-2190.9407215583983,84.57895434720056,0.04125802651082954,-4491343.900240369,150190.66347414991,-1.2035842784519793e-15,-5.300804985245303e-15,-1.7566759535591173e-15
120.0,328.9763600426967,-4491430.389251285,-2190.94165329331,87.17311250441409,0.042523469514348336,-4491343.216138781,150190.66347414991,-1.5547076251958235e-15,-6.297418507429897e-15,-1.1754343133613415e-15
125.0,337.95826426031084,-4491432.01518786,-2190.9424464331023,89.55316360220219,0.04368447004985473,-4491342.4620242575,150190.66347414991,-2.3998503562174195e-15,-5.785301273210049e-15,-2.183480648496449e-15
130.0,346.02188099742415,-4491433.301472364,-2190.943073888958,91.68988421314707,0.04472677278690101,-4491341.611588151,150190.66347414991,-3.3270913334745997e-15,-5.652126754743067e-15,-2.5545798488562225e-15
135.0,351.72971342548817,-4491434.264513963,-2190.9435436653475,93.2023622475669,0.045464566950032634,-4491341.062151715,150190.66347414991,-4.0469535006254714e-15,-6.595075815671231e-15,-1.901515853563382e-15
140.0,356.1525166130261,-4491434.958376389,-2190.943882134824,94.37432949713488,0.046036258291285305,-4491340.584046892,150190.66347414991,-2.318032266860286e-15,-6.103578675957579e-15,-2.4970317882569463e-15
145.0,362.15229177237205,-4491435.374588519,-2190.9440851651316,95.96416736542115,0.04681178895874202,-4491339.4104211535,150190.66347414991,6.101954972217423e-16,-5.275723104617368e-15,-2.785894911775964e-15
150.0,365.9583772758234,-4491435.562253418,-2190.9441767089847,96.97271496972536,0.04730376339986603,-4491338.5895384485,150190.66347414991,-5.697127734603642e-16,-6.462804049290467e-15,-3.4498081603687837e-15
155.0,364.8518667633985,-4491435.493101394,-2190.9441429762896,96.67950859655492,0.0471607359007585,-4491338.813592797,150190.66347414991,-2.292105858530656e-15,-6.185189306679085e-15,-3.0356733546648166e-15
160.0,365.6260080938494,-4491435.185816456,-2190.9439930811977,96.88464281739971,0.04726080137434132,-4491338.301173639,150190.66347414991,-3.308010182917155e-15,-6.165772406469266e-15,-2.4638155992646257e-15
165.0,366.40090786859196,-4491434.687642761,-2190.9437500696395,97.08997801301835,0.0473609648843992,-4491337.597664747,150190.66347414991,-1.8278259047332896e-15,-7.78157868321588e-15,-2.030259507333173e-15
170.0,366.22961295079335,-4491434.008046276,-2190.943418559159,97.04458778759683,0.04733882331102284,-4491336.963458489,150190.66347414991,-1.7371190297352933e-16,-7.228618523533788e-15,-2.4446048418851344e-15
175.00000000000003,364.6284309204177,-4491433.18117692,-2190.9430152082537,96.62030191715961,0.047131854593736394,-4491336.560875003,150190.66347414991,7.607641222430696e-16,-7.155221149494665e-15,-2.307511964885298e-15
180.0,364.5255455348347,-4491432.258141978,-2190.942564947306,96.59303904851055,0.04711855563341978,-4491335.665102929,150190.66347414991,1.510633301217749e-15,-7.568484014886523e-15,-3.5217756926486113e-15
185.0,361.57418180358724,-4491431.254210115,-2190.9420752244464,95.81097810482423,0.04673706249015816,-4491335.443232011,150190.66347414991,2.16756795710132e-15,-7.933886655500981e-15,-2.7552583042490045e-15
190.0,359.72802053349847,-4491430.207574178,-2190.941564670331,95.3217769230802,0.046498427767356194,-4491334.885797256,150190.66347414991,1.49939522745163e-15,-8.166600858056352e-15,-3.564218966306938e-15
195.0,356.2916172536131,-4491429.216681526,-2190.9410813080613,94.41118878936412,0.04605423843383615,-4491334.805492736,150190.66347414991,1.9965223690925077e-15,-7.176342456169706e-15,-3.250446113353396e-15
200.00000000000003,355.21018144481104,-4491428.288535072,-2190.9406285536934,94.12462678407363,0.045914452089792016,-4491334.163908288,150190.66347414991,3.2146556609421354e-15,-6.896654881609113e-15,-3.275206060284607e-15
205.0,352.8852277333608,-4491427.4142674515,-2190.9402020816838,93.50855378895173,0.04561392867753743,-4491333.9057136625,150190.66347414991,2.86893768691604e-15,-6.670130227184777e-15,-2.953819738564584e-15
210.0,351.89796458472983,-4491426.586441252,-2190.9397982640257,93.24694592899516,0.04548631508731471,-4491333.339495324,150190.66347414991,1.2333047462591092e-15,-6.761118163677368e-15,-3.300078289268082e-15
215.0,350.3152466140317,-4491425.834623124,-2190.9394315234754,92.82755271878237,0.045281733033552374,-4491333.007070405,150190.66347414991,2.9751184596542367e-15,-7.090528266116579e-15,-2.0151312551977065e-15
219.99999999999997,350.6769747599172,-4491425.117728276,-2190.939081818671,92.92340449473731,0.04532848999743284,-4491332.194323782,150190.66347414991,3.90388467455496e-15,-7.454817735447266e-15,-2.2364707595366457e-15
225.0,350.42991882862924,-4491424.5205854885,-2190.9387905295066,92.85793889565825,0.045296555558857685,-4491331.662646593,150190.66347414991,3.7920453907747046e-15,-7.841186856313134e-15,-1.9471251740743075e-15
230.0,351.7365151876011,-4491424.090259957,-2190.9385806146133,93.20416459827022,0.04546544614549767,-4491330.886095359,150190.66347414991,4.0052332893920864e-15,-7.6772273184464e-15,-3.1865488535800215e-15
235.0,352.08363310703334,-4491423.855545577,-2190.9384661197937,93.29614491393497,0.0455103145921634,-4491330.559400663,150190.66347414991,6.177673865407451e-15,-7.344462296268825e-15,-1.8582065607167954e-15
240.0,354.81268919341557,-4491423.848618075,-2190.9384627405243,94.01929813144329,0.045863072259240634,-4491329.829319944,150190.66347414991,8.169907449362554e-15,-8.130799550251366e-15,-1.494688153291888e-15
245.00000000000003,357.0581611518585,-4491424.048439662,-2190.9385602144694,94.61430982053075,0.04615332186367354,-4491329.434129842,150190.66347414991,6.738092941558499e-15,-7.611932783094906e-15,1.649212818905663e-16
250.0,361.31672315822914,-4491424.469235725,-2190.9387654808415,95.74275596432112,0.04670378339722982,-4491328.72647976,150190.66347414991,7.219588151760128e-15,-6.994988520489642e-15,-1.2862259968219412e-15
255.0,366.48955019345294,-4491425.133447001,-2190.939089486342,97.11346671402032,0.047372422787326986,-4491328.019980287,150190.66347414991,7.63593636127952e-15,-6.069800199500407e-15,-9.089460203664648e-16
260.0,373.17052134764253,-4491426.031753369,-2190.9395276845703,98.88380987784926,0.04823600481846305,-4491327.147943491,150190.66347414991,6.864727743208991e-15,-5.839577254979637e-15,6.758695327518365e-16
265.0,379.2050740942795,-4491427.124837104,-2190.940060896148,100.48286321234457,0.049016030835290034,-4491326.641973892,150190.66347414991,6.330605529404735e-15,-5.803610155706856e-15,7.143033283602855e-16
270.0,385.2503204034235,-4491428.435835128,-2190.940700407379,102.08475015812849,0.04979743910152609,-4491326.35108497,150190.66347414991,8.969643850253353e-15,-5.2097398548417815e-15,1.320829044600425e-15
275.0,391.1973588789861,-4491429.958264471,-2190.9414430558395,103.66061370659445,0.050566153027607044,-4491326.297650765,150190.66347414991,7.373272017787225e-15,-6.583307253068343e-15,1.1104887953656613e-15
280.0,400.79143421810784,-4491431.596477675,-2190.942242184232,106.2028796882733,0.05180628277476746,-4491325.393597987,150190.66347414991,6.821817139368294e-15,-5.969885839852853e-15,1.795072906619167e-15
285.0,408.93481498596446,-4491433.240514056,-2190.943044153198,108.36073640402793,0.052858895806842894,-4491324.879777652,150190.66347414991,4.952221845178534e-15,-5.71696700831475e-15,1.9702210659028293e-15
290.0,415.84489920230527,-4491434.813473318,-2190.9438114503987,110.19179061329658,0.05375209298209589,-4491324.621682704,150190.66347414991,6.672651310139511e-15,-7.006691292827532e-15,1.935403980462218e-15
295.0,424.4087545382081,-4491436.249979612,-2190.944512185177,112.46106590277722,0.054859056537940105,-4491323.78891371,150190.66347414991,7.642822189715121e-15,-6.741317925523492e-15,1.553365174838534e-15
300.0,431.1155691195091,-4491437.458358328,-2190.9451016382086,114.23825713307146,0.05572597908930315,-4491323.220101194,150190.66347414991,6.879906873149389e-15,-7.57804202458547e-15,1.8177525653711334e-15
305.0,435.7022260505718,-4491438.435707565,-2190.9455783939343,115.45364282406393,0.05631885015807997,-4491322.982064742,150190.66347414991,8.405341010283796e-15,-7.026311704257079e-15,8.44485595924705e-16
310.0,438.42314243894265,-4491439.13652294,-2190.945920255093,116.17463916072401,0.056670555688158056,-4491322.96188378,150190.66347414991,7.378082821264781e-15,-6.246069863501407e-15,1.2333709751258742e-15
315.0,439.5902918898601,-4491439.546952615,-2190.94612046469,116.48391381614634,0.05682142137372992,-4491323.063038798,150190.66347414991,7.370484045657482e-15,-7.360869237029753e-15,2.202008941527025e-16
320.0,440.85304688897827,-4491439.600526263,-2190.946146598177,116.81852230773933,0.056984645028165526,-4491322.782003955,150190.66347414991,4.456930580882432e-15,-7.113632929980433e-15,1.0367405399132141e-15
325.0,440.0520359792814,-4491439.320997273,-2190.946010242572,116.60626810765271,0.05688110639397693,-4491322.714729165,150190.66347414991,5.2381398126596836e-15,-4.722128397829368e-15,8.797842661051036e-16
330.0,438.1234414177742,-4491438.76308887,-2190.9457380921317,116.09522351264336,0.056631816347630905,-4491322.667865357,150190.66347414991,7.91871322738355e-15,-4.450322825966891e-15,1.8265816189338993e-15
335.0,439.49047170094826,-4491437.971120061,-2190.9453517658835,116.4574631722244,0.05680851862059726,-4491321.513656889,150190.66347414991,7.783540768219012e-15,-3.992173894377322e-15,1.1437488445346473e-15
340.0,436.55135463164316,-4491436.979719879,-2190.9448681560384,115.67864738463126,0.05642860848030793,-4491321.301072494,150190.66347414991,7.153219151730768e-15,-3.9914076570909756e-15,1.813919185930568e-15
344.99999999999994,433.204930060633,-4491435.844399734,-2190.9443143413337,114.79190207083927,0.055996049790653306,-4491321.052497664,150190.66347414991,9.341645693048903e-15,-3.1611336356094277e-15,2.607062936254166e-15
350.00000000000006,429.479931838202,-4491434.612406593,-2190.94371336907,113.80484121005105,0.05551455668782978,-4491320.807565383,150190.66347414991,8.197839501333266e-15,-3.917605015019463e-15,3.4653372945189725e-15
355.0,424.6805885127074,-4491433.281478238,-2190.943064135726,112.53309725979776,0.0548941937852672,-4491320.748380979,150190.66347414991,5.422009293947177e-15,-3.983625107343448e-15,3.3321247273487333e-15
360.0,419.8046208907468,-4491431.928716458,-2190.942404251931,111.24104918065345,0.05426392642958705,-4491320.687667278,150190.66347414991,6.7433271602165395e-15,-4.324654647784885e-15,2.4059788838776697e-15
365.0,416.9081206333921,-4491430.554409408,-2190.941733858248,110.47352611981506,0.05388952493649515,-4491320.080883288,150190.66347414991,5.116335003314038e-15,-3.3525990964179576e-15,2.4615783875970547e-15
370.0,412.74796233011847,-4491429.158868926,-2190.941053106793,109.37115527541646,0.053351783061178756,-4491319.787713651,150190.66347414991,6.408368745429142e-15,-2.0914356817462196e-15,2.3255209534241543e-15
375.0,411.309483215887,-4491427.840921633,-2190.9404102056747,108.98998289681796,0.05316584531552096,-4491318.850938736,150190.66347414991,6.3226997325607774e-15,-2.110759598381508e-15,3.2862684740431807e-15
380.0,409.3959807439247,-4491426.6373681715,-2190.939823106425,108.48293744758206,0.05291850607199125,-4491318.154430724,150190.66347414991,7.032657833218811e-15,-8.090070990199778e-16,4.698479319522652e-15
385.0,408.83983191138225,-4491425.556299876,-2190.939295756037,108.33556751272675,0.0528466182988911,-4491317.220732364,150190.66347414991,4.428001066256515e-15,-2.0319279484535288e-15,4.45775098548696e-15
390.0,407.9367073215775,-4491424.633281891,-2190.938845503362,108.09625493275192,0.05272988045500093,-4491316.537026959,150190.66347414991,4.280491835900388e-15,-2.2694518579820393e-15,5.3882244577643885e-15
394.99999999999994,403.78524347015957,-4491423.866323554,-2190.9384713773434,106.99618796948837,0.05219326242414067,-4491316.870135585,150190.66347414991,3.2492201117651535e-15,-8.144010235463016e-16,4.612399336798932e-15
400.00000000000006,402.77569962372496,-4491423.284117805,-2190.9381873745388,106.72867610543844,0.05206276883192119,-4491316.555441699,150190.66347414991,2.5444784115683898e-15,-7.491063785443639e-16,5.214879390343445e-15
405.0,401.7791656323342,-4491422.868408644,-2190.9379845895824,106.46461163060899,0.05193395689297999,-4491316.403797013,150190.66347414991,2.2388718849081988e-15,-1.53552241636924e-15,5.161567345606523e-15
410.0,401.6362333829741,-4491422.617563444,-2190.93786222607,106.42673702754523,0.05191548147685133,-4491316.190826417,150190.66347414991,4.4150952092726895e-15,-8.581774272743758e-16,4.108448538522876e-15
415.0,403.17208231531316,-4491422.539735052,-2190.937824261001,106.83371074368459,0.05211400524082175,-4491315.706024308,150190.66347414991,4.8769218166756605e-15,-1.3667149035252265e-15,4.487643450291569e-15
420.0,405.1718870671516,-4491422.603497301,-2190.937855364537,107.36362482199785,0.05237249991316968,-4491315.239872479,150190.66347414991,7.753273079603029e-15,3.4510689211470334e-16,3.642468372389682e-15
425.0,407.9706278299462,-4491422.792079123,-2190.9379473556696,108.10524328769586,0.052734265018388224,-4491314.686835835,150190.66347414991,7.461286234301894e-15,4.383552724621925e-16,4.2886555305831376e-15
430.0,408.9668763327991,-4491423.110422781,-2190.938102645259,108.36923211294238,0.052863040055093846,-4491314.741190668,150190.66347414991,9.279863370994339e-15,-1.4128240107492557e-17,4.740596931369237e-15
435.0,413.51338201308437,-4491423.611525748,-2190.9383470857306,109.57397840874926,0.05345072117499964,-4491314.037547339,150190.66347414991,9.653861729031702e-15,-5.019569146448417e-16,4.0099352922189015e-15
439.99999999999994,417.1104950571749,-4491424.220131223,-2190.9386439664504,110.52715188310742,0.053915683845418255,-4491313.69297934,150190.66347414991,8.106372940662813e-15,7.054216425855207e-16,3.3010175549513736e-15
445.00000000000006,422.45794929696183,-4491424.940009364,-2190.938995126519,111.94413585726487,0.0546068955401292,-4491312.995873507,150190.66347414991,7.541331933919975e-15,8.903668495309568e-16,2.8614285471182247e-15
450.0,428.4518374956998,-4491425.727939582,-2190.9393794827233,113.53241378161071,0.055381665259322296,-4491312.195525801,150190.66347414991,8.267874005977003e-15,2.2032107103676597e-15,3.0106616503195455e-15
455.0,432.96255075783574,-4491426.4809852075,-2190.9397468220523,114.7276756983767,0.05596471985286668,-4491311.753309509,150190.66347414991,6.900566332164142e-15,2.303197877908479e-15,3.0843910458960263e-15
460.0,439.3157395371353,-4491427.105496515,-2190.9400514617146,116.41116213535892,0.05678593274895557,-4491310.694334379,150190.66347414991,8.968277167148457e-15,2.6031435908673365e-15,2.7137824216122566e-15
465.0,443.97948446518404,-4491427.567128599,-2190.940276648097,117.64697482795458,0.05738876820875833,-4491309.920153771,150190.66347414991,9.064773941830235e-15,2.8225199136987274e-15,3.3306212004926395e-15
470.0,446.28752401625627,-4491427.790642565,-2190.9403856793,118.25856585967534,0.057687105297402605,-4491309.532076705,150190.66347414991,8.651443531766313e-15,2.7201572789897044e-15,3.2426304491724864e-15
475.0,446.1889596823654,-4491427.799562745,-2190.9403900306074,118.23244799586874,0.05767436487603353,-4491309.567114749,150190.66347414991,6.651408510775106e-15,1.935877670370205e-15,2.62334306627931e-15
480.0,446.04473687710833,-4491427.617441675,-2190.940301191061,118.19423141755063,0.05765572264270762,-4491309.423210257,150190.66347414991,9.476908065575605e-15,1.9807404906742842e-15,2.3354256778196423e-15
484.99999999999994,448.99326961208175,-4491427.313297738,-2190.940152828165,118.97554219561208,0.05803684985151809,-4491308.337755542,150190.66347414991,1.2137971377214237e-14,-2.485529895528184e-16,2.866356515519275e-15
490.00000000000006,450.2262442658577,-4491426.936917951,-2190.939969228269,119.30225940469894,0.058196224099853144,-4491307.634658546,150190.66347414991,1.2566293524613753e-14,-1.0046813823813298e-15,3.730531493001333e-15
495.0,448.8342180842972,-4491426.47406099,-2190.9397434443854,118.93339625927867,0.058016290858184716,-4491307.540664731,150190.66347414991,1.3276847424652873e-14,-4.619470035879178e-16,4.6328609864169235e-15
500.0,445.96067215563966,-4491425.9288361715,-2190.9394774810594,118.17195570320662,0.057644856440588595,-4491307.756880469,150190.66347414991,1.0765146257652518e-14,-9.078310946756276e-17,4.103278739499313e-15
505.0,446.05825336932276,-4491425.385475221,-2190.939212426937,118.1978130569618,0.05765746978388381,-4491307.187662164,150190.66347414991,7.582583965180066e-15,7.076321954894622e-16,4.74968673368228e-15
510.0,446.77684942211755,-4491424.858756345,-2190.9389554909,118.38822872861486,0.0577503554773731,-4491306.470527616,150190.66347414991,8.631563906692673e-15,-5.132592435697758e-16,5.491280960468259e-15
515.0,448.2757181584024,-4491424.354711557,-2190.9387096153937,118.7854033248702,0.057944099182863515,-4491305.569308232,150190.66347414991,8.136970677108203e-15,-5.227896213574234e-16,5.5119134454743636e-15
520.0,448.02887305123375,-4491423.898606186,-2190.9384871249686,118.7199935905793,0.05791219199540454,-4491305.178612595,150190.66347414991,7.40529433277071e-15,2.43494156776219e-16,5.03606013427288e-15
525.0,446.6786103569785,-4491423.507036607,-2190.938296115418,118.36219705546793,0.05773765710022826,-4491305.144839551,150190.66347414991,8.788029385123896e-15,-3.6760266707599935e-16,4.406141812109077e-15
530.0,445.22480416086864,-4491423.258310379,-2190.938174785551,117.97696326214415,0.057549738176655686,-4491305.281347117,150190.66347414991,1.0116873438408175e-14,-6.538306711809535e-16,5.316136309998731e-15
535.0,448.817480616588,-4491423.218083345,-2190.9381551626075,118.92896111641471,0.05801412737386084,-4491304.2891222285,150190.66347414991,1.2306037049995174e-14,1.1890125468534487e-15,4.611000635765069e-15
540.0,451.80047150881705,-4491423.323391788,-2190.9382065325794,119.71940271718559,0.05839970864252955,-4491303.60398907,150190.66347414991,1.1116940291602528e-14,1.2738258476750695e-15,4.3487281829512804e-15
545.0,453.9211862438827,-4491423.514825646,-2190.9382999149493,120.28135587444483,0.058673832133875524,-4491303.233469771,150190.66347414991,9.394634049682034e-15,9.850434268811164e-16,4.29625123597807e-15
550.0,455.9615221819555,-4491423.737029649,-2190.938408307146,120.82201002434586,0.058937565865534565,-4491302.915019625,150190.66347414991,1.0534285915114356e-14,1.1675666748710833e-15,5.458588461985325e-15
555.0,457.50137443834984,-4491423.969302383,-2190.9385216109185,121.23004455293453,0.059136607098992454,-4491302.73925783,150190.66347414991,9.83688059701799e-15,1.4864091063445071e-15,5.0453922640619995e-15
560.0,459.28246784353587,-4491424.105755987,-2190.938588173652,121.70200386262779,0.05936683115250136,-4491302.403752124,150190.66347414991,1.0982942627269976e-14,2.0346349985573237e-15,5.7180126349264556e-15
565.0,458.0201052045429,-4491424.157603695,-2190.9386134652173,121.36749933976171,0.0592036582145179,-4491302.790104356,150190.66347414991,1.0633914306410052e-14,9.415262367971354e-16,4.4774341169691395e-15
570.0,459.9467918366108,-4491424.159887543,-2190.938614579289,121.87803836608022,0.05945270164199035,-4491302.281849177,150190.66347414991,8.986657212781903e-15,1.6903918229716056e-15,3.841200148666387e-15
575.0,460.46547789165265,-4491424.080704339,-2190.938575953336,122.01548130521653,0.0595197469781544,-4491302.065223034,150190.66347414991,6.433279352067199e-15,8.916440578754563e-16,3.642364204470101e-15
580.0,460.31313704177126,-4491423.971814371,-2190.9385228362785,121.97511358382765,0.059500055406745196,-4491301.996700787,150190.66347414991,4.287956070415765e-15,-8.903578581947403e-16,3.697133284275851e-15
585.0,459.8857555269023,-4491423.8276202995,-2190.938452497707,121.86186478724804,0.059444812091340504,-4491301.965755512,150190.66347414991,2.653914596269142e-15,-8.282239968242022e-16,4.001695938731403e-15
590.0,460.51709179638453,-4491423.604452432,-2190.938343635333,122.02915810777888,0.05952641858916043,-4491301.575294324,150190.66347414991,2.9032518057807396e-15,-1.878884002403981e-15,3.495554982533556e-15
595.0,459.01377429111614,-4491423.2471318785,-2190.9381693326236,121.63080466378184,0.059332099835991144,-4491301.616327215,150190.66347414991,3.2013524307577212e-15,-2.2833678148344704e-15,3.8604786700188256e-15
600.0,457.8848477026347,-4491422.807949992,-2190.937955097557,121.33165841359492,0.05918617483589996,-4491301.476291578,150190.66347414991,1.921344929783415e-15,-2.0475018199839162e-15,3.99965008079084e-15
605.0,459.419597087599,-4491422.291849593,-2190.9377033412648,121.73834076847358,0.05938455647242614,-4491300.553508825,150190.66347414991,2.888968958550501e-16,-1.1435242804301198e-15,5.205812395322268e-15
610.0,458.5980870792291,-4491421.713384872,-2190.937421163352,121.52065465761189,0.05927836812566433,-4491300.192730214,150190.66347414991,2.342518306988221e-15,-7.530125658781938e-16,4.156315123025892e-15
615.0,459.9789197052357,-4491421.050424223,-2190.9370977679137,121.88655170213208,0.05945685448884492,-4491299.16387252,150190.66347414991,-2.549973653102811e-16,-8.059482902993254e-16,6.107712059006537e-15
620.0,459.6539666819333,-4491420.353126428,-2190.9367576226477,121.80044470509645,0.059414851075656805,-4491298.552681723,150190.66347414991,-7.240654523563895e-16,-2.0068136112948603e-16,5.823240326025711e-15
625.0,458.2643649834475,-4491419.564555138,-2190.936372953726,121.43222400625139,0.059235231222561656,-4491298.132331132,150190.66347414991,-4.804734222812566e-16,-4.430000651710695e-16,7.926794684235052e-15
630.0,457.1529996739166,-4491418.71530643,-2190.9359586860633,121.13773119482669,0.05909157619259838,-4491297.577575236,150190.66347414991,3.9885457805635515e-17,-6.324321681893867e-16,8.839766849518526e-15
635.0,456.03351693837936,-4491417.841015684,-2190.9355322027727,120.84108740425441,0.05894687190451434,-4491296.99992828,150190.66347414991,-1.3179055445247856e-15,-1.1182222217153233e-15,8.372185348335274e-15
640.0,453.9683872056765,-4491416.918745366,-2190.9350823148125,120.29386332255518,0.0586799333280757,-4491296.624882043,150190.66347414991,-2.382245758507419e-15,-3.8799063159719282e-16,9.523476388849322e-15
645.0,452.7360347912052,-4491415.954611031,-2190.934612005381,119.96731099624867,0.05852063951036521,-4491295.987300036,150190.66347414991,6.149102469124007e-16,-6.712843898832247e-16,9.377231647386461e-15
650.0,452.58389414826416,-4491415.069428763,-2190.934180209153,119.92699632627702,0.05850097381769611,-4491295.142432437,150190.66347414991,-7.211437615130377e-16,-5.36603822599991e-16,8.041323474048435e-15
655.0,451.4887646474983,-4491414.280096108,-2190.933795168833,119.63680572667047,0.05835941742764413,-4491294.643290382,150190.66347414991,-4.723447163691258e-16,-1.6577857290367025e-15,8.682034908486086e-15
660.0,448.98443606056975,-4491413.571792853,-2190.9334496550505,118.97320145544562,0.05803570802704664,-4491294.5985913975,150190.66347414991,-3.6261773869708136e-16,-2.4126336240074643e-15,8.32740059914566e-15
665.0,447.1754391398408,-4491413.036752961,-2190.9331886599807,118.49384819106403,0.0578018771663727,-4491294.54290477,150190.66347414991,1.6686639300532811e-15,-2.4388854748479527e-15,8.016327669017206e-15
670.0,447.9166422687782,-4491412.753055994,-2190.933050271217,118.69025435149177,0.05789768504950818,-4491294.062801643,150190.66347414991,1.857762805379382e-15,-1.8532622030012928e-15,7.626043808083057e-15
675.0,447.9916158739292,-4491412.729313919,-2190.933038689717,118.71012107539815,0.05790737613434056,-4491294.019192844,150190.66347414991,2.9887283135924584e-16,-3.633558177500085e-15,9.307713048070752e-15
680.0,449.4288790245766,-4491412.922599409,-2190.9331329753213,119.09097124443026,0.05809315670460013,-4491293.831628164,150190.66347414991,7.73816105573293e-16,-3.099067099610071e-15,1.021678187693188e-14
685.0,448.9881396451478,-4491413.301495982,-2190.9333178029183,118.97418284205665,0.05803618675222275,-4491294.32731314,150190.66347414991,-2.268469664150836e-15,-3.098305686943158e-15,1.0616228128771452e-14
689.9999999999999,452.5857773380883,-4491413.796548329,-2190.933559291868,119.92749533939269,0.05850121723872814,-4491293.86905299,150190.66347414991,-3.1827027272756126e-15,-3.1380447614091725e-15,1.1400778354680978e-14
694.9999999999999,457.56251151831225,-4491414.36141839,-2190.933834838239,121.24624483416162,0.05914450967520079,-4491293.115173556,150190.66347414991,-4.822018387666263e-15,-3.598666091157375e-15,1.1321483541287412e-14
700.0000000000001,461.841950761701,-4491414.967286435,-2190.934130383627,122.38022308892532,0.059697669799475765,-4491292.587063346,150190.66347414991,-3.522427125922536e-15,-3.153744950248357e-15,1.1862844438648543e-14
705.0000000000001,466.3745080490211,-4491415.510044976,-2190.934395143891,123.58127329900417,0.06028354795073374,-4491291.928771677,150190.66347414991,-3.4854728985486767e-15,-1.8176429149294695e-15,1.2777131751329332e-14
710.0,466.8781341783931,-4491415.867711064,-2190.9345696151536,123.71472561524419,0.06034864664158253,-4491292.152985449,150190.66347414991,-1.4001859201439735e-15,-2.9908008851218714e-15,1.342611148697108e-14
715.0,466.9558743140904,-4491416.036025487,-2190.9346517197496,123.73532542245943,0.06035869532802899,-4491292.300700065,150190.66347414991,-5.501147307209165e-16,-4.605243110374188e-15,1.3115497224640107e-14
720.0,468.2338323827724,-4491416.028529143,-2190.9346480629965,124.07396246763398,0.06052388413055316,-4491291.954566675,150190.66347414991,1.4873121873820498e-15,-3.859669230458464e-15,1.3208912383309366e-14
725.0,469.59868888673327,-4491415.886782765,-2190.934578918422,124.43562611287804,0.06070030542091612,-4491291.4511566525,150190.66347414991,2.799355627407218e-15,-2.8772679406196777e-15,1.0714861332658608e-14
730.0,469.028747900988,-4491415.607803485,-2190.9344428309687,124.28460149316128,0.060626634874712815,-4491291.323201993,150190.66347414991,4.405705403351255e-15,-2.5683589619574573e-15,1.0533700820357638e-14
735.0,470.0064604520746,-4491415.226962367,-2190.9342570548133,124.54367860800865,0.06075301395512617,-4491290.683283759,150190.66347414991,7.852628715425086e-16,-2.6317614789380454e-15,1.0116886157859408e-14
740.0,465.9109058872734,-4491414.749968599,-2190.934024374926,123.4584266500897,0.06022362275614132,-4491291.291541949,150190.66347414991,1.0228364801337032e-15,-3.3261329886144586e-15,1.1521184188866657e-14
745.0,464.81010774437584,-4491414.185735405,-2190.933749139222,123.16673395720746,0.060081333637662174,-4491291.0190014485,150190.66347414991,1.4191916311975536e-15,-3.637554278196079e-15,1.1397551561483697e-14
750.0,464.2744848793052,-4491413.588501791,-2190.9334578057515,123.02480305289967,0.06001209905019496,-4491290.563698738,150190.66347414991,3.807060154703049e-15,-2.6663741759553954e-15,1.1664653677651008e-14
755.0,463.6869541350169,-4491413.025678182,-2190.93318325765,122.86911744781547,0.05993615485259291,-4491290.156560734,150190.66347414991,3.6318229592607555e-15,-1.300948980925018e-15,1.1982416381225368e-14
760.0,462.67278320521984,-4491412.513931701,-2190.93293362522,122.60037948576121,0.059805063163785956,-4491289.913552215,150190.66347414991,3.398674431305954e-15,-1.421546045480958e-15,1.0778394991567425e-14
765.0,462.87555434530753,-4491412.068570463,-2190.9327163758358,122.65411037209364,0.0598312733522408,-4491289.414460091,150190.66347414991,3.321740391921408e-15,-1.3010630173843484e-15,1.1369874035600697e-14
770.0,463.5533776187499,-4491411.677995127,-2190.9325258512813,122.83372195411197,0.059918888758103396,-4491288.844273172,150190.66347414991,4.35228041865942e-15,-1.4881942155347931e-15,1.0851018233488402e-14
775.0,466.00627304738254,-4491411.359973626,-2190.932370718842,123.48369731749068,0.060235949910971066,-4491287.876276309,150190.66347414991,3.919337053395984e-15,-1.921267406921159e-15,1.1800728340649555e-14
780.0,467.81302987174854,-4491411.168120613,-2190.9322771320067,123.96245699462412,0.06046949121688981,-4491287.205663619,150190.66347414991,4.26518287983706e-15,-3.007348452574233e-15,1.2140295144199196e-14
784.9999999999999,467.50204505097145,-4491411.052898914,-2190.932220926299,123.88005133251136,0.06042929333293237,-4491287.172847581,150190.66347414991,3.888888441551257e-15,-4.258065085892119e-15,1.1543727881070959e-14
789.9999999999999,468.12579686150923,-4491411.025260545,-2190.9322074441684,124.04533490105648,0.06050991946392999,-4491286.979925645,150190.66347414991,2.2915556326143873e-15,-4.0947008950983985e-15,1.0775026529999514e-14
795.0000000000001,468.61515894456846,-4491411.081819355,-2190.9322350338316,124.17500748882655,0.06057317438479344,-4491286.906811866,150190.66347414991,3.972371463214613e-15,-3.8285767512202875e-15,9.055715938145274e-15
800.0000000000001,471.77133401642214,-4491411.2402240895,-2190.9323123044337,125.01133993711134,0.060981141432737244,-4491286.228884152,150190.66347414991,5.597711626563008e-15,-5.937359571439481e-15,9.626776754135454e-15
805.0,475.5180683695209,-4491411.484305681,-2190.9324313686247,126.00416050100974,0.06146544414683402,-4491285.48014518,150190.66347414991,6.878774403387886e-15,-6.7759464122044425e-15,1.0219887835342448e-14
810.0,474.9009405270805,-4491411.717659601,-2190.932545199805,125.84063217079269,0.06138567422965497,-4491285.877027431,150190.66347414991,6.299433663246793e-15,-5.526676123037322e-15,1.078594283411625e-14
815.0,477.9015451817932,-4491411.900151613,-2190.932634220299,126.63574111756502,0.06177353225247074,-4491285.264410496,150190.66347414991,4.816981622041048e-15,-6.322317271820254e-15,1.0510067476889302e-14
820.0,478.24948292020474,-4491412.047739453,-2190.932706214367,126.72793867124682,0.06181850666890089,-4491285.319800781,150190.66347414991,3.091867890212195e-15,-4.855537348940627e-15,1.0739726982615582e-14
825.0,479.5452723181439,-4491412.121000228,-2190.932741951331,127.0713007138991,0.06198600034824347,-4491285.049699514,150190.66347414991,1.8632101296707962e-15,-5.686892962378747e-15,1.0715925380544513e-14
830.0,481.09128779350095,-4491412.07630304,-2190.932720147824,127.48096839017036,0.06218583823910749,-4491284.595334649,150190.66347414991,1.6826395367459777e-15,-6.844405130351029e-15,1.1890260557878617e-14
835.0,482.420716482979,-4491411.908412713,-2190.9326382501035,127.8332442701133,0.062357680131762586,-4491284.075168443,150190.66347414991,1.4525692256400032e-15,-7.546738139295765e-15,1.1664661791783691e-14
840.0,481.7324390230927,-4491411.650691357,-2190.9325125323694,127.65086250737164,0.06226871341823007,-4491283.99982885,150190.66347414991,1.2073171529830308e-15,-7.829048552420956e-15,1.2383840178780347e-14
845.0,481.6889273137326,-4491411.3104062835,-2190.9323465396506,127.63933264809903,0.062263089096633674,-4491283.671073635,150190.66347414991,-1.8546271316991236e-15,-8.326226462216324e-15,1.3170759292831576e-14
850.0,483.5563090977929,-4491410.9724203115,-2190.9321816684446,128.13415690334173,0.06250446678211792,-4491282.838263408,150190.66347414991,-3.0151388971535604e-15,-8.134183801482877e-15,1.3028661092470672e-14
855.0,482.84600020091585,-4491410.7053332515,-2190.932051382074,127.94593718636173,0.062412652286030115,-4491282.759396065,150190.66347414991,-3.686004860951396e-15,-7.593663265106655e-15,1.3290358538368376e-14
860.0,484.0218486887204,-4491410.5415212,-2190.931971473756,128.25751693787404,0.06256464240871905,-4491282.284004262,150190.66347414991,-4.09472468924424e-15,-6.308139908314896e-15,1.2306260298294402e-14
865.0,485.49950371067604,-4491410.463847039,-2190.931933583922,128.6490702624197,0.06275564403044864,-4491281.814776777,150190.66347414991,-4.602229477635501e-15,-6.5454168850487795e-15,1.1734017889144854e-14
870.0,487.7061305617593,-4491410.440265335,-2190.9319220806515,129.23378866200252,0.06304087251805002,-4491281.2064766735,150190.66347414991,-4.901121778801295e-15,-6.830911546999886e-15,1.312962217523435e-14
874.9999999999999,488.74683743744106,-4491410.439830452,-2190.931921868513,129.50955819616038,0.06317539424202946,-4491280.930272256,150190.66347414991,-4.66011646774996e-15,-7.0919155635045085e-15,1.3750514045627781e-14
879.9999999999999,490.435953385188,-4491410.476518004,-2190.93193976488,129.957145051723,0.06339372929352341,-4491280.519372952,150190.66347414991,-6.983320836293084e-15,-7.31302392471242e-15,1.3441313643504228e-14
885.0000000000001,491.2745082444837,-4491410.530316887,-2190.931966008238,130.1793477567472,0.06350212085694985,-4491280.350969131,150190.66347414991,-6.0457481558205775e-15,-6.853352167789026e-15,1.1674562349462396e-14
890.0000000000001,492.93464289368376,-4491410.560393661,-2190.931980679835,130.61925506354703,0.0637167097870961,-4491279.941138598,150190.66347414991,-6.68200975603463e-15,-6.443769390520288e-15,1.2526584000941767e-14
895.0,492.5056721434407,-4491410.582614033,-2190.9319915190404,130.5055851467567,0.06366126104719838,-4491280.0770288855,150190.66347414991,-5.095423567584342e-15,-6.667356948214218e-15,1.260880735833129e-14
900.0,491.5253200888436,-4491410.626335518,-2190.9320128465943,130.2458086085938,0.0635345407846799,-4491280.38052691,150190.66347414991,-6.4154394445093885e-15,-6.107291001310548e-15,1.1297119213149724e-14
905.0,491.81940134061085,-4491410.691230445,-2190.932044502656,130.32373511383696,0.06357255371406681,-4491280.367495331,150190.66347414991,-4.5401081164153126e-15,-5.986490864136647e-15,1.0351378890578566e-14
910.0,491.5302064841765,-4491410.807254422,-2190.9321010997182,130.2471034198381,0.06353517239992103,-4491280.560151002,150190.66347414991,-7.083733447547558e-15,-6.318347487230259e-15,1.1345425934525577e-14
915.0,493.63658815603327,-4491411.05260531,-2190.9322207830783,130.80525856032958,0.06380744320016077,-4491280.24734675,150190.66347414991,-8.81734289559652e-15,-6.837868648222569e-15,1.1864990955694552e-14
920.0,494.2359145916642,-4491411.382396161,-2190.932381656664,130.96406982200608,0.06388491210829565,-4491280.418326339,150190.66347414991,-8.693951060583455e-15,-7.37058996798413e-15,1.1081371004132103e-14
925.0,498.2941503111334,-4491411.735604768,-2190.9325539535453,132.03943292377062,0.06440947947501006,-4491279.696171844,150190.66347414991,-8.50347596256403e-15,-8.661384879409316e-15,1.0721657467032927e-14
930.0,501.41461560080785,-4491412.032906296,-2190.932698978681,132.86630289013416,0.06481283067811423,-4491279.166603406,150190.66347414991,-5.7418752026430905e-15,-8.670920081816397e-15,1.0591573007662472e-14
935.0,500.9728899507214,-4491412.181741721,-2190.9327715813274,132.74925314289376,0.06475573324043599,-4491279.432488578,150190.66347414991,-8.554608156520678e-15,-9.482278524907413e-15,9.427851115877887e-15
940.0,502.8050882229169,-4491412.152151054,-2190.9327571468557,133.23475436885346,0.06499256310675779,-4491278.917396685,150190.66347414991,-7.784177837285078e-15,-9.451222011014102e-15,9.966412308512019e-15
945.0,500.68651921693976,-4491411.875484537,-2190.932622187579,132.6733697931276,0.06471871697225737,-4491279.202114744,150190.66347414991,-6.226634542017388e-15,-9.984168114181073e-15,9.817143078916745e-15
950.0,501.0513629577179,-4491411.377446772,-2190.9323792423274,132.77004714847695,0.06476587665779364,-4491278.607399623,150190.66347414991,-7.388212109764795e-15,-1.1537200938530924e-14,1.0485359888043985e-14
955.0,499.9068879103142,-4491410.725576101,-2190.9320612566344,132.4667808224319,0.06461794186460093,-4491278.258795278,150190.66347414991,-6.1979499864781475e-15,-1.0739587178302462e-14,1.0060087667679347e-14
960.0,495.86039823879344,-4491409.9916374,-2190.931703237756,131.39453022260872,0.06409489279151645,-4491278.597107178,150190.66347414991,-7.376865043459663e-15,-1.0778297841276112e-14,1.0312546844565994e-14
965.0,496.11802443046787,-4491409.229854836,-2190.9313316365055,131.46279676002194,0.06412819354147412,-4491277.767058076,150190.66347414991,-7.560599270927365e-15,-1.0664824108012416e-14,9.064519552805574e-15
969.9999999999999,493.95024780408056,-4491408.495063463,-2190.9309732016895,130.88837300595046,0.06384798683217095,-4491277.606690457,150190.66347414991,-5.610110898506346e-15,-1.1353669619205521e-14,7.894658113491352e-15
974.9999999999999,491.01990702929606,-4491407.811043112,-2190.930639533225,130.1118827863997,0.06346921111531692,-4491277.699160325,150190.66347414991,-4.991750281146112e-15,-1.1347891534356828e-14,8.487263486861393e-15
980.0000000000001,493.20442123602595,-4491407.251171422,-2190.930366425084,130.69074171318107,0.06375158132350296,-4491276.560429709,150190.66347414991,-7.779924715953824e-15,-1.1666756663471677e-14,7.774982112645389e-15
985.0000000000001,491.6601968706796,-4491406.805503631,-2190.9301490261614,130.28154865044877,0.06355197495143843,-4491276.523954981,150190.66347414991,-1.0442563759264384e-14,-1.2803078773941996e-14,8.493247769365635e-15
990.0,492.5470736769113,-4491406.459190353,-2190.929980092855,130.51655584548598,0.06366661260755414,-4491275.942634507,150190.66347414991,-1.0918916418577204e-14,-1.2087698458943688e-14,7.506973625927285e-15
995.0,494.0322901036679,-4491406.19874002,-2190.9298530439123,130.9101128130634,0.06385859161612849,-4491275.288627207,150190.66347414991,-8.167643853057457e-15,-1.0833159246753742e-14,8.64991105719362e-15
1000.0,491.6147513252224,-4491405.9630673835,-2190.9297380816506,130.2695063576638,0.06354610066227502,-4491275.693561026,150190.66347414991,-9.417955382818616e-15,-1.0582887815479169e-14,7.486229516771568e-15
1005.0,490.43432306745,-4491405.731272981,-2190.92962501121,129.95671304538803,0.06339351855872587,-4491275.774559936,150190.66347414991,-8.768493185233546e-15,-1.1350214588613917e-14,7.53307043104326e-15
1010.0,489.96346680810507,-4491405.507084699,-2190.929515651073,129.83194418459829,0.06333265569980404,-4491275.675140515,150190.66347414991,-5.240557769374032e-15,-1.2294956653564168e-14,8.00705244780731e-15
1015.0,491.9658901280312,-4491405.277139052,-2190.9294034824643,130.36255213869788,0.0635914888481453,-4491274.914586913,150190.66347414991,-2.245995435501327e-15,-1.1894365870414509e-14,7.786713832699877e-15
1020.0,491.80978019404387,-4491405.071090227,-2190.9293029708424,130.3211856744426,0.06357131008509395,-4491274.7499045525,150190.66347414991,-7.8470242072255465e-16,-1.2446026891663767e-14,8.848969591786482e-15
1025.0,491.36858286591115,-4491404.903192584,-2190.9292210695535,130.20427592348977,0.06351428093828769,-4491274.698916661,150190.66347414991,-4.126154891842741e-16,-1.1898041353219077e-14,1.0058624492185785e-14
1030.0,491.30139809018226,-4491404.811628766,-2190.9291764042764,130.18647310625258,0.06350559663719638,-4491274.62515566,150190.66347414991,-1.9601060319602303e-15,-1.1851962728817832e-14,9.265632936675216e-15
1035.0,494.4453443203868,-4491404.813825118,-2190.9291774756675,131.0195651205173,0.0639119829856182,-4491273.794259998,150190.66347414991,-8.926230170186303e-16,-1.275660869746401e-14,9.310417247263064e-15
1040.0,495.6428376956689,-4491404.874878853,-2190.929207257977,131.33688039725394,0.06406677092548972,-4491273.537998456,150190.66347414991,-4.9428103284696496e-15,-1.3208615011311574e-14,8.681543400381328e-15
1045.0,496.84217539825227,-4491404.981226305,-2190.9292591347826,131.65468438920192,0.06422179726302532,-4491273.326541916,150190.66347414991,-3.530860889643104e-15,-1.3641183372064519e-14,9.85248824088441e-15
1050.0,499.34249805081674,-4491405.107384631,-2190.92932067543,132.31722715629024,0.06454498885672695,-4491272.7901574755,150190.66347414991,-4.939926960455659e-15,-1.4055895377693405e-14,9.79634107432783e-15
1055.0,501.3912135385408,-4491405.142659846,-2190.9293378828515,132.8601017436245,0.06480980572859732,-4491272.282558102,150190.66347414991,-6.547975249153679e-15,-1.3982005015268562e-14,1.0150269454124824e-14
1060.0,504.1186845577261,-4491405.082597709,-2190.9293085842482,133.58283494541783,0.06516235850995991,-4491271.499762764,150190.66347414991,-7.25955047452537e-15,-1.4010438251995509e-14,1.0681774092585683e-14
1065.0,502.47943559394986,-4491404.883894424,-2190.9292116558167,133.14846198827445,0.0649504692625729,-4491271.735432436,150190.66347414991,-8.706974024238976e-15,-1.3389823769806876e-14,1.1436512117813899e-14
1070.0,502.13520228480485,-4491404.555828222,-2190.929051623523,133.0572460450317,0.06490597368050326,-4491271.498582177,150190.66347414991,-9.067050833251382e-15,-1.3632580472537685e-14,1.0037871610994734e-14
1075.0,503.368685127758,-4491404.116809501,-2190.9288374680496,133.38409791556447,0.06506541361734852,-4491270.732711586,150190.66347414991,-9.622216172965774e-15,-1.3973191970670278e-14,1.0084185325942908e-14
1080.0,501.5302803825335,-4491403.583692847,-2190.928577411145,132.8969520803339,0.0648277815026019,-4491270.686740766,150190.66347414991,-7.45935945674098e-15,-1.4562947967663247e-14,9.583097719999577e-15
1085.0,498.4950727731103,-4491402.968027253,-2190.9282770864647,132.09267394200154,0.06443545070341539,-4491270.87535331,150190.66347414991,-1.0901506998653365e-14,-1.5477738795172156e-14,8.29017602860788e-15
1090.0,497.43455855072614,-4491402.3634352535,-2190.927982163538,131.8116557995173,0.06429836868269137,-4491270.551779454,150190.66347414991,-1.0727075514656417e-14,-1.6585668349229385e-14,7.594747488673826e-15
1095.0,495.9669309632392,-4491401.838355961,-2190.9277260272984,131.4227595737156,0.06410866320669054,-4491270.415596387,150190.66347414991,-1.0504330730257116e-14,-1.7064026295819352e-14,7.538791552487509e-15
1100.0,497.2417170515331,-4491401.439913155,-2190.9275316649537,131.76055609830323,0.0642734419991723,-4491269.6793570565,150190.66347414991,-1.2213833748007183e-14,-1.6200627314512946e-14,8.629494583557594e-15
1105.0,496.93094707890333,-4491401.182786965,-2190.927406237544,131.67820736727728,0.06423327188647672,-4491269.504579597,150190.66347414991,-1.2804366289428012e-14,-1.6875090690000888e-14,9.467472864371322e-15
1110.0,497.23656046412185,-4491401.076381807,-2190.927354332589,131.7591896907763,0.06427277545891527,-4491269.317192117,150190.66347414991,-1.2787729247215252e-14,-1.635407301978075e-14,9.668674215307788e-15
1115.0,498.1961406468488,-4491401.0921398485,-2190.927362019438,132.01346203792917,0.06439681075020935,-4491269.078677811,150190.66347414991,-1.1991095981236146e-14,-1.658748372194157e-14,9.429885899123841e-15
1120.0,499.0697925344935,-4491401.2210326865,-2190.9274248939932,132.24496485558288,0.06450973895394287,-4491268.976067831,150190.66347414991,-1.0939605263910324e-14,-1.708797482948225e-14,9.358227032837297e-15
1125.0,499.7901395859391,-4491401.39969651,-2190.9275120470784,132.4358445119501,0.06460285098143907,-4491268.963851999,150190.66347414991,-1.3552820028543592e-14,-1.7030880283109696e-14,9.443858764555496e-15
1130.0,502.03209406422576,-4491401.693021983,-2190.9276551326748,133.0299241289174,0.06489264591654507,-4491268.663097854,150190.66347414991,-1.4929326935810278e-14,-1.6410068430126068e-14,9.21749946299719e-15
1135.0,502.51552587564515,-4491401.974217978,-2190.927792301453,133.1580252960639,0.06495513429076287,-4491268.816192682,150190.66347414991,-1.7152282620509214e-14,-1.53364002530711e-14,7.947849104140677e-15
1140.0,503.41251799659756,-4491402.214372809,-2190.9279094501508,133.39571287660982,0.06507107945200478,-4491268.818659932,150190.66347414991,-1.501082616168305e-14,-1.4760653854407744e-14,6.871091416241389e-15
1145.0,505.85650252738293,-4491402.3485119855,-2190.9279748838953,134.04332700436524,0.06538698878261719,-4491268.305184981,150190.66347414991,-1.2114545711682412e-14,-1.540719759583749e-14,7.971659916848847e-15
1150.0,507.59777039374853,-4491402.317779079,-2190.9279598922335,134.5047332269744,0.065612064988768,-4491267.813045852,150190.66347414991,-1.0374792330086146e-14,-1.3892349550943069e-14,7.9293550220479e-15
1155.0,507.05603309109114,-4491402.11780403,-2190.9278623434293,134.3611821012149,0.06554204004937311,-4491267.756621929,150190.66347414991,-9.006958334153298e-15,-1.504366904574673e-14,7.28558762980108e-15
1160.0,506.84084489664315,-4491401.743370161,-2190.9276796927616,134.3041609077109,0.06551422483302971,-4491267.4392092535,150190.66347414991,-1.0757228947512185e-14,-1.435878739801977e-14,6.15078977012033e-15
1165.0,504.29293098418947,-4491401.197022941,-2190.9274131819225,133.62900727018794,0.06518488159521363,-4491267.56801567,150190.66347414991,-1.2720392033786003e-14,-1.5250117636331184e-14,6.189006019252517e-15
1170.0,503.3040930607266,-4491400.56078188,-2190.9271028204294,133.3669821218172,0.06505706444966693,-4491267.193799758,150190.66347414991,-1.432242136645418e-14,-1.546253159471869e-14,6.731933602124141e-15
1175.0,501.1917857611589,-4491399.868118215,-2190.926764935715,132.8072567912639,0.06478402770305557,-4491267.060861425,150190.66347414991,-1.54344974855994e-14,-1.487413504390147e-14,7.910939011069587e-15
1180.0,498.83057505140437,-4491399.191118453,-2190.926434691928,132.18157631130072,0.06447881771282962,-4491267.009542141,150190.66347414991,-1.35575604364376e-14,-1.5255251031408114e-14,6.72405192837735e-15
1185.0,495.2302280734692,-4491398.563005655,-2190.9261282954417,131.22754589974855,0.06401343702426758,-4491267.335459756,150190.66347414991,-1.2355038955171176e-14,-1.559406826453854e-14,6.24568915716795e-15
1190.0,494.02406103890246,-4491398.048413355,-2190.925877274807,130.9079322515528,0.06385752792758674,-4491267.140481103,150190.66347414991,-1.0952007167464262e-14,-1.535441625923822e-14,6.2284503533313395e-15
1195.0,494.0185756909674,-4491397.699330119,-2190.925706990302,130.9064787281063,0.06385681889175916,-4491266.792851391,150190.66347414991,-1.0388913552565371e-14,-1.5644454835491874e-14,6.75537598934832e-15
1200.0,494.5709447599518,-4491397.495033952,-2190.9256073336355,131.0528470902229,0.06392821809279166,-4491266.442186862,150190.66347414991,-1.2986536024394055e-14,-1.473182806909964e-14,4.256215447416914e-15
1205.0,496.4131836863503,-4491397.404974124,-2190.925563402012,131.54100891793024,0.06416634581362451,-4491265.863965207,150190.66347414991,-1.1833898476456376e-14,-1.4181261797859952e-14,3.815260034031548e-15
1210.0,496.3495848397547,-4491397.453897492,-2190.925587267069,131.5241563106222,0.0641581250295718,-4491265.929741181,150190.66347414991,-1.2601964732169704e-14,-1.3776653422527733e-14,2.9999159070364965e-15
1215.0,497.0345513471326,-4491397.580236594,-2190.9256488958995,131.70566072754036,0.06424666376953188,-4491265.874575866,150190.66347414991,-1.3480305998462513e-14,-1.468625208232298e-14,2.7854593802216753e-15
1220.0,499.83672061426176,-4491397.713171826,-2190.925713742354,132.4481876882866,0.06460887204306663,-4491265.264984137,150190.66347414991,-1.397284350156667e-14,-1.4449123791587992e-14,1.866464554779377e-15
1225.0,500.57987587633085,-4491397.869459827,-2190.925789980404,132.64511113062812,0.06470493225884298,-4491265.224348697,150190.66347414991,-1.272903994481914e-14,-1.3792794844744172e-14,2.302179444606306e-15
1230.0,501.13681840157045,-4491398.045008597,-2190.9258756139498,132.79269138048227,0.06477692262462549,-4491265.252317216,150190.66347414991,-1.2569108635227808e-14,-1.3194437647806217e-14,1.900738651232869e-15
1235.0,502.93697098663455,-4491398.20869031,-2190.925955458688,133.2697010470812,0.06500961026686888,-4491264.938989263,150190.66347414991,-1.2891214702446912e-14,-1.3277936239832289e-14,9.905610371056369e-16
1240.0,504.61914553853495,-4491398.403172921,-2190.9260503282544,133.71544855138774,0.06522704807384767,-4491264.68772437,150190.66347414991,-1.4145283294941237e-14,-1.234625200737801e-14,1.643561873744079e-15
1245.0,507.19851218602207,-4491398.523667657,-2190.926109106174,134.3989366261003,0.06556045689078063,-4491264.12473103,150190.66347414991,-1.1870790257903707e-14,-1.1722787052307885e-14,2.3368842479946535e-15
1250.0,509.57911173909076,-4491398.627503,-2190.926159757561,135.0297548181451,0.065868173082022,-4491263.597748182,150190.66347414991,-1.2064244503597915e-14,-1.0505553551982551e-14,2.3326333196722326e-15
1255.0,509.40032972191216,-4491398.717463968,-2190.92620364096,134.98238063935835,0.06584506372651627,-4491263.735083329,150190.66347414991,-1.19664759482685e-14,-9.439391605562116e-15,2.501868688539618e-15
1260.0,512.3819501467865,-4491398.734101512,-2190.926211756835,135.77245908970443,0.0662304678486363,-4491262.961642422,150190.66347414991,-1.0043364659520323e-14,-8.983874723174243e-15,2.2988802821175267e-15
1265.0,511.4432983378536,-4491398.646032693,-2190.9261687964354,135.5237324038965,0.06610913775799829,-4491263.122300289,150190.66347414991,-9.166688325533736e-15,-8.80245499722918e-15,1.6883413597124934e-15
1270.0,511.1621202521526,-4491398.533558021,-2190.9261139307423,135.4492250171183,0.06607279269127722,-4491263.084333004,150190.66347414991,-8.648304897524129e-15,-7.425029657863121e-15,2.8257708299931748e-15
1275.0,511.0698999407322,-4491398.439817731,-2190.926068203771,135.4247882108335,0.06606087229796756,-4491263.015029521,150190.66347414991,-9.92409743552088e-15,-6.140772105769928e-15,2.4286958786050223e-15
1280.0,510.44922660419894,-4491398.363987352,-2190.9260312133424,135.2603203852819,0.0659806440903814,-4491263.103666967,150190.66347414991,-8.486393739558116e-15,-6.961602154011859e-15,1.2433254808218772e-15
1285.0,511.640900303595,-4491398.3018499315,-2190.9260009024056,135.57609354737937,0.06613467977920945,-4491262.725756384,150190.66347414991,-8.403789675835138e-15,-7.118629481306169e-15,1.337193276514325e-15
1290.0,513.3149301286396,-4491398.223054269,-2190.9259624654974,136.01968283827986,0.0663510647991609,-4491262.203371431,150190.66347414991,-6.656286201022077e-15,-5.6566250544618816e-15,2.043659668508018e-15
1295.0,515.2689025868435,-4491398.071469143,-2190.925888521533,136.5374521421515,0.0666036351912934,-4491261.534017001,150190.66347414991,-3.6298497995630165e-15,-5.992167686802463e-15,1.0148551889606603e-15
1300.0,515.3633073224236,-4491397.771399494,-2190.9257421460948,136.56246778350214,0.06661583794317177,-4491261.208931711,150190.66347414991,-4.416593472907584e-15,-5.047791415725603e-15,2.3924963203959143e-15
1305.0000000000002,513.2153998935041,-4491397.355964255,-2190.925539494758,135.99330902715272,0.06633819952544034,-4491261.362655227,150190.66347414991,-4.579959472933591e-15,-4.597872846287317e-15,1.5320912347486975e-15
1310.0,513.2675298700226,-4491396.856057097,-2190.9252956376085,136.00712257991776,0.06634493784386232,-4491260.848934517,150190.66347414991,-5.962219080971722e-15,-5.504131992231252e-15,7.645723540401544e-16
1315.0000000000002,510.4021326543876,-4491396.27777569,-2190.925013549117,135.2478412935178,0.06597455672854527,-4491261.029934396,150190.66347414991,-6.042736716090724e-15,-4.853711888387809e-15,1.0348330608300313e-15
1320.0,510.67877495926854,-4491395.644238403,-2190.924704506538,135.32114677590488,0.06601031550044141,-4491260.323091627,150190.66347414991,-5.0101795598278656e-15,-5.555954545368614e-15,1.4429634083484908e-15
1325.0,506.94794391274246,-4491395.047620272,-2190.9244134733035,134.33254031642684,0.06552806844703749,-4491260.715079956,150190.66347414991,-3.775779624957419e-15,-5.6256983666915e-15,2.2861391200970806e-15
1330.0,504.6814385698014,-4491394.488205406,-2190.924140588003,133.73195513995273,0.06523510006826963,-4491260.756250266,150190.66347414991,-2.8545615271599454e-15,-5.2246145951561206e-15,2.743068080872698e-15
1335.0,503.2322601529598,-4491394.061854377,-2190.9239326118914,133.3479476290364,0.06504777933123727,-4491260.713906748,150190.66347414991,-2.626342554111022e-15,-5.912872873408896e-15,3.758642028478464e-15
1340.0,506.1587585811639,-4491393.812666276,-2190.92381105672,134.12341969241726,0.065426058386545,-4491259.689246583,150190.66347414991,-1.941241550675513e-15,-5.585247441558205e-15,2.9006070919530304e-15
1345.0,508.1487813802955,-4491393.771958647,-2190.92379119934,134.6507417204576,0.06568328864412566,-4491259.121216927,150190.66347414991,-1.3145936625847734e-15,-5.712919591212057e-15,2.1929190295635405e-15
1350.0,512.173879685277,-4491393.936600404,-2190.923871512392,135.71732397377193,0.06620357267013265,-4491258.21927643,150190.66347414991,-8.10777652114133e-16,-6.306876241799942e-15,1.2379276088796534e-15
1355.0,514.5653396436177,-4491394.274136028,-2190.9240361639163,136.35101998758634,0.06651269267687139,-4491257.92311604,150190.66347414991,-1.932148828919461e-15,-6.073755510232102e-15,5.444703645858326e-16
1360.0,518.1262723795014,-4491394.692164018,-2190.9242400800085,137.29460629866824,0.0669729786822772,-4491257.39755772,150190.66347414991,-3.565812680651299e-15,-6.717793081167182e-15,1.7564237575432905e-15
1365.0,520.4256247421831,-4491395.080251643,-2190.9244293910456,137.9038953739481,0.06727019286534054,-4491257.176356269,150190.66347414991,-3.589831226121201e-15,-6.0182041841755235e-15,2.1183421457234403e-15
1370.0,522.2003138895126,-4491395.406779546,-2190.9245886729495,138.3741576647718,0.06749958910476672,-4491257.032621882,150190.66347414991,-6.016248678198892e-15,-5.589935436541097e-15,1.7841083010545576e-15
1375.0,523.5936672285254,-4491395.670005828,-2190.9247170760136,138.74337248423296,0.06767969389474779,-4491256.926633344,150190.66347414991,-4.207486571840654e-15,-5.429622762713659e-15,1.78665833172589e-15
1379.9999999999998,523.4991515718888,-4491395.857829046,-2190.9248086970956,138.7183274506982,0.06766747680521865,-4491257.139501596,150190.66347414991,-4.068266914874307e-15,-4.766602068715982e-15,1.333626566947886e-15
1385.0,524.1443382449293,-4491395.9484415455,-2190.924852898315,138.8892908914391,0.06775087360558005,-4491257.059150654,150190.66347414991,-3.7059261531928685e-15,-4.058144424701675e-15,1.2597783102926415e-16
1389.9999999999998,524.5700883938973,-4491395.939128561,-2190.9248483553956,139.00210740393848,0.06780590605070169,-4491256.937021157,150190.66347414991,-5.502487674208063e-15,-6.194401259584141e-15,3.658438739917126e-16
1395.0,524.4262212328065,-4491395.84137958,-2190.924800672966,138.9639850652457,0.06778730978792473,-4491256.877394515,150190.66347414991,-4.590981096727866e-15,-5.578542536351349e-15,-2.1198500585972003e-17
1400.0000000000002,521.7623683800598,-4491395.653195391,-2190.9247088758007,138.2581095901886,0.06744298028789689,-4491257.395085801,150190.66347414991,-4.508361681943054e-15,-6.270703493123821e-15,1.2699187831377064e-16
1405.0,522.051381382729,-4491395.409421067,-2190.924589961496,138.33469309604797,0.06748033809563315,-4491257.074727971,150190.66347414991,-2.7809176589279623e-15,-6.268854348075603e-15,1.7126083182579842e-16
1410.0000000000002,521.3611063589076,-4491395.132530782,-2190.9244548930646,138.15178201300614,0.06739111317707616,-4491256.98074877,150190.66347414991,-2.526611091400163e-15,-6.956044192424806e-15,6.72606335607923e-16
1415.0,518.7476474069202,-4491394.832143315,-2190.924308362593,137.45926006031112,0.06705329759039567,-4491257.372883255,150190.66347414991,-1.4904714359072662e-15,-7.36083151727782e-15,3.908196129921179e-16
1420.0,519.4901632762675,-4491394.595568627,-2190.924192960306,137.65601407450998,0.06714927515829755,-4491256.939554553,150190.66347414991,-6.000107255982452e-16,-7.51427108212089e-15,2.0262699856636785e-16
1425.0,520.5325156087767,-4491394.452788779,-2190.9241233115995,137.93221962660274,0.06728400957395256,-4491256.520569152,150190.66347414991,-1.2261246160380826e-15,-6.677911022525238e-15,-7.269324276293511e-16
1430.0,521.2610410940907,-4491394.314169546,-2190.9240556924615,138.12526642815826,0.06737817874544305,-4491256.188903118,150190.66347414991,1.0432340390685423e-15,-6.069101068284359e-15,-3.008556361839601e-15
1435.0,522.0523606918333,-4491394.23205313,-2190.924015635673,138.33495259622214,0.06748046468108397,-4491255.897100533,150190.66347414991,-1.683507529642188e-15,-6.352265877650994e-15,-3.319155273108743e-15
1440.0,521.6865524992481,-4491394.150098104,-2190.9239756576117,138.23801967762847,0.06743318033055047,-4491255.912078426,150190.66347414991,-8.082991957685965e-18,-6.0525543780355306e-15,-3.4832243517666988e-15
1445.0,520.6035512806419,-4491394.090745655,-2190.9239467051975,137.95104286549605,0.06729319164170539,-4491256.1397027895,150190.66347414991,1.3216542738243863e-15,-6.6409693501269494e-15,-2.0013430959350342e-15
1450.0,522.0506092095692,-4491394.067202753,-2190.923935220855,138.3344884833587,0.06748023828456523,-4491255.73271427,150190.66347414991,2.574248945081868e-15,-6.4454205068708606e-15,-2.510067471363701e-16
1455.0,522.7830901519943,-4491394.027094132,-2190.923915655674,138.52858341344145,0.06757491873826413,-4491255.498510719,150190.66347414991,1.2067250405980464e-17,-5.275912580580563e-15,1.156998126701763e-15
1460.0,525.7859574662326,-4491393.956631812,-2190.9238812838107,139.32429192631437,0.06796306923234847,-4491254.632339886,150190.66347414991,2.412834503616592e-15,-5.935602094160494e-15,9.7697490878173e-16
1465.0,527.7842439187299,-4491393.884210234,-2190.9238459562116,139.8538036812532,0.06822136764939181,-4491254.030406552,150190.66347414991,1.7936421876563385e-15,-5.983810130138851e-15,1.0709734078006411e-15
1470.0,528.4526388540336,-4491393.7578457035,-2190.923784314977,140.03091691481518,0.06830776434869033,-4491253.726928788,150190.66347414991,3.599994095068975e-15,-5.3644496104010844e-15,5.610558710910102e-16
1474.9999999999998,530.5402300662685,-4491393.597373936,-2190.9237060360665,140.58409290467583,0.06857760629496382,-4491253.0132810315,150190.66347414991,1.3319046164119983e-15,-5.976388549645281e-15,9.07730216269297e-17
1480.0,529.1524952590102,-4491393.446537714,-2190.9236324574217,140.21636690009692,0.06839822775614483,-4491253.230170814,150190.66347414991,1.0289851834752195e-15,-5.853368868231222e-15,-4.1630500724537637e-16
1484.9999999999998,528.550703864703,-4491393.348565769,-2190.923584666229,140.0569024665026,0.06832044022756224,-4491253.291663303,150190.66347414991,1.0653733404439892e-15,-5.2160638344142975e-15,-6.007247692743596e-16
1490.0,529.9581378145234,-4491393.212127722,-2190.923518111084,140.42984840716016,0.06850236507666349,-4491252.7822793145,150190.66347414991,1.7310309082627962e-15,-4.1053859468619864e-15,-5.486065985462731e-16
1495.0000000000002,527.6720860119808,-4491393.110335351,-2190.923468456269,139.8240837529823,0.068206870123406,-4491253.286251598,150190.66347414991,5.231755909120799e-16,-4.1617021395743916e-15,-2.882490810457006e-16
1500.0,527.662546572359,-4491392.982033828,-2190.92340587016,139.82155596453185,0.0682056370558692,-4491253.160477864,150190.66347414991,1.6167115507929901e-15,-3.906312335333395e-15,-3.5273055837225984e-16
1505.0000000000002,526.3746045316335,-4491392.809742637,-2190.923321825677,139.4802733374131,0.06803915772556737,-4491253.3294693,150190.66347414991,1.222967121919933e-15,-3.645016648653948e-15,-4.639854052984472e-16
1510.0,526.0986440685328,-4491392.545745319,-2190.923193046497,139.4071485314437,0.06800348708850913,-4491253.138596787,150190.66347414991,3.350006082773493e-15,-3.7928543917333e-15,-1.706752984673139e-15
1515.0,523.711449060232,-4491392.216436869,-2190.923032408229,138.77458265649275,0.06769491836902086,-4491253.441854213,150190.66347414991,3.4362022949653774e-15,-3.73544975391172e-15,-1.6118781593244515e-15
1520.0,521.7415623588189,-4491391.813011552,-2190.9228356153913,138.252596350179,0.06744029090252635,-4491253.560415202,150190.66347414991,3.9121281947592415e-15,-3.1992639187953513e-15,-2.3155015346666865e-15
1525.0,522.247935950479,-4491391.384484389,-2190.9226265777506,138.3867766969654,0.06750574473022702,-4491252.997707692,150190.66347414991,5.830842500796702e-15,-3.3583807449060047e-15,-4.004114827474506e-15
1530.0,522.875413874519,-4491390.941667496,-2190.9224105695102,138.55304762190138,0.06758685249848848,-4491252.388619875,150190.66347414991,4.854690408929216e-15,-3.3556087817407446e-15,-5.902283053053893e-15
1535.0,523.4901252235517,-4491390.555719857,-2190.9222223023694,138.7159356226684,0.06766631005983825,-4491251.839784235,150190.66347414991,3.848960110422931e-15,-2.1974764308704116e-15,-6.288308529435588e-15
1540.0,522.8818844697597,-4491390.275026435,-2190.9220853787488,138.5547622190439,0.06758768888733849,-4491251.720264216,150190.66347414991,2.7202511397677686e-15,-2.3457448808846188e-15,-5.956421313868751e-15
1545.0,524.225352975936,-4491390.125690731,-2190.922012532064,138.91075841044147,0.06776134556606901,-4491251.214932321,150190.66347414991,3.463285954056327e-15,-2.4393723228089396e-15,-5.380603066753497e-15
1550.0,524.7064150243082,-4491390.110834697,-2190.9220052852183,139.03823163088478,0.06782352762482184,-4491251.072603066,150190.66347414991,-5.66400233617702e-16,-2.0844434923822047e-15,-6.592190693250174e-15
1555.0,525.7504270339003,-4491390.168091697,-2190.922033215462,139.31487696903713,0.06795847657026201,-4491250.853214728,150190.66347414991,-8.659415557477035e-16,-1.7055819179561701e-15,-5.112316533927944e-15
1560.0,527.7968083356966,-4491390.308563957,-2190.9221017385157,139.85713303699671,0.06822299172536425,-4491250.45143092,150190.66347414991,-2.290235879898522e-15,-2.140832767113978e-15,-4.7117369351233345e-15
1565.0,530.9450860550543,-4491390.474884156,-2190.9221828703203,140.69137282185267,0.06862993796187936,-4491249.783511334,150190.66347414991,-1.1915647705336144e-15,-1.7423314827806637e-15,-4.505622175308526e-15
1569.9999999999998,532.7830296736385,-4491390.618431965,-2190.9222528936416,141.17839646640516,0.06886751047141715,-4491249.440035499,150190.66347414991,-3.1678646376213995e-15,-1.7955619475889874e-15,-5.6823433462532335e-15
1575.0,533.9582600063933,-4491390.7408294985,-2190.9223125997555,141.4898124173949,0.06901942069141213,-4491249.251017082,150190.66347414991,-2.591490380529078e-15,-2.8584115734676436e-15,-6.086502154774631e-15
1579.9999999999998,535.436450537935,-4491390.804299834,-2190.9223435608947,141.88150764282787,0.06921049153308677,-4491248.922792192,150190.66347414991,-3.652676170605929e-15,-1.1729667398221403e-15,-7.009769838627684e-15
1585.0,536.8282221399435,-4491390.7735401,-2190.9223285561466,142.25030332901815,0.06939039186781373,-4491248.523236771,150190.66347414991,-1.578347273564556e-15,-3.34999204751696e-16,-5.757365739837814e-15
1590.0000000000002,536.2387731399214,-4491390.568131454,-2190.922228356807,142.09410941895158,0.06931419971656175,-4491248.4740220355,150190.66347414991,-2.3174566020415513e-15,-2.303762358382164e-16,-5.371870752292888e-15
1595.0,534.9613704621662,-4491390.237393153,-2190.92206702105,141.75561954287983,0.06914908270384382,-4491248.48177361,150190.66347414991,-2.016486205705346e-15,9.475289405755765e-17,-5.205552962377292e-15
1600.0000000000002,533.9634197825436,-4491389.871620915,-2190.9218885955684,141.49117966988317,0.06902008764384544,-4491248.380441245,150190.66347414991,-1.4365550047890465e-15,-3.6908601825082674e-16,-4.94959067318037e-15
1605.0,532.7421784567658,-4491389.453247633,-2190.9216845110404,141.16757159216823,0.06886223004496012,-4491248.285676041,150190.66347414991,-2.617591091942038e-15,1.163679566714103e-16,-4.736144684835922e-15
1610.0,531.8069235162734,-4491389.000147145,-2190.9214634864124,140.9197450184373,0.06874133903338406,-4491248.080402127,150190.66347414991,-2.1409386346154046e-15,4.474209516780692e-16,-4.2253639798495135e-15
1615.0,529.6768449533376,-4491388.587423093,-2190.921262157606,140.35531060684025,0.06846600517406841,-4491248.232112486,150190.66347414991,-2.7839506997948237e-15,-1.677617656168219e-15,-4.289221326862123e-15
1620.0,527.8149370724999,-4491388.123974193,-2190.921036084972,139.86193684239086,0.06822533504506871,-4491248.262037351,150190.66347414991,-6.636867820531296e-15,-8.844474252629594e-16,-3.5137740613186397e-15
1625.0,530.3360573540712,-4491387.587288227,-2190.92077428694,140.5299906256902,0.06855121493936107,-4491247.057297601,150190.66347414991,-7.95753737856432e-15,-8.907706578418414e-16,-5.8629727392273946e-15
1630.0,527.0993133107645,-4491386.972579948,-2190.920474429243,139.67230877706575,0.06813283354978818,-4491247.30027117,150190.66347414991,-6.1390856819771396e-15,-5.706800000062803e-16,-4.40878548425759e-15
1635.0,525.2788432013893,-4491386.386610975,-2190.920188590719,139.18991531379416,0.06789751966526544,-4491247.196695661,150190.66347414991,-7.802585953431591e-15,-5.298920642405311e-16,-4.149599691376637e-15
1640.0,524.3219662953488,-4491385.860242896,-2190.919931825803,138.93635928875844,0.06777383379939436,-4491246.923883607,150190.66347414991,-5.085355025429008e-15,9.59077325091604e-17,-5.995645689161596e-15
1645.0,523.7731792554072,-4491385.397311447,-2190.919706005584,138.79094010311363,0.06770289761127495,-4491246.606371344,150190.66347414991,-5.723107433047921e-15,9.676502352226436e-16,-6.179701521374697e-15
1650.0,524.057649971824,-4491385.059729465,-2190.9195413314465,138.86631998075347,0.06773966828329438,-4491246.193409485,150190.66347414991,-5.939672318555053e-15,5.243734123368148e-16,-5.047950408866015e-15
1655.0,526.1498028381922,-4491384.838530519,-2190.9194334295216,139.42070473099105,0.06801009986877612,-4491245.417825788,150190.66347414991,-3.2605216731369958e-15,9.285429666014959e-16,-4.459881274267604e-15
1660.0,527.2671817920037,-4491384.69974255,-2190.919365728073,139.71679105536415,0.06815453222212886,-4491244.982951495,150190.66347414991,-5.267665112960381e-15,6.292426561422712e-16,-5.373415069113281e-15
1664.9999999999998,527.1464911478496,-4491384.609797624,-2190.9193218524997,139.68481009752355,0.06813893175488954,-4491244.924987527,150190.66347414991,-6.4149920707074e-15,-8.248413903493168e-16,-6.035539699701681e-15
1670.0,525.7549021357813,-4491384.554936161,-2190.9192950908105,139.31606279454655,0.06795905502173002,-4491245.238873366,150190.66347414991,-5.003639130283505e-15,-1.6366056497249299e-15,-6.902388722504594e-15
1674.9999999999998,528.3670300612813,-4491384.529787095,-2190.9192828229734,140.00823204797248,0.06829669855998657,-4491244.5215550475,150190.66347414991,-4.803506021362338e-15,-7.679899390059305e-16,-7.649279723525583e-15
1680.0,525.679163022456,-4491384.479844254,-2190.919258460612,139.29599322405818,0.06794926498734545,-4491245.183851031,150190.66347414991,-4.461391380150197e-15,2.0345376289651262e-16,-7.328946923249065e-15
1685.0000000000002,527.215131002018,-4491384.354433701,-2190.9191972847325,139.70299848567683,0.06814780413935455,-4491244.651435216,150190.66347414991,-4.247397742674859e-15,7.769442133730768e-16,-7.587636876832815e-15
1690.0,528.192404859197,-4491384.210887883,-2190.919127262382,139.96195935413692,0.06827412651421313,-4491244.248928528,150190.66347414991,-3.816098037531964e-15,4.9490990005999495e-16,-7.509647342296814e-15
1695.0000000000002,528.0823197622947,-4491384.095168867,-2190.9190708140814,139.93278868504663,0.06825989691953495,-4491244.162380182,150190.66347414991,-1.5350527287023732e-15,7.509569490483233e-16,-5.9283625334000855e-15
1700.0,527.7323855166787,-4491384.028612877,-2190.919038347745,139.84006209108023,0.06821466443467328,-4491244.188550786,150190.66347414991,-1.1165888687362997e-15,3.6196981423729016e-16,-5.0302210289534014e-15
1705.0,529.0684257540361,-4491383.99071868,-2190.919019862771,140.19408991820572,0.0683873609357101,-4491243.796628762,150190.66347414991,4.837049407272583e-16,-2.445640161355324e-16,-4.555386370354975e-15
1710.0,529.6914161605644,-4491383.960466147,-2190.919005105438,140.35917172770235,0.06846788864765968,-4491243.60129442,150190.66347414991,2.898758549982242e-15,-9.588482104937476e-16,-4.745784713065233e-15
1715.0,530.8554471242761,-4491383.971659707,-2190.919010565711,140.66762003731674,0.06861835123771548,-4491243.304039669,150190.66347414991,1.3006989779180247e-15,-4.153721012877011e-16,-4.743610783408807e-15
1720.0,531.245411502805,-4491384.0442212485,-2190.9190459615847,140.77095393230485,0.06866875801575846,-4491243.273267317,150190.66347414991,2.842356117197469e-15,-4.607686999417991e-16,-3.882519834248984e-15
1725.0,531.9859904763489,-4491384.13747731,-2190.9190914523465,140.96719470222143,0.06876448522059582,-4491243.170282608,150190.66347414991,4.2220683261748677e-16,-7.009075532031069e-17,-3.830907919610059e-15
1730.0,533.9515543057719,-4491384.212174476,-2190.9191278899884,141.48803552134493,0.06901855391285118,-4491242.724138955,150190.66347414991,-9.5028730708607e-16,-8.731990991805447e-17,-4.013964945950045e-15
1735.0,536.06850245009,-4491384.255489131,-2190.9191490190883,142.04899059643515,0.0692921905348464,-4491242.206498535,150190.66347414991,8.488571397329559e-16,-7.561299279346946e-16,-3.5041614456997443e-15
1740.0,535.9343578764766,-4491384.275406811,-2190.91915873503,142.01344457724414,0.06927485101328983,-4491242.261962234,150190.66347414991,-5.252532474807248e-16,-7.754197981078463e-16,-4.0267352749879735e-15
1745.0,533.8410392580358,-4491384.254336068,-2190.9191484566186,141.4587509226325,0.06900426874274757,-4491242.795585146,150190.66347414991,-2.15725971908051e-15,-3.526347238862457e-16,-4.241652772259549e-15
1749.9999999999998,534.1897719538298,-4491384.186688092,-2190.9191154576056,141.55115912643313,0.06904934591533324,-4491242.635528965,150190.66347414991,-3.0906015372614203e-15,1.2287093921931174e-15,-4.37505788560535e-15
1755.0,534.2481791518462,-4491384.116364546,-2190.919081153437,141.56663603560403,0.06905689562712392,-4491242.549728511,150190.66347414991,-2.4300267608407162e-15,1.845862580008666e-15,-4.786068092323667e-15
1759.9999999999998,533.6670577732584,-4491384.034252786,-2190.91904109892,141.41264880288074,0.06898177990384426,-4491242.621603983,150190.66347414991,-1.0583381681068422e-15,1.2892553643990067e-15,-5.168651641341536e-15
1765.0,531.3198015431819,-4491384.032350588,-2190.9190401710184,140.79066602152042,0.06867837366903436,-4491243.241684566,150190.66347414991,-9.336634229263103e-16,1.0574304817507496e-15,-5.108452671664597e-15
1770.0000000000002,533.4148632690737,-4491384.106392228,-2190.9190762888916,141.34582156981318,0.0689491812535674,-4491242.760570658,150190.66347414991,-2.369886399324846e-15,1.2363920640945941e-15,-4.0275923028400176e-15
1775.0,533.7800032569979,-4491384.219639458,-2190.919131531443,141.44257742559276,0.06899637923199647,-4491242.777062032,150190.66347414991,-1.967147344722111e-15,-5.5362069394267365e-17,-4.151407827159672e-15
1780.0000000000002,536.0752790221737,-4491384.411623957,-2190.919225182418,142.05078627221127,0.0692930664742494,-4491242.360837684,150190.66347414991,-3.324451389441103e-15,-8.666834506360006e-16,-2.1256606548018466e-15
1785.0,536.0788302070536,-4491384.722808214,-2190.9193769796166,142.0517272755071,0.06929352550024737,-4491242.671080939,150190.66347414991,-3.321234684084455e-15,-1.2503726204767589e-15,-1.49951979035336e-15
1790.0,538.3478650279184,-4491385.102283514,-2190.919562089519,142.65298272039686,0.06958682083921798,-4491242.449300794,150190.66347414991,-2.8436920981787e-15,-1.109544211635949e-15,-3.5678850191735236e-16
1795.0,538.1899770721947,-4491385.514934792,-2190.9197633828253,142.61114511077162,0.06956641224915688,-4491242.903789681,150190.66347414991,-4.17653269076074e-15,-1.1581702899231488e-15,2.436801239252808e-16
1800.0,540.6503080750812,-4491385.989252457,-2190.919994757296,143.2630907742378,0.06988443452401845,-4491242.726161683,150190.66347414991,-3.2375626250596706e-15,-1.173315428226631e-15,1.6229300466406255e-15
1805.0,543.7863041188606,-4491386.5083015775,-2190.920247951989,144.0940761249855,0.07028979323170025,-4491242.414225453,150190.66347414991,-5.427205628377623e-15,-2.5270589038039175e-15,-4.1094353924978503e-16
1810.0,546.2060543685799,-4491387.058852115,-2190.9205165132266,144.7352685824739,0.07060257004023117,-4491242.323583532,150190.66347414991,-4.233392146586368e-15,-3.1941627609482697e-15,3.2176001042521326e-16
1815.0,548.6461023526438,-4491387.591001874,-2190.920776098475,145.38183959263208,0.07091797053299126,-4491242.209162281,150190.66347414991,-2.884887330510009e-15,-3.6650314727221595e-15,4.438649878549133e-19
1820.0,549.8010233989194,-4491387.976370487,-2190.9209640831646,145.68787392983378,0.07106725557552868,-4491242.288496558,150190.66347414991,-5.550217634260766e-15,-4.687676256471224e-15,1.1796861188872957e-15
1825.0,550.1746051180529,-4491388.249888921,-2190.921097506791,145.78686670009665,0.07111554473175447,-4491242.463022221,150190.66347414991,-4.531104499349418e-15,-4.728098974028402e-15,1.6723166055659844e-15
1830.0,552.3020807160585,-4491388.505686739,-2190.9212222862143,146.35061137047745,0.07139054213194022,-4491242.155075369,150190.66347414991,-3.02685088012855e-15,-5.1320553678344885e-15,1.5547415071822977e-15
1835.0,555.2733778680623,-4491388.68281252,-2190.9213086890345,147.13795432995954,0.07177461186827294,-4491241.54485819,150190.66347414991,-3.3638430913079267e-15,-4.620349871023088e-15,2.5041669617968906e-15
1840.0,554.0345733265145,-4491388.791710478,-2190.9213618099893,146.80969230025838,0.07161448404890652,-4491241.982018178,150190.66347414991,-3.6215861585026896e-15,-3.63009980257001e-15,2.4126255098747813e-15
1844.9999999999998,554.0122682692717,-4491388.809974156,-2190.9213707191007,146.80378184132996,0.07161160089820974,-4491242.006192315,150190.66347414991,-4.361824393101834e-15,-4.232692138166787e-15,2.1411818941202358e-15
1850.0,555.3405244624427,-4491388.730686176,-2190.9213320420367,147.155747029792,0.07178329123404488,-4491241.574939146,150190.66347414991,-4.107356420123905e-15,-5.19634846570227e-15,1.7445661587817711e-15
1854.9999999999998,554.9237351040072,-4491388.617068533,-2190.9212766187966,147.04530497362472,0.07172941706030474,-4491241.571763559,150190.66347414991,-3.517254585637931e-15,-5.526631385657124e-15,2.7952726561488155e-15
1860.0,551.3606141654894,-4491388.443211141,-2190.921191810313,146.10113882624583,0.0712688482079248,-4491242.342072315,150190.66347414991,-2.3547107781985815e-15,-4.9378269351969144e-15,2.4524821296142592e-15
1865.0000000000002,551.0485943880117,-4491388.193659441,-2190.9210700777758,146.018458918297,0.07122851654551073,-4491242.175200522,150190.66347414991,-6.603167141062484e-16,-5.887978714337089e-15,4.213217342523769e-15
1870.0,551.2050125644523,-4491387.870041119,-2190.92091221518,146.0599070615339,0.07124873515196775,-4491241.810134057,150190.66347414991,7.169559918450153e-17,-4.772764423537486e-15,3.467837763190673e-15
1875.0000000000002,546.2535851542791,-4491387.460897105,-2190.920712632734,144.7478634282818,0.07060871386745453,-4491242.713033676,150190.66347414991,-1.7906987312003165e-15,-5.2545123231819295e-15,4.059101453756517e-15
1880.0,545.3785626355957,-4491387.024081315,-2190.9204995518608,144.51599741682983,0.07049560849601455,-4491242.508083898,150190.66347414991,-7.025470466068635e-16,-4.9793787507645146e-15,3.4931604361885022e-15
1885.0,543.8995302105552,-4491386.631228488,-2190.920307916336,144.12407910400944,0.07030442883122412,-4491242.507149384,150190.66347414991,-1.2238041933915942e-15,-5.090092801712416e-15,3.849638408055063e-15
1890.0,544.0272522776479,-4491386.240315558,-2190.920117227102,144.15792326874674,0.07032093817987646,-4491242.082392289,150190.66347414991,2.078656580672958e-16,-4.883545580555686e-15,4.296166585837106e-15
1895.0,543.1743582986409,-4491385.804112557,-2190.9199044451498,143.93192094208513,0.07021069314248055,-4491241.872191615,150190.66347414991,-2.7870510660328666e-16,-4.920450629706458e-15,3.4991754208164097e-15
1900.0,541.8557846820468,-4491385.371031307,-2190.9196931860033,143.5825214709201,0.0700402543760586,-4491241.7885098355,150190.66347414991,1.490049501007744e-15,-5.431981124412963e-15,4.629539016636278e-15
1905.0,540.6598394980931,-4491384.976140899,-2190.919500556536,143.26561643842365,0.06988566655532862,-4491241.71052446,150190.66347414991,2.745857588108624e-15,-5.3084910426041665e-15,3.133064876950571e-15
1910.0,537.7924614491092,-4491384.626411214,-2190.9193299566896,142.5058102650429,0.0695150293975819,-4491242.120600948,150190.66347414991,3.751356524182999e-15,-6.1904718263566785e-15,3.1146264972821593e-15
1915.0,539.7776156762367,-4491384.360605116,-2190.9192002951786,143.03184220471644,0.06977163034376412,-4491241.328762911,150190.66347414991,3.792469299382177e-15,-6.920559993697112e-15,3.063717113022974e-15
1920.0,540.6677110905367,-4491384.141780702,-2190.919093551562,143.26770227587892,0.0698866840370141,-4491240.8740784265,150190.66347414991,3.248850480126305e-15,-6.9354465762591515e-15,2.551498123193262e-15
1925.0,538.9188579061307,-4491383.881213797,-2190.918966445755,142.80428607363828,0.06966062735299429,-4491241.076927723,150190.66347414991,3.0240736537420903e-15,-7.135123539342998e-15,1.544810357030369e-15
1930.0,538.917956934999,-4491383.636606953,-2190.918847125343,142.8040473316879,0.06966051089350629,-4491240.832559621,150190.66347414991,1.107574067325355e-15,-7.049140049007941e-15,1.304186300564699e-15
1935.0,537.6884887128899,-4491383.381290974,-2190.918722580963,142.4782592670604,0.06950158988637092,-4491240.903031707,150190.66347414991,1.7225790522193533e-15,-6.191501224703018e-15,1.4226671115965283e-15
1939.9999999999998,537.2737183955303,-4491383.15386205,-2190.918611640024,142.3683522222685,0.0694479766937895,-4491240.785509828,150190.66347414991,1.7903964249326493e-15,-7.579957398500452e-15,2.1614367430052493e-15
1945.0,536.0889101710311,-4491383.001793705,-2190.918537460344,142.0543982936731,0.0692948284359381,-4491240.947395411,150190.66347414991,1.7386799037723771e-15,-8.422696262889453e-15,1.8331400311506925e-15
1949.9999999999998,536.2084847671842,-4491382.95305042,-2190.9185136831316,142.08608351786907,0.06931028464286296,-4491240.866966902,150190.66347414991,2.2846713392849692e-15,-8.310624081571104e-15,1.2388565674214289e-15
1955.0,538.6194550735053,-4491382.972493596,-2190.918523167608,142.72494944042487,0.06962192655630481,-4491240.247544156,150190.66347414991,2.718718665195076e-15,-7.763675288052346e-15,1.859102185524305e-15
1960.0000000000002,538.6368111206582,-4491383.130228047,-2190.9186001112425,142.72954849626856,0.06962416999817979,-4491240.400679551,150190.66347414991,4.886185524589182e-15,-8.445859151137831e-15,1.5599634998160928e-15
1965.0,540.955902552142,-4491383.4117984995,-2190.9187374626827,143.34406808739823,0.06992393565238939,-4491240.067730412,150190.66347414991,5.545804861886449e-15,-9.856817240321296e-15,1.522814807383943e-15
1970.0000000000002,544.9605046626818,-4491383.821833865,-2190.918937479934,144.4052191995091,0.07044157034122395,-4491239.416614666,150190.66347414991,3.068811801493997e-15,-1.0919443837201607e-14,1.9223283845946976e-15
1975.0,546.0819134988119,-4491384.30406385,-2190.9191727140733,144.70237337381732,0.07058652359698406,-4491239.601690476,150190.66347414991,2.831344581243827e-15,-1.1468308991489323e-14,1.469368550506425e-15
1980.0,548.6108255085622,-4491384.836572853,-2190.919432474562,145.3724918319069,0.07091341064971068,-4491239.464081021,150190.66347414991,2.060496713126372e-15,-1.240386366523345e-14,1.5093589437847327e-15
1985.0,551.564408153681,-4491385.348646553,-2190.9196822666113,146.15514074984316,0.07129519060967959,-4491239.193505803,150190.66347414991,2.403531540844955e-15,-1.161449353485971e-14,1.980218115970198e-15
1990.0,552.83259934777,-4491385.867333835,-2190.9199352847977,146.49118974018728,0.07145911694643282,-4491239.376144094,150190.66347414991,3.577630092525949e-15,-1.1441068093665029e-14,1.5755424152667968e-15
1995.0,554.8265501502398,-4491386.2938024895,-2190.9201433182875,147.01955262197427,0.07171685493754842,-4491239.274249868,150190.66347414991,5.77653000543004e-15,-1.1201003144801402e-14,2.6720743541652862e-15
2000.0,558.6929908447273,-4491386.637378902,-2190.920310916538,148.04409332030428,0.07221663088795331,-4491238.593285582,150190.66347414991,5.958541679284424e-15,-1.0913149901850108e-14,2.2194214316632306e-15
