model,rank,published_label,corrected_true_label,mean_abs_shap_eV,feature_index
FT - 600K,1,Cr-Te_n42_l0,Sb-Sb_n23_l1,0.0252059078426317,225
FT - 600K,2,Sb-Te_n11_l3,Sb-Te_n44_l3,0.0242133289262103,323
FT - 600K,3,Cr-Cr_n21_l3,Cr-Cr_n14_l2,0.0225588314810005,23
FT - 600K,4,Cr-Cr_n21_l1,Cr-Cr_n12_l2,0.0191526025099439,21
FT - 600K,5,Sb-Te_n34_l4,Te-Te_n44_l3,0.0187447558815488,379
FT - 600K,6,Cr-Sb_n14_l1,Cr-Sb_n43_l2,0.0170698340394979,96
FT - 600K,7,Sb-Sb_n44_l4,Sb-Te_n34_l3,0.0166638935810045,319
FT - 600K,8,Cr-Te_n13_l3,Cr-Te_n34_l2,0.0163662113852315,173
FT - 600K,9,Sb-Sb_n12_l4,Sb-Sb_n44_l3,0.0160361529337985,249
FT - 600K,10,Cr-Te_n21_l0,Cr-Te_n13_l3,0.0141914110237396,180
FT - 600K,11,Cr-Sb_n14_l2,Cr-Sb_n44_l2,0.0141705477324639,97
FT - 600K,12,Cr-Cr_n21_l4,Cr-Cr_n22_l2,0.0141110083711197,24
FT - 600K,13,Sb-Sb_n44_l0,Sb-Te_n24_l3,0.0136630366661154,315
FT - 600K,14,Sb-Sb_n11_l4,Sb-Sb_n22_l3,0.0135955567155829,244
FT - 600K,15,Sb-Sb_n33_l1,Sb-Te_n44_l1,0.010000591597291,291
FT - 600K,16,Sb-Sb_n11_l1,Sb-Sb_n12_l3,0.009720385211131,241
FT - 600K,17,Cr-Cr_n31_l1,Cr-Cr_n12_l4,0.0096639900340975,41
FT - 600K,18,Cr-Sb_n42_l1,Cr-Te_n11_l1,0.0092141330108175,146
FT - 600K,19,Cr-Sb_n43_l4,Cr-Te_n31_l1,0.0084849819899888,154
FT - 600K,20,Cr-Sb_n43_l0,Cr-Te_n21_l1,0.0076149511110811,150
FT - 600K,21,Sb-Te_n14_l4,Sb-Te_n44_l4,0.0075317957127938,339
FT - 600K,22,Cr-Sb_n14_l0,Cr-Sb_n42_l2,0.0073643100048104,95
FT - 600K,23,Cr-Te_n22_l3,Cr-Te_n33_l3,0.006664553810243,188
FT - 600K,24,Cr-Sb_n24_l1,Cr-Sb_n13_l4,0.0065307873067756,116
FT - 600K,25,Sb-Te_n12_l1,Sb-Te_n13_l4,0.0063840979709703,326
FT - 600K,26,Cr-Sb_n44_l1,Cr-Te_n33_l1,0.0061946873939447,156
FT - 600K,27,Cr-Te_n21_l4,Cr-Te_n23_l3,0.0061054733144347,184
FT - 600K,28,Cr-Sb_n12_l4,Cr-Sb_n24_l2,0.0060163271853006,89
FT - 600K,29,Cr-Te_n21_l2,Cr-Te_n21_l3,0.0059703490599576,182
FT - 600K,30,Cr-Cr_n22_l0,Cr-Cr_n23_l2,0.0058336584419077,25
FT - 600K,31,Cr-Cr_n22_l3,Cr-Cr_n34_l2,0.0053759030886667,28
FT - 600K,32,Sb-Te_n42_l4,Te-Te_n44_l4,0.0051247152822578,389
FT - 600K,33,Cr-Cr_n32_l2,Cr-Cr_n33_l4,0.0049802288340625,47
FT - 600K,34,Sb-Te_n21_l3,Te-Te_n14_l0,0.0048790860276684,343
FT - 600K,35,Cr-Cr_n43_l3,Cr-Sb_n24_l1,0.0046869671375284,73
FT - 600K,36,Cr-Te_n43_l0,Sb-Sb_n11_l2,0.0046624298210066,230
FT - 600K,37,Cr-Cr_n32_l0,Cr-Cr_n23_l4,0.0046432841472845,45
FT - 600K,38,Cr-Sb_n24_l3,Cr-Sb_n21_l4,0.0046283871448719,118
FT - 600K,39,Cr-Cr_n23_l3,Cr-Cr_n14_l3,0.0043859702517706,33
FT - 600K,40,Sb-Te_n33_l1,Te-Te_n12_l3,0.0043750098241549,371
FT - 600K,41,Sb-Te_n21_l0,Te-Te_n11_l0,0.0041254780082157,340
FT - 600K,42,Cr-Sb_n22_l0,Cr-Sb_n24_l3,0.0040553118929071,105
FT - 600K,43,Sb-Sb_n42_l1,Sb-Te_n43_l2,0.0039974279193188,306
FT - 600K,44,Sb-Sb_n43_l3,Sb-Te_n22_l3,0.003893170248398,313
FT - 600K,45,Cr-Cr_n23_l1,Cr-Cr_n12_l3,0.0037915877480424,31
FT - 600K,46,Sb-Te_n33_l0,Te-Te_n11_l3,0.0037757401926893,370
FT - 600K,47,Cr-Cr_n14_l3,Cr-Cr_n34_l1,0.0034391680013823,18
FT - 600K,48,Cr-Te_n21_l1,Cr-Te_n14_l3,0.0033841979491082,181
FT - 600K,49,Sb-Te_n14_l3,Sb-Te_n43_l4,0.0032536393977316,338
FT - 600K,50,Cr-Sb_n44_l0,Cr-Te_n32_l1,0.0032392672958748,155
FT - Multi-T,1,Cr-Cr_n13_l3,Cr-Cr_n14_l1,0.0332946487171292,13
FT - Multi-T,2,Cr-Sb_n13_l3,Cr-Sb_n34_l2,0.0250172566745988,93
FT - Multi-T,3,Cr-Cr_n14_l1,Cr-Cr_n24_l1,0.0124453640951776,16
FT - Multi-T,4,Cr-Cr_n14_l3,Cr-Cr_n34_l1,0.0120123657479126,18
FT - Multi-T,5,Sb-Sb_n31_l3,Sb-Te_n24_l1,0.0070193218301854,283
FT - Multi-T,6,Sb-Sb_n24_l4,Sb-Te_n14_l1,0.0068372603152866,279
FT - Multi-T,7,Cr-Cr_n22_l1,Cr-Cr_n24_l2,0.0055508599494522,26
FT - Multi-T,8,Cr-Cr_n34_l3,Cr-Sb_n31_l0,0.0041426585101052,58
FT - Multi-T,9,Sb-Te_n14_l3,Sb-Te_n43_l4,0.0038642879779039,338
FT - Multi-T,10,Cr-Sb_n42_l0,Cr-Te_n44_l0,0.0035088054417123,145
FT - Multi-T,11,Cr-Sb_n41_l3,Cr-Te_n42_l0,0.003267036086034,143
FT - Multi-T,12,Cr-Cr_n31_l4,Cr-Cr_n22_l4,0.0031884733935522,44
FT - Multi-T,13,Cr-Te_n43_l0,Sb-Sb_n11_l2,0.0030701645864366,230
FT - Multi-T,14,Cr-Sb_n42_l3,Cr-Te_n13_l1,0.0030147474614279,148
FT - Multi-T,15,Cr-Te_n41_l3,Sb-Sb_n14_l1,0.0029689197397654,223
FT - Multi-T,16,Cr-Sb_n44_l0,Cr-Te_n32_l1,0.0029336201362304,155
FT - Multi-T,17,Cr-Te_n23_l1,Cr-Te_n42_l3,0.00285528514279,191
FT - Multi-T,18,Cr-Te_n22_l3,Cr-Te_n33_l3,0.0026058314456888,188
FT - Multi-T,19,Sb-Te_n11_l3,Sb-Te_n44_l3,0.0026056414634125,323
FT - Multi-T,20,Cr-Cr_n32_l2,Cr-Cr_n33_l4,0.002567949426193,47
FT - Multi-T,21,Sb-Te_n13_l4,Sb-Te_n33_l4,0.0024681448355095,334
FT - Multi-T,22,Sb-Te_n13_l1,Sb-Te_n24_l4,0.0024631202762522,331
FT - Multi-T,23,Cr-Cr_n23_l1,Cr-Cr_n12_l3,0.0023654785643793,31
FT - Multi-T,24,Cr-Cr_n34_l1,Cr-Sb_n23_l0,0.0022866165042593,56
FT - Multi-T,25,Cr-Sb_n31_l1,Cr-Sb_n24_l4,0.0021900298716234,121
FT - Multi-T,26,Cr-Te_n22_l1,Cr-Te_n31_l3,0.0021110587900028,186
FT - Multi-T,27,Cr-Sb_n14_l3,Cr-Sb_n11_l3,0.0020863217300453,98
FT - Multi-T,28,Sb-Te_n22_l4,Te-Te_n44_l0,0.0019574293278521,349
FT - Multi-T,29,Sb-Te_n22_l1,Te-Te_n24_l0,0.0018139230779619,346
FT - Multi-T,30,Sb-Te_n21_l3,Te-Te_n14_l0,0.0017432684299867,343
FT - Multi-T,31,Cr-Sb_n43_l1,Cr-Te_n22_l1,0.0017212176007144,151
FT - Multi-T,32,Cr-Sb_n42_l1,Cr-Te_n11_l1,0.0017057251855135,146
FT - Multi-T,33,Sb-Te_n12_l0,Sb-Te_n12_l4,0.0017024774422848,325
FT - Multi-T,34,Cr-Te_n32_l3,Cr-Te_n43_l4,0.0016575506748699,208
FT - Multi-T,35,Sb-Te_n12_l3,Sb-Te_n21_l4,0.0015392616313835,328
FT - Multi-T,36,Sb-Sb_n12_l1,Sb-Sb_n24_l3,0.0014816175262121,246
FT - Multi-T,37,Cr-Sb_n42_l4,Cr-Te_n14_l1,0.0014749881925892,149
FT - Multi-T,38,Cr-Sb_n42_l2,Cr-Te_n12_l1,0.001469111818425,147
FT - Multi-T,39,Sb-Te_n33_l1,Te-Te_n12_l3,0.0014618705138866,371
FT - Multi-T,40,Sb-Te_n23_l0,Te-Te_n11_l1,0.0014348412863009,350
FT - Multi-T,41,Sb-Sb_n12_l0,Sb-Sb_n23_l3,0.0014222817350226,245
FT - Multi-T,42,Sb-Te_n23_l1,Te-Te_n12_l1,0.001399732017761,351
FT - Multi-T,43,Cr-Te_n31_l4,Cr-Te_n33_l4,0.0013357974362283,204
FT - Multi-T,44,Cr-Cr_n42_l4,Cr-Sb_n14_l1,0.0013210134912756,69
FT - Multi-T,45,Sb-Sb_n24_l2,Sb-Te_n12_l1,0.0013179034508324,277
FT - Multi-T,46,Sb-Te_n21_l0,Te-Te_n11_l0,0.0012330702133965,340
FT - Multi-T,47,Cr-Te_n32_l1,Cr-Te_n41_l4,0.0012320319184123,206
FT - Multi-T,48,Sb-Sb_n14_l3,Sb-Sb_n34_l4,0.0012305176658793,258
FT - Multi-T,49,Cr-Cr_n31_l2,Cr-Cr_n13_l4,0.001227981553045,42
FT - Multi-T,50,Cr-Te_n14_l2,Cr-Te_n44_l2,0.0012277003206776,177
Scratch,1,Cr-Sb_n42_l2,Cr-Te_n12_l1,0.0149883011503965,147
Scratch,2,Sb-Sb_n11_l3,Sb-Sb_n14_l3,0.0148783343063463,243
Scratch,3,Cr-Sb_n44_l0,Cr-Te_n32_l1,0.014279872902913,155
Scratch,4,Sb-Te_n22_l4,Te-Te_n44_l0,0.0134460482148217,349
Scratch,5,Cr-Sb_n43_l4,Cr-Te_n31_l1,0.0126905554866981,154
Scratch,6,Cr-Sb_n13_l2,Cr-Sb_n33_l2,0.0106857607700596,92
Scratch,7,Cr-Sb_n13_l1,Cr-Sb_n32_l2,0.0103406091051138,91
Scratch,8,Cr-Cr_n23_l4,Cr-Cr_n22_l3,0.0098457384143101,34
Scratch,9,Cr-Sb_n12_l2,Cr-Sb_n22_l2,0.0097716697600741,87
Scratch,10,Sb-Sb_n42_l3,Sb-Te_n11_l3,0.0094046938219341,308
Scratch,11,Cr-Sb_n12_l3,Cr-Sb_n23_l2,0.0092270784663236,88
Scratch,12,Cr-Sb_n11_l4,Cr-Sb_n13_l2,0.008851882102981,84
Scratch,13,Cr-Cr_n13_l1,Cr-Cr_n12_l1,0.0088082425327342,11
Scratch,14,Cr-Sb_n11_l2,Cr-Sb_n11_l2,0.0085594222704461,82
Scratch,15,Cr-Te_n14_l2,Cr-Te_n44_l2,0.0084115118439743,177
Scratch,16,Cr-Sb_n43_l1,Cr-Te_n22_l1,0.0075132425155994,151
Scratch,17,Cr-Sb_n13_l0,Cr-Sb_n31_l2,0.0063607778735629,90
Scratch,18,Cr-Cr_n21_l1,Cr-Cr_n12_l2,0.0062425218949872,21
Scratch,19,Cr-Sb_n11_l3,Cr-Sb_n12_l2,0.0061208206450026,83
Scratch,20,Sb-Sb_n43_l4,Sb-Te_n23_l3,0.0060580595882779,314
Scratch,21,Sb-Te_n22_l1,Te-Te_n24_l0,0.0059126414804198,346
Scratch,22,Cr-Te_n14_l0,Cr-Te_n42_l2,0.005823223065419,175
Scratch,23,Cr-Cr_n44_l3,Cr-Sb_n41_l1,0.0055445410340555,78
Scratch,24,Cr-Cr_n24_l0,Cr-Cr_n23_l3,0.0054035194554239,35
Scratch,25,Sb-Sb_n43_l3,Sb-Te_n22_l3,0.0054019195560621,313
Scratch,26,Sb-Sb_n44_l0,Sb-Te_n24_l3,0.0053426332500889,315
Scratch,27,Cr-Te_n11_l0,Cr-Te_n43_l1,0.0053168552604156,160
Scratch,28,Cr-Te_n41_l1,Sb-Sb_n12_l1,0.0052450469102896,221
Scratch,29,Sb-Sb_n13_l1,Sb-Sb_n12_l4,0.0050708586559024,251
Scratch,30,Cr-Cr_n23_l0,Cr-Cr_n11_l3,0.0043463241222751,30
Scratch,31,Cr-Te_n13_l3,Cr-Te_n34_l2,0.0042303661846884,173
Scratch,32,Cr-Sb_n44_l4,Cr-Te_n42_l1,0.0042245418254112,159
Scratch,33,Cr-Sb_n44_l3,Cr-Te_n41_l1,0.0041726626491313,158
Scratch,34,Cr-Cr_n34_l0,Cr-Sb_n22_l0,0.0039945428801046,55
Scratch,35,Sb-Te_n11_l2,Sb-Te_n43_l3,0.0039643864812675,322
Scratch,36,Sb-Te_n12_l1,Sb-Te_n13_l4,0.0037733502782743,326
Scratch,37,Cr-Sb_n42_l1,Cr-Te_n11_l1,0.0037021684124008,146
Scratch,38,Cr-Te_n21_l0,Cr-Te_n13_l3,0.0036270425518116,180
Scratch,39,Sb-Te_n21_l3,Te-Te_n14_l0,0.0030905116831415,343
Scratch,40,Cr-Cr_n34_l1,Cr-Sb_n23_l0,0.0028431468217475,56
Scratch,41,Cr-Sb_n14_l3,Cr-Sb_n11_l3,0.0026936893743712,98
Scratch,42,Cr-Te_n33_l3,Sb-Sb_n14_l0,0.0024387654634589,213
Scratch,43,Cr-Cr_n31_l3,Cr-Cr_n14_l4,0.0023111904451021,43
Scratch,44,Sb-Sb_n12_l2,Sb-Sb_n33_l3,0.0021228219971135,247
Scratch,45,Cr-Cr_n32_l3,Cr-Cr_n34_l4,0.0019189993892632,48
Scratch,46,Cr-Cr_n33_l4,Cr-Sb_n21_l0,0.0019076186255665,54
Scratch,47,Cr-Cr_n43_l3,Cr-Sb_n24_l1,0.0018548237327939,73
Scratch,48,Cr-Te_n23_l2,Cr-Te_n43_l3,0.0018104274730107,192
Scratch,49,Cr-Te_n44_l0,Sb-Sb_n23_l2,0.0018103721880846,235
Scratch,50,Cr-Cr_n34_l3,Cr-Sb_n31_l0,0.0017293845589982,58
