path_id,image_index_qe,variant,job_id,ionic_step,energy_eV,energy_above_current_final_eV,max_atom_force_eV_A,total_force_eV_A,cumulative_scf_iterations
1-6,2,direct,30851800,0,-133598.39726438423,2.8998344374704175,0.022782947375715006,0.7274679885875823,31
1-6,2,direct,30851800,1,-133598.4080595493,2.8890392723842524,0.03528853797819959,0.7144067834485955,40
1-6,2,direct,30851800,2,-133598.41988861104,2.877210210659541,0.007037089333338881,0.7054336326739766,51
1-6,2,direct,30851800,3,-133598.43774254576,2.8593562759342603,0.012082265730206905,0.6947892647063771,63
1-6,2,direct,30851800,4,-133598.4644778688,2.832620952889556,0.0030230146974527987,0.6830650333217749,81
1-6,2,direct,30851800,5,-133598.50401165918,2.7930871625139844,0.01041241387807552,0.6726777756915571,98
1-6,2,direct,30851800,6,-133598.56139652713,2.7357022945652716,0.006761579636877445,0.6692839192381195,116
1-6,2,direct,30851800,7,-133598.64249679848,2.6546020232199226,0.0034212698781183773,0.6947892647063771,136
1-6,2,direct,30851800,8,-133598.7537970826,2.5433017390896566,0.00848514901259552,0.7952165624876417,156
1-6,2,direct,30851800,9,-133598.88840555176,2.408693269942887,0.005671455338604135,1.0229906103740272,177
1-6,2,direct,30851800,10,-133599.00868001505,2.2884188066527713,0.009816597811279984,1.4567100385030978,198
1-6,2,direct,30851800,11,-133599.05405350498,2.243045316718053,0.020121448229123873,1.5805343769860907,216
1-6,2,direct,30851800,12,-133599.13656182948,2.1605369922181126,0.013003194818296994,1.446297069839142,234
1-6,2,direct,30851800,13,-133599.24660195434,2.0504968673631083,0.010768280134403362,1.2789953733049155,252
1-6,2,direct,30851800,14,-133599.3800404699,1.9170583517989144,0.012490438822281725,1.5236872813910123,270
1-6,2,direct,30851800,15,-133599.42981580977,1.8672830119321588,0.017863773362513758,1.5079007066757801,286
1-6,2,direct,30851800,16,-133599.4910712253,1.806027596408967,0.015801096321750103,1.3834078813155952,302
1-6,2,direct,30851800,17,-133599.58136744855,1.7157313731440809,0.01258341337447276,1.1727573818988264,319
1-6,2,direct,30851800,18,-133599.67614021696,1.6209586047334597,0.010530290007733924,1.2663198336720012,418
1-6,2,direct,30851800,19,-133599.71126358586,1.585835235833656,0.01632000798056228,1.2920822894776405,436
1-6,2,direct,30851800,20,-133599.75376300918,1.5433358125155792,0.019210719098753142,1.2072615891754408,448
1-6,2,direct,30851800,21,-133599.8106141258,1.4864846958953422,0.008425975689118312,1.0618656933861297,466
1-6,2,direct,30851800,22,-133599.87499844257,1.4221003791317344,0.013170186962542149,1.0078468115022492,483
1-6,2,direct,30851800,23,-133599.92253727856,1.374561543139862,0.015997284072292048,1.2078015208839423,500
1-6,2,direct,30851800,24,-133599.95483107146,1.342267750238534,0.0021059839776831533,1.1784138093212222,518
1-6,2,direct,30851800,25,-133599.99514528443,1.3019535372732207,0.013005412665946873,1.0369002796263733,532
1-6,2,direct,30851800,26,-133600.0411868139,1.2559120077930856,0.012349441220641,0.8561260014133497,546
1-6,2,direct,30851800,27,-133600.0813119077,1.2157869139919057,0.00614165794025906,0.7998702595942491,564
1-6,2,direct,30851800,28,-133600.09750866905,1.1995901526533999,0.006546683510921822,0.8419335107898837,582
1-6,2,direct,30851800,29,-133600.12920231483,1.1678965068713296,0.008566314495168863,0.8758463642905207,599
1-6,2,direct,30851800,30,-133600.1600083252,1.1370904964860529,0.013409944488710692,0.7824896007872509,616
1-6,2,direct,30851800,31,-133600.18463027594,1.1124685457616579,0.009204220461217093,0.6313601444743293,631
1-6,2,direct,30851800,32,-133600.19751568366,1.0995831380423624,0.00412675837460505,0.5810950735162207,648
1-6,2,direct,30851800,33,-133600.2109869525,1.0861118691973388,0.009999126528671444,0.5889112277726222,660
1-6,2,direct,30851800,34,-133600.22517007127,1.071928750432562,0.012033960943865997,0.6249580970735266,675
1-6,2,direct,30851800,35,-133600.23954448604,1.057554335653549,0.008732214027210302,0.5951590089709957,692
1-6,2,direct,30851800,36,-133600.25331412777,1.0437846939312294,0.013417968724214496,0.5348923458887419,709
1-6,2,direct,30851800,37,-133600.2638835744,1.033215247298358,0.0051574199144553325,0.5351494562261234,727
1-6,2,direct,30851800,38,-133600.27411668832,1.022982133377809,0.005526923716207049,0.5639715250466042,741
1-6,2,direct,30851800,39,-133600.2864080715,1.010690750204958,0.005365548384583243,0.557646610747016,755
1-6,2,direct,30851800,40,-133600.29730228602,0.9997965356742498,0.007546192348596366,0.48149052881457743,772
1-6,2,direct,30851800,41,-133600.30571006017,0.9913887615257408,0.009568013162504737,0.4146932631628301,786
1-6,2,direct,30851800,42,-133600.31148486055,0.9856139611511026,0.0054282581263294955,0.3866682363882325,802
1-6,2,direct,30851800,43,-133600.317247824,0.9798509977117646,0.009750291606598762,0.39011351490914636,816
1-6,2,direct,30851800,44,-133600.32329174498,0.9738070767198224,0.006933192001537108,0.4050773365447572,828
1-6,2,direct,30851800,45,-133600.33055772935,0.9665410923480522,0.01011477782294901,0.44181840375659204,842
1-6,2,direct,30851800,46,-133600.3384273983,0.9586714234028477,0.00512367886939087,0.4962743732140211,859
1-6,2,direct,30851800,47,-133600.34820281668,0.9488960050221067,0.005260776583015544,0.5509360309413556,876
1-6,2,direct,30851800,48,-133600.3602122899,0.9368865317956079,0.011009785090244001,0.5762099771059698,893
1-6,2,direct,30851800,49,-133600.37344818027,0.9236506414308678,0.008264752206427587,0.6151107711518102,911
1-6,2,direct,30851800,50,-133600.3876936131,0.9094052086002193,0.026951114896629536,0.6740661715134179,934
1-6,2,direct,30851800,51,-133600.3961623407,0.9009364809899125,0.02318339075526394,0.5484163496350155,943
1-6,2,direct,30851800,52,-133600.40368832988,0.8934104918153025,0.006143508859301654,0.4403528748335167,954
1-6,2,direct,30851800,53,-133600.41217175167,0.8849270700302441,0.006337586973427826,0.32691579398074183,969
1-6,2,direct,30851800,54,-133600.419827267,0.8772715546947438,0.008960450511209347,0.3065269442263786,984
1-6,2,direct,30851800,55,-133600.42354624716,0.8735525745432824,0.006298674215501944,0.352035473942927,996
1-6,2,direct,30851800,56,-133600.42763911176,0.8694597099383827,0.003288862032979092,0.36442819220472156,1008
1-6,2,direct,30851800,57,-133600.43215103174,0.8649477899598423,0.004889778087989554,0.3416996383801855,1020
1-6,2,direct,30851800,58,-133600.4383184924,0.8587803292903118,0.008542774194057145,0.3287412773761514,1035
1-6,2,direct,30851800,59,-133600.44384553313,0.853253288572887,0.005022497896390634,0.39654127334368705,1052
1-6,2,direct,30851800,60,-133600.44935420615,0.8477446155447979,0.01003182035025789,0.46680952855008634,1068
1-6,2,direct,30851800,61,-133600.4563024976,0.8407963241043035,0.006167293282619823,0.5109810845122503,1085
1-6,2,direct,30851800,62,-133600.46701874965,0.8300800720462576,0.008896837093125779,0.5476193075891325,1102
1-6,2,direct,30851800,63,-133600.4812526176,0.8158462040883023,0.006690698071257047,0.5982700440533135,1120
1-6,2,direct,30851800,64,-133600.49716910167,0.7999297200294677,0.006221355978436446,0.6684611661584984,1139
1-6,2,direct,30851800,65,-133600.50999641308,0.7871024086198304,0.0029379091591103636,0.6740661715134179,1157
1-6,2,direct,30851800,66,-133600.526882847,0.7702159746841062,0.010134245230176642,0.7028882403338985,1173
1-6,2,direct,30851800,67,-133600.54791071784,0.7491881038586143,0.0032359593793655278,0.7928254363499925,1191
1-6,2,direct,30851800,68,-133600.5742940616,0.722804760094732,0.007482691531046442,0.9264456786872254,1209
1-6,2,direct,30851800,69,-133600.60422128026,0.6928775414417032,0.012009514158734712,0.9686374850515507,1226
1-6,2,direct,30851800,70,-133600.63528675117,0.66181207052432,0.01441844909012269,0.895001084425452,1242
1-6,2,direct,30851800,71,-133600.6688832892,0.6282155324879568,0.0035961804969193525,0.7974020003553856,1261
1-6,2,direct,30851800,72,-133600.69006748946,0.6070313322416041,0.002624522340129448,0.7569842553189934,1278
1-6,2,direct,30851800,73,-133600.7112416215,0.5858572002034634,0.006513703988633181,0.7508907403230487,1295
1-6,2,direct,30851800,74,-133600.7308890587,0.5662097629974596,0.01044586472225678,0.7472654845659678,1311
1-6,2,direct,30851800,75,-133600.74858190207,0.5485169196326751,0.005213589549567533,0.6505919977104752,1329
1-6,2,direct,30851800,76,-133600.764691723,0.5324070987117011,0.007801491023293645,0.5122666361991585,1345
1-6,2,direct,30851800,77,-133600.77455598657,0.5225428351259325,0.01276156773868553,0.4702805181047384,1361
1-6,2,direct,30851800,78,-133600.78349234187,0.5136064798280131,0.014602907508150971,0.42646891661490877,1376
1-6,2,direct,30851800,79,-133600.79161970265,0.5054791190486867,0.006054248011154799,0.3553264862614119,1393
1-6,2,direct,30851800,80,-133600.79647856776,0.5006202539370861,0.007924765100509238,0.30318450984041745,1405
1-6,2,direct,30851800,81,-133600.799652912,0.49744590968475677,0.0061997285899060405,0.27173991557864413,1417
1-6,2,direct,30851800,82,-133600.8025242575,0.4945745641889516,0.002710006220506793,0.23890692549501005,1429
1-6,2,direct,30851800,83,-133600.80508294416,0.4920158775348682,0.006572001462905383,0.20681955538978272,1445
1-6,2,direct,30851800,84,-133600.80678909807,0.49030972362379543,0.005378108055741319,0.19013309449371496,1459
1-6,2,direct,30851800,85,-133600.80810517678,0.4889936449180823,0.003887421670045647,0.18149418715769222,1475
1-6,2,direct,30851800,86,-133600.80943404482,0.4876647768833209,0.004198998016121108,0.1756063604316529,1491
1-6,2,direct,30851800,87,-133600.81094468493,0.48615413677180186,0.004099944330341452,0.17912877205378122,1507
1-6,2,direct,30851800,88,-133600.8124664817,0.48463233999791555,0.004460852750248158,0.19319270750855635,1523
1-6,2,direct,30851800,89,-133600.81397902663,0.48311979506979696,0.0037757905922291704,0.2058682471414707,1539
1-6,2,direct,30851800,90,-133600.81574667827,0.4813521434261929,0.0031144982902076798,0.215227063422162,1556
1-6,2,direct,30851800,91,-133600.8176786867,0.4794201350014191,0.0021420373428235203,0.2252029445125692,1574
1-6,2,direct,30851800,92,-133600.8203015922,0.4767972294939682,0.004909430270222317,0.2577531132250835,1591
1-6,2,direct,30851800,93,-133600.8237499551,0.47334886659518816,0.003142605646087311,0.3347062372034052,1609
1-6,2,direct,30851800,94,-133600.82882909643,0.4682697252719663,0.003297809242641749,0.4604846142504983,1627
1-6,2,direct,30851800,95,-133600.8360707266,0.46102809510193765,0.00644641460697066,0.6377621918751318,1645
1-6,2,direct,30851800,96,-133600.84374746683,0.45335135486675426,0.005485204814894442,0.8851023364362592,1664
1-6,2,direct,30851800,97,-133600.8576745264,0.43942429529852234,0.006638997173325769,0.8518579698128147,1676
1-6,2,direct,30851800,98,-133600.8672004164,0.4298984053020831,0.008556519101179582,0.8404165597993322,1686
1-6,2,direct,30851800,99,-133600.89015213223,0.40694668947253376,0.010491008673230233,0.7567014339478736,1698
1-6,2,direct,30851800,100,-133600.91098761858,0.38611120311543345,0.00692311564401689,0.7366211165983683,1710
1-6,2,direct,30851800,101,-133600.9459341135,0.3511647082050331,0.010854973503870356,0.7332272601449309,1728
1-6,2,direct,30851800,102,-133600.97663753692,0.3204612847766839,0.01569401312778701,0.8610110978236005,1744
1-6,2,direct,30851800,103,-133601.00435832032,0.29274050137610175,0.02006517850034892,1.1440895792807746,1762
1-6,2,direct,30851800,104,-133601.02499951734,0.2720993043622002,0.008075455322882258,1.0228363441715982,1774
1-6,2,direct,30851800,105,-133601.08264670306,0.2144521186419297,0.01215312965823334,0.6841963188062541,1790
1-6,2,direct,30851800,106,-133601.12117108708,0.1759277346136514,0.008629523543150571,0.710858660792729,1808
1-6,2,direct,30851800,107,-133601.13542291455,0.16167590714758262,0.011170456317759453,0.6650158876375845,1820
1-6,2,direct,30851800,108,-133601.1535444733,0.14355434841127135,0.005700579587958111,0.5375148713300345,1837
1-6,2,direct,30851800,109,-133601.16414235582,0.1329564658808522,0.007301939778537967,0.44732056497655887,1853
1-6,2,direct,30851800,110,-133601.17349382082,0.12360500087379478,0.00418390438840745,0.40644002133287976,1868
1-6,2,direct,30851800,111,-133601.18026428585,0.11683453584555537,0.0064159913758806185,0.3905248914489569,1880
1-6,2,direct,30851800,112,-133601.18610983583,0.11098898586351424,0.006260359969707869,0.3643253480697689,1892
1-6,2,direct,30851800,113,-133601.19148775816,0.10561106353998184,0.004175347509598886,0.341931037683829,1904
1-6,2,direct,30851800,114,-133601.19676908007,0.10032974163186736,0.006674519629892516,0.3416996383801855,1920
1-6,2,direct,30851800,115,-133601.20206278312,0.0950360385759268,0.006939906733479922,0.35123843189704396,1936
1-6,2,direct,30851800,116,-133601.2068308983,0.09026792339864187,0.007764985310777971,0.344142186585311,1952
1-6,2,direct,30851800,117,-133601.21121492476,0.08588389694341458,0.005653392858351085,0.317634110801265,1968
1-6,2,direct,30851800,118,-133601.2152374479,0.08186137379379943,0.006010256391457422,0.2859324062021101,1984
1-6,2,direct,30851800,119,-133601.21860512908,0.07849369262112305,0.004946564042781706,0.2613783689821645,1999
1-6,2,direct,30851800,120,-133601.2209737442,0.0761250774958171,0.006246183513605764,0.23515311456923826,2011
1-6,2,direct,30851800,121,-133601.2229594951,0.07413932660710998,0.004466392438585014,0.2184923647069087,2026
1-6,2,direct,30851800,122,-133601.22475748745,0.07234133424935862,0.00587820870341146,0.2072309319295933,2040
1-6,2,direct,30851800,123,-133601.2265610581,0.07053776358952746,0.0015155345882609903,0.1975892942777822,2058
1-6,2,direct,30851800,124,-133601.22800788755,0.06909093415015377,0.004587944941235915,0.18236836230478976,2074
1-6,2,direct,30851800,125,-133601.2291487249,0.06795009679626673,0.0012823032100962987,0.16941000130075565,2092
1-6,2,direct,30851800,126,-133601.23036289695,0.06673592474544421,0.003264242162553461,0.16786733927646585,2108
1-6,2,direct,30851800,127,-133601.23179163077,0.06530719093279913,0.004780575214056452,0.1758120487015582,2124
1-6,2,direct,30851800,128,-133601.23319478592,0.06390403577825055,0.003323957334748234,0.1821369630011463,2140
1-6,2,direct,30851800,129,-133601.23446215625,0.0626366654469166,0.0024870698645880185,0.18416813466646118,2156
1-6,2,direct,30851800,130,-133601.23583483463,0.06126398706692271,0.0017370961406519927,0.18758770215363685,2173
1-6,2,direct,30851800,131,-133601.23722724125,0.05987158045172691,0.003707465832973443,0.1881533448958764,2187
1-6,2,direct,30851800,132,-133601.23899843037,0.05810039132484235,0.0037132002215595323,0.1860193290956089,2205
1-6,2,direct,30851800,133,-133601.24067288302,0.056425938673783094,0.006124549959579869,0.19306415233986554,2223
1-6,2,direct,30851800,134,-133601.24163303679,0.0554657849133946,0.004955076648832968,0.17329236739521825,2237
1-6,2,direct,30851800,135,-133601.24273033594,0.05436848575482145,0.003529887944592125,0.15328918314692747,2251
1-6,2,direct,30851800,136,-133601.2439118543,0.053186967386864126,0.004014128627119463,0.15614310789186356,2266
1-6,2,direct,30851800,137,-133601.24502439186,0.052074429841013625,0.002889014822953654,0.1756063604316529,2281
1-6,2,direct,30851800,138,-133601.24608903736,0.05100978433620185,0.0046354358552296955,0.18666210493906296,2298
1-6,2,direct,30851800,139,-133601.2475632142,0.04953560751164332,0.0018000123030820676,0.2014716603722448,2316
1-6,2,direct,30851800,140,-133601.24914161066,0.04795721103437245,0.003273246874606292,0.22335175008342148,2333
1-6,2,direct,30851800,141,-133601.2515366208,0.045562200888525695,0.0045070833903545215,0.2588072656083482,2348
1-6,2,direct,30851800,142,-133601.25457354757,0.04252527412609197,0.003843225482812157,0.30269600019939236,2366
1-6,2,direct,30851800,143,-133601.257497275,0.039601546712219715,0.004430524751860064,0.35411806767571824,2384
1-6,2,direct,30851800,144,-133601.26050127594,0.036597545753465965,0.0016716575649686923,0.3307467380077281,2402
1-6,2,direct,30851800,145,-133601.264215222,0.03288359969155863,0.0015839372847576188,0.2868322923829458,2420
1-6,2,direct,30851800,146,-133601.26750018058,0.02959864112199284,0.004989570497583464,0.28621522757322987,2437
1-6,2,direct,30851800,147,-133601.27035628766,0.026742534042568877,0.005600038678118827,0.30765822971085777,2454
1-6,2,direct,30851800,148,-133601.27371498905,0.023383832653053105,0.0040799365349919155,0.2971681279456873,2466
1-6,2,direct,30851800,149,-133601.2763912289,0.020707592804683372,0.0023544182242156196,0.289557661959191,2483
1-6,2,direct,30851800,150,-133601.27943713544,0.017661686259089038,0.004637608059267371,0.2935428721886063,2501
1-6,2,direct,30851800,151,-133601.2829661801,0.014132641605101526,0.005168888761361005,0.33290646484173375,2519
1-6,2,direct,30851800,152,-133601.2861786203,0.010920201399130747,0.00701766275908599,0.3555835965987935,2535
1-6,2,direct,30851800,153,-133601.28969487565,0.00740394604508765,0.005888997084882429,0.34162250527897103,2551
1-6,2,direct,30851800,154,-133601.29207791277,0.005020908924052492,0.004936378457736947,0.3501585684800411,2567
1-6,2,direct,30851800,155,-133601.2944316977,0.0026671240048017353,0.002915150090596603,0.36977608722225946,2584
1-6,2,direct,30851800,156,-133601.2970988217,0.0,0.005342042907721354,0.40690281994016675,2601
1-6,2,transformed,30851803,0,-133598.21361473843,2.613885489961831,0.03598348964782238,1.7840629200573885,37
1-6,2,transformed,30851803,1,-133598.27418823662,2.5533119917672593,0.02021798879343873,1.515254062324895,50
1-6,2,transformed,30851803,2,-133598.3283134526,2.499186775792623,0.02295427657899459,1.2245394038474866,66
1-6,2,transformed,30851803,3,-133598.3868811995,2.440619028900983,0.020055192268258425,0.855071849030085,83
1-6,2,transformed,30851803,4,-133598.42901857532,2.39848165307194,0.011593700359861991,0.9818015343254901,102
1-6,2,transformed,30851803,5,-133598.4492537785,2.3782464498945046,0.02148055220131584,1.0614028947788425,114
1-6,2,transformed,30851803,6,-133598.4778069582,2.3496932701964397,0.017421794277286642,1.0962156344603153,131
1-6,2,transformed,30851803,7,-133598.52676609252,2.3007341358752456,0.013173877787894276,1.094441573132382,148
1-6,2,transformed,30851803,8,-133598.6012239284,2.2262763000035193,0.016959100545495345,1.0678563642471215,165
1-6,2,transformed,30851803,9,-133598.7049331882,2.1225670402054675,0.014065021483101106,1.0550779804792545,183
1-6,2,transformed,30851803,10,-133598.82345374153,2.0040464868652634,0.02419785875351439,1.1725774046626591,202
1-6,2,transformed,30851803,11,-133598.90046074011,1.9270394882769324,0.021924328541503776,1.4586640770671981,221
1-6,2,transformed,30851803,12,-133598.9488209518,1.878679276589537,0.017912407754204496,1.478975793720347,238
1-6,2,transformed,30851803,13,-133599.02182161796,1.8056786104280036,0.005991471822013283,1.3944893368567435,256
1-6,2,transformed,30851803,14,-133599.13176078856,1.695739439834142,0.01515060451115479,1.2581951470107418,274
1-6,2,transformed,30851803,15,-133599.25273553684,1.574764691555174,0.006871674914284926,1.2276504389298042,293
1-6,2,transformed,30851803,16,-133599.31087470442,1.5166255239746533,0.01705905288453758,1.2810522560039685,310
1-6,2,transformed,30851803,17,-133599.36326682722,1.46423340117326,0.013116431892524587,1.208367163626182,327
1-6,2,transformed,30851803,18,-133599.42711222247,1.4003880059171934,0.013513169711567253,1.030703920495476,344
1-6,2,transformed,30851803,19,-133599.47211482123,1.3553854071651585,0.007557568915006013,1.0340463548814371,362
1-6,2,transformed,30851803,20,-133599.5098038157,1.3176964127051178,0.011291372527886706,1.0529696757127252,379
1-6,2,transformed,30851803,21,-133599.54792220582,1.2795780225715134,0.009052587236563532,1.0132975506547397,396
1-6,2,transformed,30851803,22,-133599.5965452795,1.2309549489000347,0.012481735494585392,1.0264615999286792,413
1-6,2,transformed,30851803,23,-133599.63827257976,1.189227648632368,0.016294509253607443,1.0758524957396902,431
1-6,2,transformed,30851803,24,-133599.6821180143,1.1453822141047567,0.008289750548905829,1.153936905202491,449
1-6,2,transformed,30851803,25,-133599.74060752845,1.0868926999391988,0.013309607230753643,1.3434272238527518,467
1-6,2,transformed,30851803,26,-133599.7993978645,1.0281023638963234,0.01876832482458796,1.405467948262939,485
1-6,2,transformed,30851803,27,-133599.87549300952,0.9520072188752238,0.00654920001816027,1.4302533847865282,506
1-6,2,transformed,30851803,28,-133599.9371342825,0.8903659459028859,0.010589382291231039,1.404028130373602,522
1-6,2,transformed,30851803,29,-133600.00151465362,0.8259855747746769,0.01021563788342088,1.3927409865625484,540
1-6,2,transformed,30851803,30,-133600.0753485324,0.7521516959823202,0.011184001119729652,1.1503116494454102,558
1-6,2,transformed,30851803,31,-133600.118852328,0.7086479003774002,0.013925412611737445,1.0023703613160204,575
1-6,2,transformed,30851803,32,-133600.1583431244,0.6691571039846167,0.009908259226928859,0.9175239499800828,592
1-6,2,transformed,30851803,33,-133600.1911440015,0.6363562268961687,0.008787102623863442,0.8724782188708212,610
1-6,2,transformed,30851803,34,-133600.22051052953,0.6069896988628898,0.013680912217481501,0.7953451176563324,622
1-6,2,transformed,30851803,35,-133600.24162629314,0.585873935255222,0.01133613755534227,0.6655043972786097,639
1-6,2,transformed,30851803,36,-133600.25543307842,0.5720671499730088,0.008479620768828949,0.5655398981046321,652
1-6,2,transformed,30851803,37,-133600.2662791288,0.561221099604154,0.009599290921271653,0.536640696182937,669
1-6,2,transformed,30851803,38,-133600.27704694646,0.5504532819322776,0.014084091737540915,0.5574409224771107,684
1-6,2,transformed,30851803,39,-133600.2874104029,0.5400898254883941,0.01034281060176317,0.5546641308333892,701
1-6,2,transformed,30851803,40,-133600.29946123745,0.5280389909457881,0.0077128009361856105,0.581300761786126,715
1-6,2,transformed,30851803,41,-133600.31151057532,0.5159896530676633,0.008504640634109845,0.6028466080587065,730
1-6,2,transformed,30851803,42,-133600.32641234677,0.5010878816246986,0.009650778178423369,0.6176304524581503,746
1-6,2,transformed,30851803,43,-133600.33955408575,0.48794614264625125,0.012679535201872604,0.5671854042638745,762
1-6,2,transformed,30851803,44,-133600.34854404748,0.47895618091570213,0.009277512172579234,0.46963774226128435,773
1-6,2,transformed,30851803,45,-133600.3570930487,0.47040717970230617,0.008471030693092909,0.4057201123882112,788
1-6,2,transformed,30851803,46,-133600.36292485695,0.46457537144306116,0.006282659052540968,0.4281144227741511,802
1-6,2,transformed,30851803,47,-133600.36891462727,0.45858560112537816,0.006413700734333024,0.4568850695271555,816
1-6,2,transformed,30851803,48,-133600.37684266467,0.45065756372059695,0.004688584896290807,0.48974377064452773,830
1-6,2,transformed,30851803,49,-133600.38723768631,0.44026254207710735,0.007983977806387604,0.5293387626012986,847
1-6,2,transformed,30851803,50,-133600.3956819237,0.4318183046998456,0.031218138523111148,0.5228081600318053,872
1-6,2,transformed,30851803,51,-133600.4007983446,0.4267018837854266,0.03230199762580261,0.430145594439466,881
1-6,2,transformed,30851803,52,-133600.40552877198,0.4219714564096648,0.006410161663656371,0.3496186367715397,892
1-6,2,transformed,30851803,53,-133600.4109635661,0.4165366622910369,0.0063138300767773435,0.26292103100645425,906
1-6,2,transformed,30851803,54,-133600.41598161784,0.411518610548228,0.004027548627990985,0.24417768741133347,922
1-6,2,transformed,30851803,55,-133600.41857649563,0.4089237327571027,0.003530937563930898,0.2888634640482607,934
1-6,2,transformed,30851803,56,-133600.4212453884,0.4062548399961088,0.002452395842518817,0.30992080067981614,946
1-6,2,transformed,30851803,57,-133600.42501443753,0.4024857908661943,0.003491133773506798,0.30842956072300265,958
1-6,2,transformed,30851803,58,-133600.43096230231,0.3965379260771442,0.00263405530247803,0.3212336555246078,976
1-6,2,transformed,30851803,59,-133600.43590484245,0.3915953859395813,0.009229523501724264,0.364968123913223,989
1-6,2,transformed,30851803,60,-133600.44092942492,0.3865708034718409,0.005193036746624782,0.39996084083086275,1006
1-6,2,transformed,30851803,61,-133600.44720736385,0.3802928645454813,0.009369416629767735,0.40741704061492995,1022
1-6,2,transformed,30851803,62,-133600.45370381017,0.37379641822190024,0.006641178260119212,0.3887508301210237,1039
1-6,2,transformed,30851803,63,-133600.45999440242,0.3675058259686921,0.004400305853458702,0.39523001062304075,1054
1-6,2,transformed,30851803,64,-133600.4663817311,0.36111849729786627,0.00554317475957905,0.441664137554163,1067
1-6,2,transformed,30851803,65,-133600.4743647355,0.3531354928854853,0.005628135354403008,0.4928033836593691,1084
1-6,2,transformed,30851803,66,-133600.48280108158,0.3446991468081251,0.00957655400471654,0.5084356921721722,1100
1-6,2,transformed,30851803,67,-133600.49448905222,0.33301117617520504,0.00532138770816916,0.5330668624933323,1118
1-6,2,transformed,30851803,68,-133600.50859461853,0.3189056098635774,0.0074580237012017506,0.6258836942881005,1137
1-6,2,transformed,30851803,69,-133600.52201622663,0.30548400175757706,0.0059996155128763965,0.823987209240646,1156
1-6,2,transformed,30851803,70,-133600.5389845668,0.2885156615811866,0.0073715439969106395,0.8172766294349856,1168
1-6,2,transformed,30851803,71,-133600.5578681804,0.26963204800267704,0.014356902963642969,0.8036497815537591,1183
1-6,2,transformed,30851803,72,-133600.58081989625,0.24668033214402385,0.015031241419807004,0.7719737879883424,1196
1-6,2,transformed,30851803,73,-133600.61109025046,0.21640997793292627,0.010758950529139142,0.712581300053186,1212
1-6,2,transformed,30851803,74,-133600.64097229822,0.18652793017099611,0.008438110790251271,0.7203460322421111,1229
1-6,2,transformed,30851803,75,-133600.66131498636,0.16618524203659035,0.010905407861777924,0.8050895994430962,1247
1-6,2,transformed,30851803,76,-133600.67438597576,0.15311425263644196,0.00993955279410345,0.7536932430005086,1261
1-6,2,transformed,30851803,77,-133600.69645264125,0.13104758714325726,0.014110691041252673,0.6100714085391303,1273
1-6,2,transformed,30851803,78,-133600.71280464352,0.11469558486714959,0.00810076985895626,0.523888023448808,1287
1-6,2,transformed,30851803,79,-133600.72887541613,0.09862481226446107,0.007962745080072754,0.5326040638860454,1304
1-6,2,transformed,30851803,80,-133600.74222450587,0.08527572252205573,0.006621217738318035,0.6038493383744948,1322
1-6,2,transformed,30851803,81,-133600.75483671128,0.07266351711587049,0.006022738177713146,0.6066261300182165,1339
1-6,2,transformed,30851803,82,-133600.77023318573,0.05726704266271554,0.010462725588412825,0.5302129377483963,1352
1-6,2,transformed,30851803,83,-133600.7812261776,0.04627405077917501,0.013573492264749321,0.45721931296575163,1368
1-6,2,transformed,30851803,84,-133600.78867651912,0.03882370927021839,0.0074072956931571345,0.4228950829253041,1384
1-6,2,transformed,30851803,85,-133600.79487949066,0.03262073773657903,0.0034290448570262477,0.3939701699698708,1401
1-6,2,transformed,30851803,86,-133600.80001264656,0.02748758182860911,0.005882133105271707,0.310383599287103,1417
1-6,2,transformed,30851803,87,-133600.80335692593,0.024143302463926375,0.009737971576174004,0.2448461742885257,1430
1-6,2,transformed,30851803,88,-133600.80560553886,0.02189468953292817,0.003581440259508018,0.20774515260435658,1447
1-6,2,transformed,30851803,89,-133600.80731305332,0.020187175075989217,0.004410647181883773,0.18825618903082908,1464
1-6,2,transformed,30851803,90,-133600.80868369085,0.01881653754389845,0.003020387916471507,0.17455220804838822,1476
1-6,2,transformed,30851803,91,-133600.80989731866,0.017602909734705463,0.004402818976830947,0.16820158271506197,1488
1-6,2,transformed,30851803,92,-133600.81113870212,0.01636152627179399,0.0005270376863850822,0.17568349353286739,1505
1-6,2,transformed,30851803,93,-133600.8124715158,0.015028712601633742,0.0034390055346136873,0.18743343595120784,1521
1-6,2,transformed,30851803,94,-133600.8138690926,0.0136311357782688,0.0033197138216720587,0.18933605244783192,1537
1-6,2,transformed,30851803,95,-133600.81523088642,0.012269341968931258,0.002404149196624921,0.1753235390605331,1554
1-6,2,transformed,30851803,96,-133600.81648859673,0.011011631664587185,0.004761535517327391,0.1572229713088664,1566
1-6,2,transformed,30851803,97,-133600.8174676624,0.010032566002337262,0.0029714482070701577,0.1493039729175122,1578
1-6,2,transformed,30851803,98,-133600.8182684935,0.009231734904460609,0.0025297665429352993,0.1493039729175122,1594
1-6,2,transformed,30851803,99,-133600.81921408916,0.008286139229312539,0.0010409147493681272,0.15719726027512823,1612
1-6,2,transformed,30851803,100,-133600.82025179538,0.0072484330157749355,0.002419965724661856,0.1662475441509616,1629
1-6,2,transformed,30851803,101,-133600.8216925022,0.005807726178318262,0.003993047117799092,0.17722615555715715,1645
1-6,2,transformed,30851803,102,-133600.82289415703,0.004606071364833042,0.004324403351083334,0.17406369840736313,1661
1-6,2,transformed,30851803,103,-133600.82388737262,0.003612855769461021,0.0023130997341152945,0.15606597479064907,1677
1-6,2,transformed,30851803,104,-133600.82480684537,0.0026933830231428146,0.003406994847849229,0.14074219868270393,1689
1-6,2,transformed,30851803,105,-133600.82559420684,0.0019060215563513339,0.004626669544962503,0.1351629043615226,1703
1-6,2,transformed,30851803,106,-133600.82632605705,0.001174171338789165,0.0020273191677093673,0.1296607431415557,1719
1-6,2,transformed,30851803,107,-133600.82693137435,0.000568854040466249,0.003137543604664784,0.12251307576234642,1735
1-6,2,transformed,30851803,108,-133600.8275002284,0.0,0.003130116559097988,0.12035334892834074,1751
1-6,5,direct,30851807,0,-133596.32961658825,3.0773423373466358,0.0347864158550985,1.6107962636959083,29
1-6,5,direct,30851807,1,-133596.382235654,3.02472327160649,0.018303951160354572,1.5601198161979892,40
1-6,5,direct,30851807,2,-133596.43845002414,2.9685089014528785,0.009651155559778076,1.5070265315286828,57
1-6,5,direct,30851807,3,-133596.51936199272,2.8875969328801148,0.005878313694161824,1.420611747134717,76
1-6,5,direct,30851807,4,-133596.63202420672,2.774934718880104,0.009025087245886541,1.2913880915667102,95
1-6,5,direct,30851807,5,-133596.7818555417,2.625103383907117,0.00885591121520612,1.1065257589893185,114
1-6,5,direct,30851807,6,-133596.95802559372,2.4489333318779245,0.01150751302834455,0.8352229309842232,133
1-6,5,direct,30851807,7,-133597.09636175065,2.3105971749464516,0.010135706900686072,0.7128898324580439,153
1-6,5,direct,30851807,8,-133597.1171179158,2.2898410097986925,0.006220030499122642,0.7096245311732972,172
1-6,5,direct,30851807,9,-133597.13177274392,2.275186181679601,0.013248040455202503,0.614442284274618,187
1-6,5,direct,30851807,10,-133597.14762514512,2.259333780471934,0.010297011956365976,0.48827824172145246,204
1-6,5,direct,30851807,11,-133597.1654917332,2.241467192390701,0.0036131675918937055,0.4083683488632421,223
1-6,5,direct,30851807,12,-133597.1723212469,2.234637678688159,0.00610791318024947,0.4490946263044921,241
1-6,5,direct,30851807,13,-133597.18062929128,2.2263296343153343,0.0030143616393227377,0.5073558287551694,260
1-6,5,direct,30851807,14,-133597.19173357773,2.215225347870728,0.006666689422613363,0.5734331854622481,278
1-6,5,direct,30851807,15,-133597.21072903014,2.1962298954604194,0.0069310356094270924,0.6930666254459203,297
1-6,5,direct,30851807,16,-133597.24149218257,2.1654667430266272,0.012694903600250879,0.9129730970084279,316
1-6,5,direct,30851807,17,-133597.2774386959,2.1295202297042124,0.007190864903619756,1.2804351911942526,335
1-6,5,direct,30851807,18,-133597.3119613735,2.0949975521070883,0.019448865300420434,1.4571214150429086,352
1-6,5,direct,30851807,19,-133597.3716148547,2.0353440709004644,0.024729206966371667,1.5938012703949826,371
1-6,5,direct,30851807,20,-133597.44507240003,1.9618865255615674,0.007118280505822681,3.1628171042663764,388
1-6,5,direct,30851807,21,-133597.39322777034,2.013731155253481,0.027150096259203498,3.0569904894000977,407
1-6,5,direct,30851807,22,-133597.50169630157,1.9052626240300015,0.02323943242048208,2.1572328637330855,425
1-6,5,direct,30851807,23,-133597.58247003626,1.8244888893386815,0.009733941176355626,1.648771460527175,441
1-6,5,direct,30851807,24,-133597.64057586988,1.766383055713959,0.017586348347419404,1.207287300209179,458
1-6,5,direct,30851807,25,-133597.70962612305,1.6973328025487717,0.007614070827270471,1.078192199809863,476
1-6,5,direct,30851807,26,-133597.76181416045,1.6451447651488706,0.01008232604534097,1.014917345780244,495
1-6,5,direct,30851807,27,-133597.789869916,1.6170890095818322,0.014777510761657627,1.0263587557937266,511
1-6,5,direct,30851807,28,-133597.83130414961,1.5756547759810928,0.020708742248587753,0.9019173525010179,528
1-6,5,direct,30851807,29,-133597.8759727286,1.5309861970017664,0.021025203778622843,0.7854720807008779,545
1-6,5,direct,30851807,30,-133597.90069808258,1.5062608430162072,0.013211511661688536,0.8090233876050352,563
1-6,5,direct,30851807,31,-133597.925792423,1.4811665026063565,0.009547535836085313,0.8402108715294268,581
1-6,5,direct,30851807,32,-133597.9532342897,1.4537246359104756,0.006870252719702716,0.85080381742955,599
1-6,5,direct,30851807,33,-133597.98875821018,1.4182007154158782,0.00779045072807538,0.8134713964417374,618
1-6,5,direct,30851807,34,-133598.0135447898,1.3934141357894987,0.012092928278051125,0.7830295324957524,635
1-6,5,direct,30851807,35,-133598.04186313524,1.3650957903591916,0.007358940064270059,0.8386424984713989,654
1-6,5,direct,30851807,36,-133598.06809001355,1.3388689120474737,0.010888108728328523,0.8653562625253501,673
1-6,5,direct,30851807,37,-133598.09612195916,1.3108369664405473,0.008850590415068485,0.7565985898129208,691
1-6,5,direct,30851807,38,-133598.1199044386,1.2870544870093,0.006223455192425042,0.6221298833623288,707
1-6,5,direct,30851807,39,-133598.14333072104,1.2636282045568805,0.0025672715670555044,0.485681427313898,725
1-6,5,direct,30851807,40,-133598.15043207648,1.2565268491161987,0.008842081023285207,0.42783160140303134,739
1-6,5,direct,30851807,41,-133598.15662865335,1.2503302722470835,0.006101208424134427,0.36926186654749615,756
1-6,5,direct,30851807,42,-133598.164084165,1.2428747605881654,0.009922443532831195,0.3246275119780453,775
1-6,5,direct,30851807,43,-133598.16882098708,1.2381379385187756,0.00697209786386121,0.31604002670949893,793
1-6,5,direct,30851807,44,-133598.17311045394,1.233848471660167,0.004478091225941902,0.3155515170684738,807
1-6,5,direct,30851807,45,-133598.17754713443,1.2294117911660578,0.0034133968487617882,0.3311066924800624,825
1-6,5,direct,30851807,46,-133598.18206109523,1.2248978303687181,0.0061447112163472845,0.3460448030819351,843
1-6,5,direct,30851807,47,-133598.18709710648,1.2198618191177957,0.004975769439537107,0.3587203427148494,861
1-6,5,direct,30851807,48,-133598.19375532452,1.2132036010734737,0.0038052823390033862,0.39404730307108526,880
1-6,5,direct,30851807,49,-133598.20170717186,1.2052517537376843,0.0025703326214759448,0.484884385268015,899
1-6,5,direct,30851807,50,-133598.20943860698,1.197520318615716,0.02833980765520031,0.5574666335108489,926
1-6,5,direct,30851807,51,-133598.21529789874,1.191661026852671,0.023374292553779836,0.49555446426935257,935
1-6,5,direct,30851807,52,-133598.2210471204,1.185911805194337,0.004483103282624355,0.4584791536189216,946
1-6,5,direct,30851807,53,-133598.22797894894,1.1789799766556825,0.004782389184593201,0.353449580798526,963
1-6,5,direct,30851807,54,-133598.2353956844,1.1715632411942352,0.004721061261206524,0.3352461689119066,979
1-6,5,direct,30851807,55,-133598.243128344,1.163830581586808,0.004895624512098117,0.3919132872708177,996
1-6,5,direct,30851807,56,-133598.2512282213,1.1557307042821776,0.008126011798323849,0.5038591281667791,1014
1-6,5,direct,30851807,57,-133598.26135602716,1.1456028984393924,0.008339065532313885,0.6218727730249471,1030
1-6,5,direct,30851807,58,-133598.27379707296,1.1331618526310194,0.002452241490072733,0.6906754993082712,1048
1-6,5,direct,30851807,59,-133598.29469051954,1.1122684060537722,0.013743792203385032,0.7797128091435294,1066
1-6,5,direct,30851807,60,-133598.32480672127,1.0821522043261211,0.004893607075750018,0.9393269065900449,1085
1-6,5,direct,30851807,61,-133598.36650000728,1.0404589183162898,0.007008935134579679,1.1993168797503486,1103
1-6,5,direct,30851807,62,-133598.39568666805,1.011272257543169,0.0077246357273949426,1.6619097987673763,1122
1-6,5,direct,30851807,63,-133598.44755320292,0.959405722678639,0.009198534265686105,1.4236456491158203,1139
1-6,5,direct,30851807,64,-133598.55792789176,0.8490310338384006,0.004929064759055337,1.3497778491860783,1158
1-6,5,direct,30851807,65,-133598.6457135925,0.7612453330948483,0.016277657744018178,1.427528015210283,1177
1-6,5,direct,30851807,66,-133598.74189591073,0.6650630148651544,0.020378416012933553,1.3192331411051406,1196
1-6,5,direct,30851807,67,-133598.80382494413,0.603133981465362,0.016523468194909664,1.084054315502164,1213
1-6,5,direct,30851807,68,-133598.84329682862,0.5636620969744399,0.00833503214328283,0.9475801484199953,1231
1-6,5,direct,30851807,69,-133598.87221151157,0.5347474140289705,0.007551697759137382,0.8387453426063515,1249
1-6,5,direct,30851807,70,-133598.89804001516,0.5089189104328398,0.010974332427910688,0.7149210041233588,1267
1-6,5,direct,30851807,71,-133598.92856615645,0.47839276914601214,0.004925126526861167,0.5769813081181145,1286
1-6,5,direct,30851807,72,-133598.93792578485,0.46903314074734226,0.007356798988709142,0.48395878805344106,1304
1-6,5,direct,30851807,73,-133598.94683656146,0.4601223641366232,0.006779129538826503,0.3949986113193973,1322
1-6,5,direct,30851807,74,-133598.95308198276,0.4538769428327214,0.007707910808652042,0.32514173265280855,1338
1-6,5,direct,30851807,75,-133598.95823568327,0.44872324232710525,0.003967726759795019,0.27665072302263327,1355
1-6,5,direct,30851807,76,-133598.96083518697,0.446123738627648,0.005931642946071715,0.2620468558593567,1370
1-6,5,direct,30851807,77,-133598.9633617642,0.4435971613856964,0.004455756343999255,0.25109395548689933,1387
1-6,5,direct,30851807,78,-133598.96683203228,0.4401268933143001,0.004905151016566726,0.2545649450415513,1402
1-6,5,direct,30851807,79,-133598.97070135537,0.4362575702252798,0.00380679526062317,0.27605936924665553,1419
1-6,5,direct,30851807,80,-133598.97384141327,0.4331175123224966,0.004302998644825728,0.287655045462567,1437
1-6,5,direct,30851807,81,-133598.9769750765,0.4299838490842376,0.003869253501425898,0.2835155690307228,1455
1-6,5,direct,30851807,82,-133598.9807340574,0.42622486819163896,0.0043022272754068055,0.2690659680698752,1473
1-6,5,direct,30851807,83,-133598.98451752856,0.42244139703689143,0.003669478735110615,0.2494484493276569,1490
1-6,5,direct,30851807,84,-133598.9876375861,0.41932133949012496,0.001860929845321061,0.24304640192685428,1509
1-6,5,direct,30851807,85,-133598.98996565625,0.41699326934758574,0.005991676993807764,0.24752012179729466,1526
1-6,5,direct,30851807,86,-133598.9925021656,0.4144567599869333,0.00264720804616719,0.25482205537893293,1544
1-6,5,direct,30851807,87,-133598.9953249388,0.4116339868051,0.00337045941273578,0.25543912018864884,1562
1-6,5,direct,30851807,88,-133598.99908718502,0.40787174057913944,0.002779619869323941,0.2523280851063311,1581
1-6,5,direct,30851807,89,-133599.0019367614,0.40502216419554316,0.001872020366475644,0.2421465157460186,1600
1-6,5,direct,30851807,90,-133599.0040562563,0.4029026693024207,0.00426391785064046,0.23628440005371745,1618
1-6,5,direct,30851807,91,-133599.0065654182,0.4003935073851608,0.002331226305532546,0.24345777846666491,1637
1-6,5,direct,30851807,92,-133599.0090260078,0.3979329177818727,0.006848648056834463,0.25878155457461,1655
1-6,5,direct,30851807,93,-133599.01233790562,0.3946210199792404,0.004782767650080725,0.2804816670496196,1674
1-6,5,direct,30851807,94,-133599.01677785147,0.39018107412266545,0.005818969516974783,0.31969099350031804,1694
1-6,5,direct,30851807,95,-133599.02062282033,0.38633610526449047,0.005890912055698716,0.3363517433626476,1712
1-6,5,direct,30851807,96,-133599.02475486934,0.3822040562517941,0.0021752049364893978,0.325373131956452,1731
1-6,5,direct,30851807,97,-133599.0291031128,0.3778558127814904,0.004524765058362763,0.31267188128979956,1749
1-6,5,direct,30851807,98,-133599.03343843087,0.37352049472974613,0.0021643549422502508,0.31688849082285825,1768
1-6,5,direct,30851807,99,-133599.03808504718,0.3688738784112502,0.0028837495555341214,0.33689167507114903,1787
1-6,5,direct,30851807,100,-133599.04264159378,0.3643173318123445,0.005737923686145726,0.3683876914003987,1806
1-6,5,direct,30851807,101,-133599.0474561044,0.3595028212002944,0.0072061698459119665,0.3725014567985047,1824
1-6,5,direct,30851807,102,-133599.05330451156,0.3536544140370097,0.005489077092925933,0.3694932658511397,1842
1-6,5,direct,30851807,103,-133599.06089199844,0.34606692715897225,0.004613333370073559,0.39469007891453933,1859
1-6,5,direct,30851807,104,-133599.06959392765,0.33736499794758856,0.0074511281403764,0.4825446811978421,1878
1-6,5,direct,30851807,105,-133599.07816170473,0.3287972208636347,0.010873562101644314,0.5685995111194735,1896
1-6,5,direct,30851807,106,-133599.09076901208,0.3161899135157,0.007151527768677687,0.6507976859803805,1914
1-6,5,direct,30851807,107,-133599.1083872962,0.2985716293915175,0.010204966417208753,0.6770743624607829,1933
1-6,5,direct,30851807,108,-133599.13018905887,0.27676986673031934,0.01160931086769498,0.662881871837317,1949
1-6,5,direct,30851807,109,-133599.1513822389,0.255576686700806,0.005312901739401781,0.6780513817428331,1967
1-6,5,direct,30851807,110,-133599.1686783402,0.2382805853849277,0.01209666532838164,0.7509164513567869,1984
1-6,5,direct,30851807,111,-133599.18492231332,0.22203661227831617,0.009242602436803955,0.7482167928142798,2001
1-6,5,direct,30851807,112,-133599.20657931137,0.20037961422349326,0.013186275265442438,0.7079533139803167,2018
1-6,5,direct,30851807,113,-133599.23298755355,0.17397137204534374,0.0133435122993401,0.6862532015053071,2033
1-6,5,direct,30851807,114,-133599.2550870088,0.15187191680888645,0.015767229523696587,0.744462981888508,2050
1-6,5,direct,30851807,115,-133599.2724877379,0.13447118768817745,0.009469351575017253,0.7148695820558825,2068
1-6,5,direct,30851807,116,-133599.28636663334,0.12059229225269519,0.007403237626205322,0.6176561634918883,2086
1-6,5,direct,30851807,117,-133599.30253808806,0.10442083753878251,0.008028496505714569,0.4602275039131167,2104
1-6,5,direct,30851807,118,-133599.31366128643,0.09329763916321099,0.005879185946797972,0.42526049802921506,2121
1-6,5,direct,30851807,119,-133599.31985650273,0.08710242286906578,0.00557956371773257,0.43467073637738274,2138
1-6,5,direct,30851807,120,-133599.3268087398,0.08015018579317257,0.003780811716229282,0.40744275164866817,2154
1-6,5,direct,30851807,121,-133599.3343077897,0.07265113590983674,0.007315898429679607,0.3612400240211893,2170
1-6,5,direct,30851807,122,-133599.3410653293,0.06589359630015679,0.007518762726056403,0.3475874651062248,2186
1-6,5,direct,30851807,123,-133599.34526581492,0.061693110677879304,0.006575894426124361,0.33563183441797906,2198
1-6,5,direct,30851807,124,-133599.34961977278,0.05733915281598456,0.005596986775523167,0.31467734192137625,2211
1-6,5,direct,30851807,125,-133599.3542609468,0.052697978797368705,0.003926758172097799,0.31768553286874135,2229
1-6,5,direct,30851807,126,-133599.3598613222,0.04709760338300839,0.007202946216466291,0.35764047929784654,2245
1-6,5,direct,30851807,127,-133599.3660755865,0.040883339097490534,0.008005712433991244,0.40176061319253414,2262
1-6,5,direct,30851807,128,-133599.37164807023,0.03531085536815226,0.010967050494572595,0.414513285926663,2278
1-6,5,direct,30851807,129,-133599.37713742317,0.02982150242314674,0.0037232645803458443,0.3441164755515728,2295
1-6,5,direct,30851807,130,-133599.38173750803,0.025221417570719495,0.006664874773027831,0.2727426458944325,2311
1-6,5,direct,30851807,131,-133599.38562560696,0.021333318640245125,0.005876101918883407,0.23404754011849727,2329
1-6,5,direct,30851807,132,-133599.3876542158,0.019304709800053388,0.006410045712376667,0.22988235265291485,2345
1-6,5,direct,30851807,133,-133599.38995480243,0.017004123161314055,0.003833772464856438,0.2228632404423964,2362
1-6,5,direct,30851807,134,-133599.39260900105,0.014349924545967951,0.002141640848425081,0.22990806368665304,2380
1-6,5,direct,30851807,135,-133599.395328507,0.011630418593995273,0.003907562949819453,0.2383155717190323,2398
1-6,5,direct,30851807,136,-133599.39780501527,0.009153910330496728,0.004771743307488705,0.22216904253146597,2414
1-6,5,direct,30851807,137,-133599.39951729175,0.0074416338466107845,0.004500717256351692,0.19159862341679026,2432
1-6,5,direct,30851807,138,-133599.40077255297,0.006186372629599646,0.0034409095663489784,0.15393195899038153,2449
1-6,5,direct,30851807,139,-133599.40202278012,0.004936145473038778,0.003366602855853738,0.1253670005072825,2467
1-6,5,direct,30851807,140,-133599.40281816895,0.0041407566459383816,0.003991152429665609,0.1187849758703128,2485
1-6,5,direct,30851807,141,-133599.40329708936,0.0036618362355511636,0.004136503695915731,0.11248577260446288,2498
1-6,5,direct,30851807,142,-133599.40382458206,0.0031343435402959585,0.004045888922596844,0.10922047131971618,2514
1-6,5,direct,30851807,143,-133599.40444010362,0.0025188219733536243,0.002870889571633787,0.11114879885007839,2531
1-6,5,direct,30851807,144,-133599.40494582723,0.002013098361203447,0.0023171006991898283,0.11207439606465226,2548
1-6,5,direct,30851807,145,-133599.40556815165,0.001390773948514834,0.0034463634516499605,0.10988895819690842,2565
1-6,5,direct,30851807,146,-133599.4061583666,0.0008005590061657131,0.002637184089474652,0.10868053961121475,2583
1-6,5,direct,30851807,147,-133599.40653578856,0.0004231370403431356,0.0021035202521947536,0.09968167780285772,2599
1-6,5,direct,30851807,148,-133599.4069589256,0.0,0.004359049304487936,0.08543776511191546,2615
1-6,5,transformed,30851806,0,-133596.15295047263,4.699851855053566,0.025411350076415425,1.8410385708211576,32
1-6,5,transformed,30851806,1,-133596.22090329058,4.63189903710736,0.023370560363662557,1.7458049018550021,49
1-6,5,transformed,30851806,2,-133596.29416505003,4.558637277659727,0.021129841796753836,1.640415374562272,67
1-6,5,transformed,30851806,3,-133596.40307399753,4.449728330160724,0.008569744855827191,1.5787860266918956,86
1-6,5,transformed,30851806,4,-133596.6241806607,4.228621666989056,0.01435472758252997,2.608795749276441,105
1-6,5,transformed,30851806,5,-133596.77423308816,4.078569239529315,0.01750999652127334,1.3197473617799038,124
1-6,5,transformed,30851806,6,-133596.89113755728,3.9616647704096977,0.010073344102658754,1.4262167524896365,143
1-6,5,transformed,30851806,7,-133596.9866953742,3.866106953501003,0.017039741356422364,1.482781026713595,162
1-6,5,transformed,30851806,8,-133597.05996080715,3.7928415205387864,0.01914649345520808,1.245313919107922,179
1-6,5,transformed,30851806,9,-133597.0971557789,3.755646548786899,0.028042253518449026,0.8701128037669102,196
1-6,5,transformed,30851806,10,-133597.12514228147,3.72766004622099,0.02063567686353268,0.5521187384933111,214
1-6,5,transformed,30851806,11,-133597.13999330372,3.7128090239712037,0.008175594835533487,0.4261089621425745,233
1-6,5,transformed,30851806,12,-133597.14527054387,3.707531783817103,0.006386363721977666,0.40345754141925294,251
1-6,5,transformed,30851806,13,-133597.1515450814,3.701257246284513,0.005352888469933903,0.36437677013724523,268
1-6,5,transformed,30851806,14,-133597.15910862223,3.6936937054560985,0.0060099140104499455,0.31213194958129814,286
1-6,5,transformed,30851806,15,-133597.163519724,3.6892826036782935,0.0044925126819250535,0.3014361595462223,305
1-6,5,transformed,30851806,16,-133597.1665196433,3.686282684386242,0.0027254093674178546,0.32557882022635737,324
1-6,5,transformed,30851806,17,-133597.17017807811,3.682624249573564,0.005660027019676495,0.3554550414301027,342
1-6,5,transformed,30851806,18,-133597.17595423906,3.676848088623956,0.005095412731097014,0.39211897554072306,358
1-6,5,transformed,30851806,19,-133597.18438745584,3.668414871848654,0.008573858486201461,0.4381674369657729,375
1-6,5,transformed,30851806,20,-133597.19576276772,3.657039559970144,0.005894620209077829,0.4895637934083606,393
1-6,5,transformed,30851806,21,-133597.20933839222,3.6434639354702085,0.0076973693921764345,0.6964347708656197,411
1-6,5,transformed,30851806,22,-133597.22033437734,3.632467950345017,0.011153048310517973,0.7271337451489862,429
1-6,5,transformed,30851806,23,-133597.23839783977,3.614404487918364,0.008453448998000037,0.785317814498449,447
1-6,5,transformed,30851806,24,-133597.26611086793,3.586691459757276,0.005364558515111599,0.846870029267611,467
1-6,5,transformed,30851806,25,-133597.3107371332,3.5420651944878045,0.007740584305050408,0.9674033554321189,487
1-6,5,transformed,30851806,26,-133597.33965617,3.5131461576966103,0.01547264440532588,0.9687403291865034,505
1-6,5,transformed,30851806,27,-133597.37718244037,3.4756198873219546,0.011622295078187265,1.0059699060393634,524
1-6,5,transformed,30851806,28,-133597.41170117227,3.441101155418437,0.014278033586340763,1.0647196181310656,543
1-6,5,transformed,30851806,29,-133597.45917483701,3.39362749067368,0.006467613567373437,1.1911921930890892,561
1-6,5,transformed,30851806,30,-133597.531988697,3.320813630678458,0.008691467696379056,1.428016524851308,581
1-6,5,transformed,30851806,31,-133597.6056191707,3.2471831569855567,0.0080676892739483,1.7060042216283255,601
1-6,5,transformed,30851806,32,-133597.68326808588,3.1695342418097425,0.02255825774126983,1.6631696394205462,619
1-6,5,transformed,30851806,33,-133597.76056066793,3.092241659760475,0.01589327653052563,1.5585257321062231,636
1-6,5,transformed,30851806,34,-133597.84215768313,3.0106446445570327,0.009447801272115773,1.5514809088619665,656
1-6,5,transformed,30851806,35,-133597.90983525792,2.9429670697718393,0.01468610625878744,1.6567418809860055,675
1-6,5,transformed,30851806,36,-133597.9750655767,2.8777367509901524,0.011635274531541876,1.1570993623522852,693
1-6,5,transformed,30851806,37,-133598.05043376953,2.802368558157468,0.016290894452298244,0.8671303238532834,711
1-6,5,transformed,30851806,38,-133598.09998175822,2.752820569468895,0.005212459683398992,0.9595614901419792,730
1-6,5,transformed,30851806,39,-133598.14442135338,2.708380974305328,0.014336476340986054,1.0427623953186747,748
1-6,5,transformed,30851806,40,-133598.1939949208,2.6588074069004506,0.016669350112097116,1.1139048256721713,764
1-6,5,transformed,30851806,41,-133598.2520584407,2.6007438869855832,0.014179657353733173,1.2312756946868852,781
1-6,5,transformed,30851806,42,-133598.30050844996,2.5522938777285162,0.023512591518666266,1.0230420324415035,799
1-6,5,transformed,30851806,43,-133598.33288823086,2.519914096832508,0.014653276525292446,1.6052941024759415,817
1-6,5,transformed,30851806,44,-133598.3592504858,2.493551841878798,0.018973726648167356,0.8979835643390789,835
1-6,5,transformed,30851806,45,-133598.42072604143,2.4320762862625998,0.0034329717126090615,1.018234069132467,855
1-6,5,transformed,30851806,46,-133598.5005313229,2.352271004783688,0.008955592766796769,1.20237649276519,875
1-6,5,transformed,30851806,47,-133598.57345593325,2.2793463944399264,0.01583802483317091,1.6140101429131786,895
1-6,5,transformed,30851806,48,-133598.65470096917,2.198101358517306,0.018434815538188175,1.9195857788912454,915
1-6,5,transformed,30851806,49,-133598.7256171071,2.127185220597312,0.016773365530081148,1.817255864613357,933
1-6,5,transformed,30851806,50,-133598.80067046417,2.05213186351466,0.025619522801047085,1.9445511926510015,960
1-6,5,transformed,30851806,51,-133598.84120930714,2.011593020550208,0.03263784418014103,4.717948979919162,971
1-6,5,transformed,30851806,52,-133598.92089091282,1.9319114148674998,0.014356930507471334,1.6184324407161428,985
1-6,5,transformed,30851806,53,-133599.00542403662,1.8473782910732552,0.023831060385393402,1.241508686114674,1002
1-6,5,transformed,30851806,54,-133599.11358113354,1.7392211941478308,0.02039502100695683,1.2494791065735045,1021
1-6,5,transformed,30851806,55,-133599.234152473,1.618649854674004,0.007320963344920323,1.3891414418392056,1041
1-6,5,transformed,30851806,56,-133599.31302481212,1.5397775155724958,0.018989933476256642,1.6353503009158539,1061
1-6,5,transformed,30851806,57,-133599.3534149448,1.499387382878922,0.013424221222125108,1.4601038949565353,1072
1-6,5,transformed,30851806,58,-133599.38482423162,1.4679780960723292,0.006722921229682381,1.352426085661109,1088
1-6,5,transformed,30851806,59,-133599.4263236365,1.4264786911953706,0.009302674221378057,1.2176488468056588,1104
1-6,5,transformed,30851806,60,-133599.47881603325,1.3739862944348715,0.0028426147039783633,1.0659023256830211,1121
1-6,5,transformed,30851806,61,-133599.5386440755,1.3141582521784585,0.016615503266951392,0.9565532991946142,1137
1-6,5,transformed,30851806,62,-133599.59444156723,1.2583607604610734,0.011576683595841278,1.0837972051647826,1153
1-6,5,transformed,30851806,63,-133599.62852682176,1.2242755059269257,0.011871815847639324,1.2829291614668545,1170
1-6,5,transformed,30851806,64,-133599.67449950642,1.1783028212666977,0.011740744327408662,1.4214345002143383,1187
1-6,5,transformed,30851806,65,-133599.74302321926,1.1097791084321216,0.006950421521555633,1.5355143569105671,1206
1-6,5,transformed,30851806,66,-133599.82282782043,1.0299745072552469,0.00900656349602681,1.4575327915827192,1227
1-6,5,transformed,30851806,67,-133599.89306843572,0.9597338919702452,0.005284581640348847,1.1176072145304667,1245
1-6,5,transformed,30851806,68,-133599.94466217642,0.9081401512667071,0.014289925023501472,0.9578131398477842,1261
1-6,5,transformed,30851806,69,-133599.97913056728,0.8736717604042497,0.009282454727697098,0.9828042646412786,1280
1-6,5,transformed,30851806,70,-133600.02161543252,0.8311868951714132,0.014195962876720864,1.0388028961229974,1298
1-6,5,transformed,30851806,71,-133600.06997210672,0.7828302209672984,0.004400705641977556,1.0441765021742735,1317
1-6,5,transformed,30851806,72,-133600.1301479105,0.722654417186277,0.01634256489780949,1.1674094868812885,1336
1-6,5,transformed,30851806,73,-133600.17445416987,0.6783481578167994,0.008560589688779046,1.2113239325060707,1354
1-6,5,transformed,30851806,74,-133600.23061262062,0.6221897070645355,0.011292043671730888,1.2643143730404247,1373
1-6,5,transformed,30851806,75,-133600.29344248696,0.5593598407285754,0.00798070522436151,1.194508916441312,1393
1-6,5,transformed,30851806,76,-133600.3457137912,0.5070885364839341,0.014942264520245633,1.164529851102614,1412
1-6,5,transformed,30851806,77,-133600.39172035403,0.46108197365538217,0.015853744381067396,0.8966465905846945,1428
1-6,5,transformed,30851806,78,-133600.41592501817,0.4368773095193319,0.005857497101548455,0.7463141763176557,1443
1-6,5,transformed,30851806,79,-133600.43633314967,0.416469178016996,0.010582661514737596,0.7061535416186452,1460
1-6,5,transformed,30851806,80,-133600.4615503495,0.39125197820249014,0.01064462510588294,0.7413262357724522,1477
1-6,5,transformed,30851806,81,-133600.4863049557,0.3664973719860427,0.007594525258735668,0.8135742405766899,1494
1-6,5,transformed,30851806,82,-133600.50280240286,0.3499999248306267,0.009621704674364283,0.7508650292893106,1510
1-6,5,transformed,30851806,83,-133600.5199711549,0.33283117279643193,0.011046065235233965,0.6492293129223524,1525
1-6,5,transformed,30851806,84,-133600.54121127454,0.3115910531487316,0.0057618485176951185,0.6035150949358987,1541
1-6,5,transformed,30851806,85,-133600.55570528336,0.29709704432752915,0.004520345083849469,0.6172447869520777,1559
1-6,5,transformed,30851806,86,-133600.56893613967,0.2838661880232394,0.008492097664214047,0.6133624208576152,1573
1-6,5,transformed,30851806,87,-133600.581180175,0.27162215267890133,0.006334761928710129,0.5395203319616112,1589
1-6,5,transformed,30851806,88,-133600.59264446807,0.260157859622268,0.005711743846223011,0.5326297749197835,1606
1-6,5,transformed,30851806,89,-133600.60462006312,0.2481822645640932,0.008212875527103978,0.5999669722800323,1622
1-6,5,transformed,30851806,90,-133600.61933067456,0.2334716531331651,0.010802750031301494,0.7042509251220211,1638
1-6,5,transformed,30851806,91,-133600.6365582032,0.21624412448727526,0.013302119674449657,0.7305533126361619,1652
1-6,5,transformed,30851806,92,-133600.65851942459,0.19428290310315788,0.00895207594210433,0.7426374984930985,1669
1-6,5,transformed,30851806,93,-133600.67585933625,0.17694299144204706,0.007212483642299196,0.7751619561718746,1686
1-6,5,transformed,30851806,94,-133600.69205609756,0.160746230132645,0.01355615157448807,0.6513890397563582,1700
1-6,5,transformed,30851806,95,-133600.7080026502,0.14479967748047784,0.009152086672739358,0.5103640197025344,1715
1-6,5,transformed,30851806,96,-133600.71979456837,0.13300775931566022,0.009151842592728575,0.4640584479401029,1731
1-6,5,transformed,30851806,97,-133600.73019054244,0.12261178524931893,0.008211332885209836,0.46308142865805274,1747
1-6,5,transformed,30851806,98,-133600.7378197988,0.11498252890305594,0.008401350654457223,0.4512543531384978,1764
1-6,5,transformed,30851806,99,-133600.74574851643,0.10705381125444546,0.007666773258162385,0.4568850695271555,1782
1-6,5,transformed,30851806,100,-133600.75283817103,0.09996415665955283,0.007170036135296741,0.455393829570342,1798
1-6,5,transformed,30851806,101,-133600.7601849732,0.09261735450127162,0.004749756945729927,0.4242063456459504,1814
1-6,5,transformed,30851806,102,-133600.76647298032,0.08632934736669995,0.005623538111802895,0.38494559712777554,1830
1-6,5,transformed,30851806,103,-133600.77073836513,0.08206396255991422,0.0031933073678863575,0.34231670318990143,1847
1-6,5,transformed,30851806,104,-133600.77415978877,0.07864253892330453,0.0031418956973589523,0.2868837144504221,1863
1-6,5,transformed,30851806,105,-133600.77688487305,0.07591745464014821,0.006767738772822798,0.2283396906286251,1880
1-6,5,transformed,30851806,106,-133600.77890042044,0.07390190724981949,0.0037160175918536324,0.18964458485268987,1896
1-6,5,transformed,30851806,107,-133600.78014561348,0.07265671421191655,0.003579747384330441,0.16941000130075565,1913
1-6,5,transformed,30851806,108,-133600.7811095768,0.07169275087653659,0.003111614270370073,0.1492525508500359,1928
1-6,5,transformed,30851806,109,-133600.7819562591,0.07084606858552434,0.0015610885380313933,0.13017496381631896,1945
1-6,5,transformed,30851806,110,-133600.78259450218,0.07020782551262528,0.0036151906761880503,0.1423105717407319,1961
1-6,5,transformed,30851806,111,-133600.7832195477,0.06958277997910045,0.0037437318858860808,0.1342630181806869,1975
1-6,5,transformed,30851806,112,-133600.78403847438,0.06876385331270285,0.0019432411545888932,0.13395448577582894,1993
1-6,5,transformed,30851806,113,-133600.7849538654,0.06784846229129471,0.0032621966692601475,0.1545747348338356,2009
1-6,5,transformed,30851806,114,-133600.78581116014,0.06699116755044088,0.0013570287991224953,0.17244390328185885,2025
1-6,5,transformed,30851806,115,-133600.78695662343,0.06584570425911807,0.00305035709687433,0.19247279856388777,2041
1-6,5,transformed,30851806,116,-133600.78826236184,0.06453996585332789,0.001061563499048511,0.21982933846129316,2058
1-6,5,transformed,30851806,117,-133600.78943680524,0.06336552245193161,0.0024220860547403927,0.23224776775682585,2075
1-6,5,transformed,30851806,118,-133600.7906339702,0.06216835748637095,0.0043132838168703615,0.22983093058543858,2092
1-6,5,transformed,30851806,119,-133600.79220760465,0.06059472303604707,0.004363201711406523,0.21471284274739877,2109
1-6,5,transformed,30851806,120,-133600.79365008022,0.05915224747150205,0.004722093482081268,0.20432558511718088,2125
1-6,5,transformed,30851806,121,-133600.7949443898,0.057857937877997756,0.0031608154922564795,0.19897769009964303,2141
1-6,5,transformed,30851806,122,-133600.796424145,0.05637818269315176,0.002904073507300967,0.20247439068803316,2159
1-6,5,transformed,30851806,123,-133600.79835792218,0.05444440551218577,0.002028602468271559,0.21075334355172162,2178
1-6,5,transformed,30851806,124,-133600.8003748301,0.052427497575990856,0.0029827370793712163,0.22831397959488695,2196
1-6,5,transformed,30851806,125,-133600.80286235898,0.04993996871053241,0.0028117395825617347,0.26238109929795284,2214
1-6,5,transformed,30851806,126,-133600.8059843213,0.046818006376270205,0.002674721373069287,0.3145230757189473,2234
1-6,5,transformed,30851806,127,-133600.8099543265,0.04284800117602572,0.003153690852637698,0.3582318330738243,2254
1-6,5,transformed,30851806,128,-133600.81313574573,0.03966658195713535,0.007472656247806135,0.3617028226284763,2272
1-6,5,transformed,30851806,129,-133600.81837162463,0.03443070306093432,0.0019798039575635775,0.35144412016694926,2290
1-6,5,transformed,30851806,130,-133600.82221863436,0.030583693325752392,0.004641481978204416,0.3805490103585497,2308
1-6,5,transformed,30851806,131,-133600.82517229428,0.027630033408058807,0.006463239666213377,0.35617495037477126,2324
1-6,5,transformed,30851806,132,-133600.82780322718,0.024999100511195138,0.003847433435095029,0.3338063510225695,2338
1-6,5,transformed,30851806,133,-133600.8296833979,0.023118929791962728,0.003796234140146509,0.30855811589169346,2354
1-6,5,transformed,30851806,134,-133600.8310212457,0.021781081974040717,0.003083961587897784,0.29048325917376494,2370
1-6,5,transformed,30851806,135,-133600.83281610874,0.01998621894745156,0.0013974819612697124,0.26711192950577484,2388
1-6,5,transformed,30851806,136,-133600.83502390457,0.01777842312003486,0.002036159307823221,0.23317336497139973,2406
1-6,5,transformed,30851806,137,-133600.836231818,0.0165705097024329,0.004552650137628148,0.21255311591339304,2422
1-6,5,transformed,30851806,138,-133600.8372828578,0.01551946988911368,0.0019555812261246733,0.1875362800861605,2440
1-6,5,transformed,30851806,139,-133600.83842995376,0.014372373931109905,0.001141312816597442,0.15316062797823665,2458
1-6,5,transformed,30851806,140,-133600.8391997639,0.013602563791209832,0.0019589538291510944,0.13598565744114383,2472
1-6,5,transformed,30851806,141,-133600.83985610254,0.012946225149789825,0.002496541389215083,0.13603707950862012,2489
1-6,5,transformed,30851806,142,-133600.84055325825,0.012249069433892146,0.004450065726828742,0.14143639659363436,2506
1-6,5,transformed,30851806,143,-133600.84116605867,0.011636269016889855,0.0038265731512507908,0.1408964648851329,2523
1-6,5,transformed,30851806,144,-133600.84185028897,0.010952038719551638,0.002587044227510259,0.14164208486353966,2541
1-6,5,transformed,30851806,145,-133600.8427486729,0.010053654783405364,0.0027252356936636806,0.13685983258824133,2560
1-6,5,transformed,30851806,146,-133600.84355889194,0.009243435750249773,0.0020034038973628303,0.13115198309836917,2576
1-6,5,transformed,30851806,147,-133600.84436407685,0.008438250835752115,0.004041608237170085,0.13891671528729438,2591
1-6,5,transformed,30851806,148,-133600.84514558787,0.0076567398209590465,0.0024607267053260414,0.14344185722521105,2608
1-6,5,transformed,30851806,149,-133600.84603553623,0.006766791455447674,0.0038671416868967384,0.13747689739795727,2622
1-6,5,transformed,30851806,150,-133600.84703841186,0.005763915833085775,0.005323268568392373,0.14045937731158414,2638
1-6,5,transformed,30851806,151,-133600.84767815156,0.00512417612480931,0.003423167128455396,0.1584571009282982,2654
1-6,5,transformed,30851806,152,-133600.848226461,0.004575866681989282,0.0033869149622776443,0.1751178507906278,2670
1-6,5,transformed,30851806,153,-133600.8487596681,0.00404265959514305,0.0023525599523352564,0.1826768947096477,2686
1-6,5,transformed,30851806,154,-133600.84939709483,0.0034052328555844724,0.0013605519896809908,0.1865592608041103,2698
1-6,5,transformed,30851806,155,-133600.8501196932,0.002682634483790025,0.0038646254982886096,0.18995311725754782,2714
1-6,5,transformed,30851806,156,-133600.85078868514,0.002013642544625327,0.00288220693938757,0.1783574410416363,2730
1-6,5,transformed,30851806,157,-133600.85139318608,0.0014091416087467223,0.004099117761057543,0.15483184517121723,2747
1-6,5,transformed,30851806,158,-133600.85188666455,0.0009156631422229111,0.003517526535114693,0.11842502139797852,2763
1-6,5,transformed,30851806,159,-133600.8522827263,0.0005196013953536749,0.003989067017049791,0.09806188267735347,2780
1-6,5,transformed,30851806,160,-133600.85246000846,0.00034231922472827137,0.0033185233835475994,0.08536063201070097,2791
1-6,5,transformed,30851806,161,-133600.8526488555,0.0001534721814095974,0.0021710406632144,0.07631034813486762,2805
1-6,5,transformed,30851806,162,-133600.8528023277,0.0,0.0030553004173259554,0.06921410282313464,2816
