iteration,image_index,energy_eV,relative_energy_eV,energy_valid,source_sha256
0,1,0.0,0.0,False,2939fbd59e172e49551708dc8759672c2f6800e0c95747e1d76626b8cda626d5
0,2,0.0,0.0,False,2939fbd59e172e49551708dc8759672c2f6800e0c95747e1d76626b8cda626d5
0,3,0.0,0.0,False,2939fbd59e172e49551708dc8759672c2f6800e0c95747e1d76626b8cda626d5
0,4,0.0,0.0,False,2939fbd59e172e49551708dc8759672c2f6800e0c95747e1d76626b8cda626d5
0,5,0.0,0.0,False,2939fbd59e172e49551708dc8759672c2f6800e0c95747e1d76626b8cda626d5
1,1,-133597.1500230125,0.0,True,7f2274c0afa2b9bf19d612438efd594f38262b0cc36574029b15cfd23f42e575
1,2,-133596.82172875328,0.3282942592340987,True,7f2274c0afa2b9bf19d612438efd594f38262b0cc36574029b15cfd23f42e575
1,3,-133596.116361376,1.0336616364947986,True,7f2274c0afa2b9bf19d612438efd594f38262b0cc36574029b15cfd23f42e575
1,4,-133596.36669180813,0.7833312043803744,True,7f2274c0afa2b9bf19d612438efd594f38262b0cc36574029b15cfd23f42e575
1,5,-133596.32962306184,0.8203999506658874,True,7f2274c0afa2b9bf19d612438efd594f38262b0cc36574029b15cfd23f42e575
2,1,-133597.1500230125,0.0,True,c9bb01fa8cb4e4aeb141bdc6e68571cc148579241b0c15ab200410f3cb7cbaea
2,2,-133596.82164257483,0.3283804376842454,True,c9bb01fa8cb4e4aeb141bdc6e68571cc148579241b0c15ab200410f3cb7cbaea
2,3,-133596.11765159844,1.0323714140686207,True,c9bb01fa8cb4e4aeb141bdc6e68571cc148579241b0c15ab200410f3cb7cbaea
2,4,-133596.36806553687,0.7819574756431393,True,c9bb01fa8cb4e4aeb141bdc6e68571cc148579241b0c15ab200410f3cb7cbaea
2,5,-133596.32962306184,0.8203999506658874,True,c9bb01fa8cb4e4aeb141bdc6e68571cc148579241b0c15ab200410f3cb7cbaea
3,1,-133597.1500230125,0.0,True,624fbacd76c07e175e9fffbbb6fd71e793442fc248a8f7ed83e74d32c8ddfceb
3,2,-133596.73962863768,0.41039437483414076,True,624fbacd76c07e175e9fffbbb6fd71e793442fc248a8f7ed83e74d32c8ddfceb
3,3,-133596.3125561321,0.8374668804171961,True,624fbacd76c07e175e9fffbbb6fd71e793442fc248a8f7ed83e74d32c8ddfceb
3,4,-133596.5769848188,0.5730381937173661,True,624fbacd76c07e175e9fffbbb6fd71e793442fc248a8f7ed83e74d32c8ddfceb
3,5,-133596.32962306184,0.8203999506658874,True,624fbacd76c07e175e9fffbbb6fd71e793442fc248a8f7ed83e74d32c8ddfceb
4,1,-133597.1500230125,0.0,True,79c240a0acbb5bb9bdc6ce5372f9b8c87fe3085cac161d6f2ffe2f568c33ca53
4,2,-133596.67621928582,0.4738037266943138,True,79c240a0acbb5bb9bdc6ce5372f9b8c87fe3085cac161d6f2ffe2f568c33ca53
4,3,-133596.38205880174,0.7679642107686959,True,79c240a0acbb5bb9bdc6ce5372f9b8c87fe3085cac161d6f2ffe2f568c33ca53
4,4,-133596.65365212128,0.49637089122552425,True,79c240a0acbb5bb9bdc6ce5372f9b8c87fe3085cac161d6f2ffe2f568c33ca53
4,5,-133596.32962306184,0.8203999506658874,True,79c240a0acbb5bb9bdc6ce5372f9b8c87fe3085cac161d6f2ffe2f568c33ca53
5,1,-133597.1500230125,0.0,True,3e20725dd32ea52b17947dbf6756276675ebb05eafcef9bf5b02ef074b0ebfa8
5,2,-133596.68124680713,0.46877620537998155,True,3e20725dd32ea52b17947dbf6756276675ebb05eafcef9bf5b02ef074b0ebfa8
5,3,-133596.38027924238,0.769743770128116,True,3e20725dd32ea52b17947dbf6756276675ebb05eafcef9bf5b02ef074b0ebfa8
5,4,-133596.65208327875,0.49793973375926726,True,3e20725dd32ea52b17947dbf6756276675ebb05eafcef9bf5b02ef074b0ebfa8
5,5,-133596.32962306184,0.8203999506658874,True,3e20725dd32ea52b17947dbf6756276675ebb05eafcef9bf5b02ef074b0ebfa8
6,1,-133597.1500230125,0.0,True,15720028967fc258e289d4f3ea1cc0ed225cd9529bf0376f9d1685226022edfd
6,2,-133596.6812523147,0.46877069780020975,True,15720028967fc258e289d4f3ea1cc0ed225cd9529bf0376f9d1685226022edfd
6,3,-133596.38218024347,0.7678427690407261,True,15720028967fc258e289d4f3ea1cc0ed225cd9529bf0376f9d1685226022edfd
6,4,-133596.65443719426,0.49558581825112924,True,15720028967fc258e289d4f3ea1cc0ed225cd9529bf0376f9d1685226022edfd
6,5,-133596.32962306184,0.8203999506658874,True,15720028967fc258e289d4f3ea1cc0ed225cd9529bf0376f9d1685226022edfd
7,1,-133597.1500230125,0.0,True,7e902690d0d22cdb1737310eab8610b0dcb0b4e539eafae92b3ceb33946f59cd
7,2,-133596.68543314282,0.46458986969082616,True,7e902690d0d22cdb1737310eab8610b0dcb0b4e539eafae92b3ceb33946f59cd
7,3,-133596.38420947272,0.7658135397941805,True,7e902690d0d22cdb1737310eab8610b0dcb0b4e539eafae92b3ceb33946f59cd
7,4,-133596.65738513708,0.4926378754316829,True,7e902690d0d22cdb1737310eab8610b0dcb0b4e539eafae92b3ceb33946f59cd
7,5,-133596.32962306184,0.8203999506658874,True,7e902690d0d22cdb1737310eab8610b0dcb0b4e539eafae92b3ceb33946f59cd
8,1,-133597.1500230125,0.0,True,85cd9c08bf3b15b0b9b5e3fef9251c8fd282518a9164ddb687b530fb6f77b102
8,2,-133596.68958097717,0.46044203534256667,True,85cd9c08bf3b15b0b9b5e3fef9251c8fd282518a9164ddb687b530fb6f77b102
8,3,-133596.38623080796,0.7637922045541927,True,85cd9c08bf3b15b0b9b5e3fef9251c8fd282518a9164ddb687b530fb6f77b102
8,4,-133596.6603765147,0.4896464978228323,True,85cd9c08bf3b15b0b9b5e3fef9251c8fd282518a9164ddb687b530fb6f77b102
8,5,-133596.32962306184,0.8203999506658874,True,85cd9c08bf3b15b0b9b5e3fef9251c8fd282518a9164ddb687b530fb6f77b102
9,1,-133597.1500230125,0.0,True,21412d3ec55f45273b368837f2a7e8433ccbda7e9e116a04e7aa8836cc99201b
9,2,-133596.6977251464,0.45229786611162126,True,21412d3ec55f45273b368837f2a7e8433ccbda7e9e116a04e7aa8836cc99201b
9,3,-133596.3902883413,0.7597346712136641,True,21412d3ec55f45273b368837f2a7e8433ccbda7e9e116a04e7aa8836cc99201b
9,4,-133596.66626773085,0.4837552816607058,True,21412d3ec55f45273b368837f2a7e8433ccbda7e9e116a04e7aa8836cc99201b
9,5,-133596.32962306184,0.8203999506658874,True,21412d3ec55f45273b368837f2a7e8433ccbda7e9e116a04e7aa8836cc99201b
10,1,-133597.1500230125,0.0,True,5bba0d5e5edca3e6164f43b92fdab50d11c61e0df9ada1c0a1f0d11eab886f96
10,2,-133596.7171592246,0.43286378792254254,True,5bba0d5e5edca3e6164f43b92fdab50d11c61e0df9ada1c0a1f0d11eab886f96
10,3,-133596.39998257995,0.7500404325546697,True,5bba0d5e5edca3e6164f43b92fdab50d11c61e0df9ada1c0a1f0d11eab886f96
10,4,-133596.6800588532,0.4699641593033448,True,5bba0d5e5edca3e6164f43b92fdab50d11c61e0df9ada1c0a1f0d11eab886f96
10,5,-133596.32962306184,0.8203999506658874,True,5bba0d5e5edca3e6164f43b92fdab50d11c61e0df9ada1c0a1f0d11eab886f96
11,1,-133597.1500230125,0.0,True,51405de7fb48767cace94ba46a59f58778c9a6bb8ed2c62ab0952371df44b862
11,2,-133596.7525258633,0.39749714921345003,True,51405de7fb48767cace94ba46a59f58778c9a6bb8ed2c62ab0952371df44b862
11,3,-133596.4185704956,0.7314525169203989,True,51405de7fb48767cace94ba46a59f58778c9a6bb8ed2c62ab0952371df44b862
11,4,-133596.7052202479,0.44480276459944434,True,51405de7fb48767cace94ba46a59f58778c9a6bb8ed2c62ab0952371df44b862
11,5,-133596.32962306184,0.8203999506658874,True,51405de7fb48767cace94ba46a59f58778c9a6bb8ed2c62ab0952371df44b862
12,1,-133597.1500230125,0.0,True,38840c7970a71070ba27db297679f2c10062541e772aacb74a2da35cbdc5eaa0
12,2,-133596.7956849396,0.35433807290974073,True,38840c7970a71070ba27db297679f2c10062541e772aacb74a2da35cbdc5eaa0
12,3,-133596.44307699113,0.7069460213824641,True,38840c7970a71070ba27db297679f2c10062541e772aacb74a2da35cbdc5eaa0
12,4,-133596.7360718809,0.4139511316025164,True,38840c7970a71070ba27db297679f2c10062541e772aacb74a2da35cbdc5eaa0
12,5,-133596.32962306184,0.8203999506658874,True,38840c7970a71070ba27db297679f2c10062541e772aacb74a2da35cbdc5eaa0
13,1,-133597.1500230125,0.0,True,7e8e1a4647d0e0e5a9736ad5e2f92ac05276adb2d4c09ef0fa26ea8b890d9630
13,2,-133596.86853940986,0.28148360265186056,True,7e8e1a4647d0e0e5a9736ad5e2f92ac05276adb2d4c09ef0fa26ea8b890d9630
13,3,-133596.48993246487,0.6600905476370826,True,7e8e1a4647d0e0e5a9736ad5e2f92ac05276adb2d4c09ef0fa26ea8b890d9630
13,4,-133596.78887080576,0.3611522067512851,True,7e8e1a4647d0e0e5a9736ad5e2f92ac05276adb2d4c09ef0fa26ea8b890d9630
13,5,-133596.32962306184,0.8203999506658874,True,7e8e1a4647d0e0e5a9736ad5e2f92ac05276adb2d4c09ef0fa26ea8b890d9630
14,1,-133597.1500230125,0.0,True,c04a4437f677d7ec065c1c490ab981369171eeb3315071b28055f53ffb02e5a1
14,2,-133596.88633700617,0.26368600633577444,True,c04a4437f677d7ec065c1c490ab981369171eeb3315071b28055f53ffb02e5a1
14,3,-133596.5031966143,0.6468263982096687,True,c04a4437f677d7ec065c1c490ab981369171eeb3315071b28055f53ffb02e5a1
14,4,-133596.80249464887,0.3475283636362292,True,c04a4437f677d7ec065c1c490ab981369171eeb3315071b28055f53ffb02e5a1
14,5,-133596.32962306184,0.8203999506658874,True,c04a4437f677d7ec065c1c490ab981369171eeb3315071b28055f53ffb02e5a1
15,1,-133597.1500230125,0.0,True,862becb9f3bb0c43b92d5a1910985d299a2cb142a0fecd5fbf4e6661a2122e85
15,2,-133596.893950167,0.2560728455136996,True,862becb9f3bb0c43b92d5a1910985d299a2cb142a0fecd5fbf4e6661a2122e85
15,3,-133596.50992050156,0.6401025109516922,True,862becb9f3bb0c43b92d5a1910985d299a2cb142a0fecd5fbf4e6661a2122e85
15,4,-133596.80914330485,0.34087970765540376,True,862becb9f3bb0c43b92d5a1910985d299a2cb142a0fecd5fbf4e6661a2122e85
15,5,-133596.32962306184,0.8203999506658874,True,862becb9f3bb0c43b92d5a1910985d299a2cb142a0fecd5fbf4e6661a2122e85
16,1,-133597.1500230125,0.0,True,178353d2717e09e09d7c3c772976b8d890e731d229da3559167818907fbaa325
16,2,-133596.8990488597,0.2509741528192535,True,178353d2717e09e09d7c3c772976b8d890e731d229da3559167818907fbaa325
16,3,-133596.51551502926,0.6345079832535703,True,178353d2717e09e09d7c3c772976b8d890e731d229da3559167818907fbaa325
16,4,-133596.81452691706,0.3354960954457056,True,178353d2717e09e09d7c3c772976b8d890e731d229da3559167818907fbaa325
16,5,-133596.32962306184,0.8203999506658874,True,178353d2717e09e09d7c3c772976b8d890e731d229da3559167818907fbaa325
17,1,-133597.1500230125,0.0,True,ea0f782c40048b72f33c79e391b23ffe7975b7291412ce2e8bae49b4046363f6
17,2,-133596.90145306182,0.24856995069421828,True,ea0f782c40048b72f33c79e391b23ffe7975b7291412ce2e8bae49b4046363f6
17,3,-133596.51935432997,0.6306686825409997,True,ea0f782c40048b72f33c79e391b23ffe7975b7291412ce2e8bae49b4046363f6
17,4,-133596.81811977515,0.33190323735470884,True,ea0f782c40048b72f33c79e391b23ffe7975b7291412ce2e8bae49b4046363f6
17,5,-133596.32962306184,0.8203999506658874,True,ea0f782c40048b72f33c79e391b23ffe7975b7291412ce2e8bae49b4046363f6
18,1,-133597.1500230125,0.0,True,dbe26922ace0291481cb67721ac763a856175079506b04a1bd41a1d662c9d9a5
18,2,-133596.91132029417,0.23870271834312007,True,dbe26922ace0291481cb67721ac763a856175079506b04a1bd41a1d662c9d9a5
18,3,-133596.53696960182,0.6130534106923733,True,dbe26922ace0291481cb67721ac763a856175079506b04a1bd41a1d662c9d9a5
18,4,-133596.83418787288,0.31583513962686993,True,dbe26922ace0291481cb67721ac763a856175079506b04a1bd41a1d662c9d9a5
18,5,-133596.32962306184,0.8203999506658874,True,dbe26922ace0291481cb67721ac763a856175079506b04a1bd41a1d662c9d9a5
19,1,-133597.1500230125,0.0,True,1f51cc4f09ad63170dc09936b5d484d67b966c657dc45ebc2ee6d04890a12c8a
19,2,-133596.93295135166,0.21707166085252538,True,1f51cc4f09ad63170dc09936b5d484d67b966c657dc45ebc2ee6d04890a12c8a
19,3,-133596.5782964974,0.5717265151033644,True,1f51cc4f09ad63170dc09936b5d484d67b966c657dc45ebc2ee6d04890a12c8a
19,4,-133596.8697455464,0.2802774661104195,True,1f51cc4f09ad63170dc09936b5d484d67b966c657dc45ebc2ee6d04890a12c8a
19,5,-133596.32962306184,0.8203999506658874,True,1f51cc4f09ad63170dc09936b5d484d67b966c657dc45ebc2ee6d04890a12c8a
20,1,-133597.1500230125,0.0,True,2eea3eb31a0377b6e12b99668ca79368a50716e162350e4d4c09d14f19cbaa37
20,2,-133596.9588834218,0.19113959072274156,True,2eea3eb31a0377b6e12b99668ca79368a50716e162350e4d4c09d14f19cbaa37
20,3,-133596.6317243073,0.5182987051957753,True,2eea3eb31a0377b6e12b99668ca79368a50716e162350e4d4c09d14f19cbaa37
20,4,-133596.91089558974,0.23912742277025245,True,2eea3eb31a0377b6e12b99668ca79368a50716e162350e4d4c09d14f19cbaa37
20,5,-133596.32962306184,0.8203999506658874,True,2eea3eb31a0377b6e12b99668ca79368a50716e162350e4d4c09d14f19cbaa37
21,1,-133597.1500230125,0.0,True,efc0184415e5f24b44abcdb881ac40614f1fe4a0a4c762d82975f3cdc9668e21
21,2,-133596.9910603799,0.15896263261674903,True,efc0184415e5f24b44abcdb881ac40614f1fe4a0a4c762d82975f3cdc9668e21
21,3,-133596.7038395857,0.4461834268004168,True,efc0184415e5f24b44abcdb881ac40614f1fe4a0a4c762d82975f3cdc9668e21
21,4,-133596.9558336077,0.19418940480682068,True,efc0184415e5f24b44abcdb881ac40614f1fe4a0a4c762d82975f3cdc9668e21
21,5,-133596.32962306184,0.8203999506658874,True,efc0184415e5f24b44abcdb881ac40614f1fe4a0a4c762d82975f3cdc9668e21
22,1,-133597.1500230125,0.0,True,f24f26d60f20c831a6580d02cadef47b32837ccef814da33dbec6a815da906d3
22,2,-133596.99669988255,0.15332312995451503,True,f24f26d60f20c831a6580d02cadef47b32837ccef814da33dbec6a815da906d3
22,3,-133596.7174720603,0.43255095221684314,True,f24f26d60f20c831a6580d02cadef47b32837ccef814da33dbec6a815da906d3
22,4,-133596.9626064374,0.18741657512146048,True,f24f26d60f20c831a6580d02cadef47b32837ccef814da33dbec6a815da906d3
22,5,-133596.32962306184,0.8203999506658874,True,f24f26d60f20c831a6580d02cadef47b32837ccef814da33dbec6a815da906d3
23,1,-133597.1500230125,0.0,True,358f07bfaa2fa93c488c9ac084caf7c251585b979723abeab87ccb5b13296cc6
23,2,-133596.99896056368,0.15106244882917963,True,358f07bfaa2fa93c488c9ac084caf7c251585b979723abeab87ccb5b13296cc6
23,3,-133596.72317851114,0.42684450137312524,True,358f07bfaa2fa93c488c9ac084caf7c251585b979723abeab87ccb5b13296cc6
23,4,-133596.9652228421,0.18480017042020336,True,358f07bfaa2fa93c488c9ac084caf7c251585b979723abeab87ccb5b13296cc6
23,5,-133596.32962306184,0.8203999506658874,True,358f07bfaa2fa93c488c9ac084caf7c251585b979723abeab87ccb5b13296cc6
24,1,-133597.1500230125,0.0,True,8608472584fcec6fe5e16b6eef8e9be888b9b5e5a1a11377291395f695de2498
24,2,-133597.00068873432,0.14933427819050848,True,8608472584fcec6fe5e16b6eef8e9be888b9b5e5a1a11377291395f695de2498
24,3,-133596.72765539642,0.42236761609092355,True,8608472584fcec6fe5e16b6eef8e9be888b9b5e5a1a11377291395f695de2498
24,4,-133596.96713170724,0.18289130527409725,True,8608472584fcec6fe5e16b6eef8e9be888b9b5e5a1a11377291395f695de2498
24,5,-133596.32962306184,0.8203999506658874,True,8608472584fcec6fe5e16b6eef8e9be888b9b5e5a1a11377291395f695de2498
25,1,-133597.1500230125,0.0,True,17ef94b2efce7851dc740bf316952579896a2673b9ba08cbe3f5bb801d6b68d0
25,2,-133597.001975471,0.14804754150100052,True,17ef94b2efce7851dc740bf316952579896a2673b9ba08cbe3f5bb801d6b68d0
25,3,-133596.73111038803,0.41891262447461486,True,17ef94b2efce7851dc740bf316952579896a2673b9ba08cbe3f5bb801d6b68d0
25,4,-133596.9685243751,0.18149863742291927,True,17ef94b2efce7851dc740bf316952579896a2673b9ba08cbe3f5bb801d6b68d0
25,5,-133596.32962306184,0.8203999506658874,True,17ef94b2efce7851dc740bf316952579896a2673b9ba08cbe3f5bb801d6b68d0
26,1,-133597.1500230125,0.0,True,34616efa0b134769dfbfe6a0a0e407ff0f4dd04305947f51cef68fc093f391c7
26,2,-133597.00891430103,0.141108711482957,True,34616efa0b134769dfbfe6a0a0e407ff0f4dd04305947f51cef68fc093f391c7
26,3,-133596.7498281591,0.4001948533987161,True,34616efa0b134769dfbfe6a0a0e407ff0f4dd04305947f51cef68fc093f391c7
26,4,-133596.97571965883,0.17430335367680527,True,34616efa0b134769dfbfe6a0a0e407ff0f4dd04305947f51cef68fc093f391c7
26,5,-133596.32962306184,0.8203999506658874,True,34616efa0b134769dfbfe6a0a0e407ff0f4dd04305947f51cef68fc093f391c7
27,1,-133597.1500230125,0.0,True,897aafd8274bbbff072b2589e9a11c7437e843b6ad447815e853eead17107e44
27,2,-133597.02470783857,0.12531517393654212,True,897aafd8274bbbff072b2589e9a11c7437e843b6ad447815e853eead17107e44
27,3,-133596.79304787054,0.3569751419709064,True,897aafd8274bbbff072b2589e9a11c7437e843b6ad447815e853eead17107e44
27,4,-133596.9905657041,0.15945730841485783,True,897aafd8274bbbff072b2589e9a11c7437e843b6ad447815e853eead17107e44
27,5,-133596.32962306184,0.8203999506658874,True,897aafd8274bbbff072b2589e9a11c7437e843b6ad447815e853eead17107e44
28,1,-133597.1500230125,0.0,True,bb7980163a659677b2dca46f99f2e512bdf9a39f9e44322a1aafb2637d76068a
28,2,-133597.04232413357,0.10769887894275598,True,bb7980163a659677b2dca46f99f2e512bdf9a39f9e44322a1aafb2637d76068a
28,3,-133596.84245399814,0.3075690143741667,True,bb7980163a659677b2dca46f99f2e512bdf9a39f9e44322a1aafb2637d76068a
28,4,-133597.0042675051,0.1457555074011907,True,bb7980163a659677b2dca46f99f2e512bdf9a39f9e44322a1aafb2637d76068a
28,5,-133596.32962306184,0.8203999506658874,True,bb7980163a659677b2dca46f99f2e512bdf9a39f9e44322a1aafb2637d76068a
29,1,-133597.1500230125,0.0,True,819d7cd74643f2ebbc85dbdb579e5d76a27ead9c1c339f15ff349b8b9a9d2f78
29,2,-133597.06039685602,0.08962615649215877,True,819d7cd74643f2ebbc85dbdb579e5d76a27ead9c1c339f15ff349b8b9a9d2f78
29,3,-133596.89442654856,0.2555964639468584,True,819d7cd74643f2ebbc85dbdb579e5d76a27ead9c1c339f15ff349b8b9a9d2f78
29,4,-133597.0143729704,0.13565004209522158,True,819d7cd74643f2ebbc85dbdb579e5d76a27ead9c1c339f15ff349b8b9a9d2f78
29,5,-133596.32962306184,0.8203999506658874,True,819d7cd74643f2ebbc85dbdb579e5d76a27ead9c1c339f15ff349b8b9a9d2f78
30,1,-133597.1500230125,0.0,True,301ee37bfb671d2ec26bb666bb82c72f17fdfc1b264b774c995a00caa0c06fb9
30,2,-133597.06365816787,0.08636484463931993,True,301ee37bfb671d2ec26bb666bb82c72f17fdfc1b264b774c995a00caa0c06fb9
30,3,-133596.902618218,0.24740479449974373,True,301ee37bfb671d2ec26bb666bb82c72f17fdfc1b264b774c995a00caa0c06fb9
30,4,-133597.01549798436,0.1345250281447079,True,301ee37bfb671d2ec26bb666bb82c72f17fdfc1b264b774c995a00caa0c06fb9
30,5,-133596.32962306184,0.8203999506658874,True,301ee37bfb671d2ec26bb666bb82c72f17fdfc1b264b774c995a00caa0c06fb9
31,1,-133597.1500230125,0.0,True,a68362d43bd17fb6f1fc88a7aa5084a650ad239cc87f641534964077d406edbc
31,2,-133597.06556317443,0.08445983807905577,True,a68362d43bd17fb6f1fc88a7aa5084a650ad239cc87f641534964077d406edbc
31,3,-133596.90623533507,0.24378767743473873,True,a68362d43bd17fb6f1fc88a7aa5084a650ad239cc87f641534964077d406edbc
31,4,-133597.01593391894,0.13408909356803633,True,a68362d43bd17fb6f1fc88a7aa5084a650ad239cc87f641534964077d406edbc
31,5,-133596.32962306184,0.8203999506658874,True,a68362d43bd17fb6f1fc88a7aa5084a650ad239cc87f641534964077d406edbc
32,1,-133597.1500230125,0.0,True,779354de8c9391d2b913dc7a86356da96a3ef07462996becd5792cb917261b2f
32,2,-133597.06783830756,0.08218470495194197,True,779354de8c9391d2b913dc7a86356da96a3ef07462996becd5792cb917261b2f
32,3,-133596.9096515151,0.2403714974061586,True,779354de8c9391d2b913dc7a86356da96a3ef07462996becd5792cb917261b2f
32,4,-133597.016296195,0.1337268174975179,True,779354de8c9391d2b913dc7a86356da96a3ef07462996becd5792cb917261b2f
32,5,-133596.32962306184,0.8203999506658874,True,779354de8c9391d2b913dc7a86356da96a3ef07462996becd5792cb917261b2f
33,1,-133597.1500230125,0.0,True,3a320f0720d67d85fff7ef3e5e6f7e2ec8694d937f24155e9e1248672c54ab91
33,2,-133597.07084156023,0.07918145228177309,True,3a320f0720d67d85fff7ef3e5e6f7e2ec8694d937f24155e9e1248672c54ab91
33,3,-133596.91347254885,0.23655046365456656,True,3a320f0720d67d85fff7ef3e5e6f7e2ec8694d937f24155e9e1248672c54ab91
33,4,-133597.0166369496,0.13338606292381883,True,3a320f0720d67d85fff7ef3e5e6f7e2ec8694d937f24155e9e1248672c54ab91
33,5,-133596.32962306184,0.8203999506658874,True,3a320f0720d67d85fff7ef3e5e6f7e2ec8694d937f24155e9e1248672c54ab91
34,1,-133597.1500230125,0.0,True,0be7a68c8f3d2b69902ca7c0e1e40031837e90ce127afff481ed300a3db2de18
34,2,-133597.09394450334,0.056078509165672585,True,0be7a68c8f3d2b69902ca7c0e1e40031837e90ce127afff481ed300a3db2de18
34,3,-133596.9425748543,0.20744815820944495,True,0be7a68c8f3d2b69902ca7c0e1e40031837e90ce127afff481ed300a3db2de18
34,4,-133597.01881657346,0.13120643905131146,True,0be7a68c8f3d2b69902ca7c0e1e40031837e90ce127afff481ed300a3db2de18
34,5,-133596.32962306184,0.8203999506658874,True,0be7a68c8f3d2b69902ca7c0e1e40031837e90ce127afff481ed300a3db2de18
35,1,-133597.1500230125,0.0,True,08803faf4e227843e2597302dbe18d23bc080a9f1c27fd20d1c9d052402ac7f6
35,2,-133597.14775334887,0.0022696636442560703,True,08803faf4e227843e2597302dbe18d23bc080a9f1c27fd20d1c9d052402ac7f6
35,3,-133597.0117407749,0.13828223760356195,True,08803faf4e227843e2597302dbe18d23bc080a9f1c27fd20d1c9d052402ac7f6
35,4,-133597.02120563792,0.12881737458519638,True,08803faf4e227843e2597302dbe18d23bc080a9f1c27fd20d1c9d052402ac7f6
35,5,-133596.32962306184,0.8203999506658874,True,08803faf4e227843e2597302dbe18d23bc080a9f1c27fd20d1c9d052402ac7f6
36,1,-133597.1500230125,0.0,True,e879c137dc2eec64934d9bba35eebf62e095adea4d49a0b28eb547a072329a24
36,2,-133597.1943370353,-0.04431402278714813,True,e879c137dc2eec64934d9bba35eebf62e095adea4d49a0b28eb547a072329a24
36,3,-133597.07357158334,0.07645142916589975,True,e879c137dc2eec64934d9bba35eebf62e095adea4d49a0b28eb547a072329a24
36,4,-133597.01934110286,0.1306819096498657,True,e879c137dc2eec64934d9bba35eebf62e095adea4d49a0b28eb547a072329a24
36,5,-133596.32962306184,0.8203999506658874,True,e879c137dc2eec64934d9bba35eebf62e095adea4d49a0b28eb547a072329a24
37,1,-133597.1500230125,0.0,True,4ba43f2fa35088e9470855f8aa646af061ecf6291ca518bce56f35e08638a0ef
37,2,-133597.2263266702,-0.07630365769728087,True,4ba43f2fa35088e9470855f8aa646af061ecf6291ca518bce56f35e08638a0ef
37,3,-133597.11722990152,0.03279311099322513,True,4ba43f2fa35088e9470855f8aa646af061ecf6291ca518bce56f35e08638a0ef
37,4,-133597.01575565984,0.13426735266693868,True,4ba43f2fa35088e9470855f8aa646af061ecf6291ca518bce56f35e08638a0ef
37,5,-133596.32962306184,0.8203999506658874,True,4ba43f2fa35088e9470855f8aa646af061ecf6291ca518bce56f35e08638a0ef
38,1,-133597.1500230125,0.0,True,82e1d1a3442fcf8631bcc05d1ba9fcbd02cac6a0eea8c34ac3fc613eeb17560e
38,2,-133597.2302344239,-0.08021141140488908,True,82e1d1a3442fcf8631bcc05d1ba9fcbd02cac6a0eea8c34ac3fc613eeb17560e
38,3,-133597.12239506075,0.02762795175658539,True,82e1d1a3442fcf8631bcc05d1ba9fcbd02cac6a0eea8c34ac3fc613eeb17560e
38,4,-133597.0153424903,0.13468052219832316,True,82e1d1a3442fcf8631bcc05d1ba9fcbd02cac6a0eea8c34ac3fc613eeb17560e
38,5,-133596.32962306184,0.8203999506658874,True,82e1d1a3442fcf8631bcc05d1ba9fcbd02cac6a0eea8c34ac3fc613eeb17560e
39,1,-133597.1500230125,0.0,True,83756c3bbc7aff389f46ca6d6f19ef9bb542a30c6c18a3b000c7fd4c903bf16a
39,2,-133597.23216935756,-0.0821463450556621,True,83756c3bbc7aff389f46ca6d6f19ef9bb542a30c6c18a3b000c7fd4c903bf16a
39,3,-133597.12471690495,0.025306107563665137,True,83756c3bbc7aff389f46ca6d6f19ef9bb542a30c6c18a3b000c7fd4c903bf16a
39,4,-133597.0152427742,0.1347802382952068,True,83756c3bbc7aff389f46ca6d6f19ef9bb542a30c6c18a3b000c7fd4c903bf16a
39,5,-133596.32962306184,0.8203999506658874,True,83756c3bbc7aff389f46ca6d6f19ef9bb542a30c6c18a3b000c7fd4c903bf16a
40,1,-133597.1500230125,0.0,True,6686c2992de380b7e47a49c74d5c2d69b3e17d132bd94ef651aa91378f987f8a
40,2,-133597.23461465162,-0.08459163911174983,True,6686c2992de380b7e47a49c74d5c2d69b3e17d132bd94ef651aa91378f987f8a
40,3,-133597.12746504,0.022557972522918135,True,6686c2992de380b7e47a49c74d5c2d69b3e17d132bd94ef651aa91378f987f8a
40,4,-133597.0152613351,0.1347616774146445,True,6686c2992de380b7e47a49c74d5c2d69b3e17d132bd94ef651aa91378f987f8a
40,5,-133596.32962306184,0.8203999506658874,True,6686c2992de380b7e47a49c74d5c2d69b3e17d132bd94ef651aa91378f987f8a
41,1,-133597.1500230125,0.0,True,37115e810e527b0565c9363146c8db9fd950f72e83550b669b2238b146b0246c
41,2,-133597.23907735982,-0.0890543473069556,True,37115e810e527b0565c9363146c8db9fd950f72e83550b669b2238b146b0246c
41,3,-133597.1322989849,0.017724027595249936,True,37115e810e527b0565c9363146c8db9fd950f72e83550b669b2238b146b0246c
41,4,-133597.01541356376,0.13460944875259884,True,37115e810e527b0565c9363146c8db9fd950f72e83550b669b2238b146b0246c
41,5,-133596.32962306184,0.8203999506658874,True,37115e810e527b0565c9363146c8db9fd950f72e83550b669b2238b146b0246c
42,1,-133597.1500230125,0.0,True,1f2f5220fa01374889edffbc260cfece913b0e8e90f14d54ebd90794258ab33f
42,2,-133597.29067258353,-0.14064957102527842,True,1f2f5220fa01374889edffbc260cfece913b0e8e90f14d54ebd90794258ab33f
42,3,-133597.18970018785,-0.039677175343967974,True,1f2f5220fa01374889edffbc260cfece913b0e8e90f14d54ebd90794258ab33f
42,4,-133597.017103916,0.13291909650433809,True,1f2f5220fa01374889edffbc260cfece913b0e8e90f14d54ebd90794258ab33f
42,5,-133596.32962306184,0.8203999506658874,True,1f2f5220fa01374889edffbc260cfece913b0e8e90f14d54ebd90794258ab33f
43,1,-133597.1500230125,0.0,True,bbc767183339f3d3a4a70e984a3c76cfbb6542cf3ab1b27814d26a8d803db9d3
43,2,-133597.39680598598,-0.2467829734669067,True,bbc767183339f3d3a4a70e984a3c76cfbb6542cf3ab1b27814d26a8d803db9d3
43,3,-133597.31373212993,-0.1637091174197849,True,bbc767183339f3d3a4a70e984a3c76cfbb6542cf3ab1b27814d26a8d803db9d3
43,4,-133597.0200483404,0.12997467210516334,True,bbc767183339f3d3a4a70e984a3c76cfbb6542cf3ab1b27814d26a8d803db9d3
43,5,-133596.32962306184,0.8203999506658874,True,bbc767183339f3d3a4a70e984a3c76cfbb6542cf3ab1b27814d26a8d803db9d3
44,1,-133597.1500230125,0.0,True,7c6f36bbf772ef4379c95bdde360b153d318e6a72ecd209737fd71990e5251e9
44,2,-133597.46589062345,-0.3158676109451335,True,7c6f36bbf772ef4379c95bdde360b153d318e6a72ecd209737fd71990e5251e9
44,3,-133597.39433424242,-0.24431122990790755,True,7c6f36bbf772ef4379c95bdde360b153d318e6a72ecd209737fd71990e5251e9
44,4,-133597.02171303504,0.1283099774736911,True,7c6f36bbf772ef4379c95bdde360b153d318e6a72ecd209737fd71990e5251e9
44,5,-133596.32962306184,0.8203999506658874,True,7c6f36bbf772ef4379c95bdde360b153d318e6a72ecd209737fd71990e5251e9
45,1,-133597.1500230125,0.0,True,6a91b7af42c103783243a5f4f41cd5ebd8a4293385712984e3dde38317631dcd
45,2,-133597.4962489004,-0.34622588788624853,True,6a91b7af42c103783243a5f4f41cd5ebd8a4293385712984e3dde38317631dcd
45,3,-133597.42788929126,-0.2778662787459325,True,6a91b7af42c103783243a5f4f41cd5ebd8a4293385712984e3dde38317631dcd
45,4,-133597.0226474414,0.1273755711154081,True,6a91b7af42c103783243a5f4f41cd5ebd8a4293385712984e3dde38317631dcd
45,5,-133596.32962306184,0.8203999506658874,True,6a91b7af42c103783243a5f4f41cd5ebd8a4293385712984e3dde38317631dcd
46,1,-133597.1500230125,0.0,True,a96354d9a72cab01d0659f19ffc3ebe94feb5d66871b9365cc858fe498173aa9
46,2,-133597.49863953225,-0.34861651973915286,True,a96354d9a72cab01d0659f19ffc3ebe94feb5d66871b9365cc858fe498173aa9
46,3,-133597.43039451298,-0.28037150047020987,True,a96354d9a72cab01d0659f19ffc3ebe94feb5d66871b9365cc858fe498173aa9
46,4,-133597.02311421733,0.1269087951804977,True,a96354d9a72cab01d0659f19ffc3ebe94feb5d66871b9365cc858fe498173aa9
46,5,-133596.32962306184,0.8203999506658874,True,a96354d9a72cab01d0659f19ffc3ebe94feb5d66871b9365cc858fe498173aa9
47,1,-133597.1500230125,0.0,True,e4d57d2c64feb06261f3e14123b0a5559e9a08865ee866f48b7f3695ebd6e519
47,2,-133597.4998546839,-0.34983167139580473,True,e4d57d2c64feb06261f3e14123b0a5559e9a08865ee866f48b7f3695ebd6e519
47,3,-133597.43163242153,-0.2816094090230763,True,e4d57d2c64feb06261f3e14123b0a5559e9a08865ee866f48b7f3695ebd6e519
47,4,-133597.02376503206,0.12625798044609837,True,e4d57d2c64feb06261f3e14123b0a5559e9a08865ee866f48b7f3695ebd6e519
47,5,-133596.32962306184,0.8203999506658874,True,e4d57d2c64feb06261f3e14123b0a5559e9a08865ee866f48b7f3695ebd6e519
48,1,-133597.1500230125,0.0,True,9dab6c36033edfd9aaa63416f743c8f2cffbc6f672984ccedf85680ad0216b60
48,2,-133597.5019751312,-0.35195211868267506,True,9dab6c36033edfd9aaa63416f743c8f2cffbc6f672984ccedf85680ad0216b60
48,3,-133597.43373811204,-0.2837150995328557,True,9dab6c36033edfd9aaa63416f743c8f2cffbc6f672984ccedf85680ad0216b60
48,4,-133597.02521974462,0.12480326788499951,True,9dab6c36033edfd9aaa63416f743c8f2cffbc6f672984ccedf85680ad0216b60
48,5,-133596.32962306184,0.8203999506658874,True,9dab6c36033edfd9aaa63416f743c8f2cffbc6f672984ccedf85680ad0216b60
49,1,-133597.1500230125,0.0,True,2ea17c9d12596d6dfaf12b24df0f4d8603f3842ac194a4b0fef53e3f0866d58c
49,2,-133597.50798449374,-0.35796148123336025,True,2ea17c9d12596d6dfaf12b24df0f4d8603f3842ac194a4b0fef53e3f0866d58c
49,3,-133597.43962679483,-0.28960378232295625,True,2ea17c9d12596d6dfaf12b24df0f4d8603f3842ac194a4b0fef53e3f0866d58c
49,4,-133597.02986023293,0.12016277958173305,True,2ea17c9d12596d6dfaf12b24df0f4d8603f3842ac194a4b0fef53e3f0866d58c
49,5,-133596.32962306184,0.8203999506658874,True,2ea17c9d12596d6dfaf12b24df0f4d8603f3842ac194a4b0fef53e3f0866d58c
50,1,-133597.1500230125,0.0,True,5c28b44c84231d8d7167605f40d070a3298c8d96699845d2c7f1c9f8b5d24fd3
50,2,-133597.5885279929,-0.4385049803822767,True,5c28b44c84231d8d7167605f40d070a3298c8d96699845d2c7f1c9f8b5d24fd3
50,3,-133597.50765040048,-0.3576273879734799,True,5c28b44c84231d8d7167605f40d070a3298c8d96699845d2c7f1c9f8b5d24fd3
50,4,-133597.09208422143,0.057938791083870456,True,5c28b44c84231d8d7167605f40d070a3298c8d96699845d2c7f1c9f8b5d24fd3
50,5,-133596.32962306184,0.8203999506658874,True,5c28b44c84231d8d7167605f40d070a3298c8d96699845d2c7f1c9f8b5d24fd3
51,1,-133597.1500230125,0.0,True,c99e1da97ec35d8e6d90a888a44617355bd52475845e2a22dd2f2efc4dd409f1
51,2,-133597.6526304759,-0.5026074633933604,True,c99e1da97ec35d8e6d90a888a44617355bd52475845e2a22dd2f2efc4dd409f1
51,3,-133597.53270613338,-0.38268312087166123,True,c99e1da97ec35d8e6d90a888a44617355bd52475845e2a22dd2f2efc4dd409f1
51,4,-133597.14248919464,0.0075338178721722215,True,c99e1da97ec35d8e6d90a888a44617355bd52475845e2a22dd2f2efc4dd409f1
51,5,-133596.32962306184,0.8203999506658874,True,c99e1da97ec35d8e6d90a888a44617355bd52475845e2a22dd2f2efc4dd409f1
52,1,-133597.1500230125,0.0,True,43c84f7323d0c930944025fb12e9defbf8a48505ac6ebb3075aa1a13fb0cb12e
52,2,-133597.66439273366,-0.5143697211460676,True,43c84f7323d0c930944025fb12e9defbf8a48505ac6ebb3075aa1a13fb0cb12e
52,3,-133597.5323963018,-0.3823732892924454,True,43c84f7323d0c930944025fb12e9defbf8a48505ac6ebb3075aa1a13fb0cb12e
52,4,-133597.15150686572,-0.0014838532079011202,True,43c84f7323d0c930944025fb12e9defbf8a48505ac6ebb3075aa1a13fb0cb12e
52,5,-133596.32962306184,0.8203999506658874,True,43c84f7323d0c930944025fb12e9defbf8a48505ac6ebb3075aa1a13fb0cb12e
53,1,-133597.1500230125,0.0,True,94e1cf8a56831466b143cdc902b2272cbf48567937c620dbb11e626abece54b9
53,2,-133597.66745994124,-0.5174369287269656,True,94e1cf8a56831466b143cdc902b2272cbf48567937c620dbb11e626abece54b9
53,3,-133597.53247787882,-0.38245486631058156,True,94e1cf8a56831466b143cdc902b2272cbf48567937c620dbb11e626abece54b9
53,4,-133597.153468823,-0.0034458104928489774,True,94e1cf8a56831466b143cdc902b2272cbf48567937c620dbb11e626abece54b9
53,5,-133596.32962306184,0.8203999506658874,True,94e1cf8a56831466b143cdc902b2272cbf48567937c620dbb11e626abece54b9
54,1,-133597.1500230125,0.0,True,738240895d152e2592dc95b68b1c0f101b6d4741d96ba759f9fea83e20eb6380
54,2,-133597.66790278206,-0.517879769555293,True,738240895d152e2592dc95b68b1c0f101b6d4741d96ba759f9fea83e20eb6380
54,3,-133597.53294510103,-0.3829220885236282,True,738240895d152e2592dc95b68b1c0f101b6d4741d96ba759f9fea83e20eb6380
54,4,-133597.1533821792,-0.0033591667015571147,True,738240895d152e2592dc95b68b1c0f101b6d4741d96ba759f9fea83e20eb6380
54,5,-133596.32962306184,0.8203999506658874,True,738240895d152e2592dc95b68b1c0f101b6d4741d96ba759f9fea83e20eb6380
55,1,-133597.1500230125,0.0,True,5840e955cd98c540d4a08b44f88b3a28ffa537d1d8231bc58b9b290c69458002
55,2,-133597.6704985796,-0.5204755670856684,True,5840e955cd98c540d4a08b44f88b3a28ffa537d1d8231bc58b9b290c69458002
55,3,-133597.53647158513,-0.3864485726226121,True,5840e955cd98c540d4a08b44f88b3a28ffa537d1d8231bc58b9b290c69458002
55,4,-133597.15220019006,-0.002177177550038323,True,5840e955cd98c540d4a08b44f88b3a28ffa537d1d8231bc58b9b290c69458002
55,5,-133596.32962306184,0.8203999506658874,True,5840e955cd98c540d4a08b44f88b3a28ffa537d1d8231bc58b9b290c69458002
56,1,-133597.1500230125,0.0,True,bacd84082d46e231cb2d387b6e47afe12474f226785672b398c0fc5063300756
56,2,-133597.77218881165,-0.6221657991409302,True,bacd84082d46e231cb2d387b6e47afe12474f226785672b398c0fc5063300756
56,3,-133597.57076076724,-0.4207377547281794,True,bacd84082d46e231cb2d387b6e47afe12474f226785672b398c0fc5063300756
56,4,-133597.0820692748,0.0679537377145607,True,bacd84082d46e231cb2d387b6e47afe12474f226785672b398c0fc5063300756
56,5,-133596.32962306184,0.8203999506658874,True,bacd84082d46e231cb2d387b6e47afe12474f226785672b398c0fc5063300756
57,1,-133597.1500230125,0.0,True,f77265842e278333f1af751751fe7c86f8002698e942f385c51101aadd1fbbca
57,2,-133597.7431914197,-0.593168407183839,True,f77265842e278333f1af751751fe7c86f8002698e942f385c51101aadd1fbbca
57,3,-133597.58422537203,-0.4342023595236242,True,f77265842e278333f1af751751fe7c86f8002698e942f385c51101aadd1fbbca
57,4,-133597.10860716837,0.04141584414173849,True,f77265842e278333f1af751751fe7c86f8002698e942f385c51101aadd1fbbca
57,5,-133596.32962306184,0.8203999506658874,True,f77265842e278333f1af751751fe7c86f8002698e942f385c51101aadd1fbbca
58,1,-133597.1500230125,0.0,True,e5de7b5da2c129528ab4be4a09a64e33a7ee5b515ba8c2da56ffff17a838cba3
58,2,-133597.73570389382,-0.5856808813114185,True,e5de7b5da2c129528ab4be4a09a64e33a7ee5b515ba8c2da56ffff17a838cba3
58,3,-133597.58424541593,-0.4342224034189712,True,e5de7b5da2c129528ab4be4a09a64e33a7ee5b515ba8c2da56ffff17a838cba3
58,4,-133597.11572322613,0.03429978637723252,True,e5de7b5da2c129528ab4be4a09a64e33a7ee5b515ba8c2da56ffff17a838cba3
58,5,-133596.32962306184,0.8203999506658874,True,e5de7b5da2c129528ab4be4a09a64e33a7ee5b515ba8c2da56ffff17a838cba3
59,1,-133597.1500230125,0.0,True,c3ff892b459a197fe7a5b378d67826135ed25fa62dfdd953964fb4a6fbc3aa7a
59,2,-133597.73553603768,-0.5855130251729861,True,c3ff892b459a197fe7a5b378d67826135ed25fa62dfdd953964fb4a6fbc3aa7a
59,3,-133597.58425822164,-0.434235209133476,True,c3ff892b459a197fe7a5b378d67826135ed25fa62dfdd953964fb4a6fbc3aa7a
59,4,-133597.11695377398,0.033069238532334566,True,c3ff892b459a197fe7a5b378d67826135ed25fa62dfdd953964fb4a6fbc3aa7a
59,5,-133596.32962306184,0.8203999506658874,True,c3ff892b459a197fe7a5b378d67826135ed25fa62dfdd953964fb4a6fbc3aa7a
60,1,-133597.1500230125,0.0,True,8d07db42055b36a90cec1f8b9ac87292942750b353ed233d1a34ecf4d08e55ec
60,2,-133597.7361601553,-0.5861371427890845,True,8d07db42055b36a90cec1f8b9ac87292942750b353ed233d1a34ecf4d08e55ec
60,3,-133597.5843592711,-0.4343362585932482,True,8d07db42055b36a90cec1f8b9ac87292942750b353ed233d1a34ecf4d08e55ec
60,4,-133597.1176530658,0.032369946711696684,True,8d07db42055b36a90cec1f8b9ac87292942750b353ed233d1a34ecf4d08e55ec
60,5,-133596.32962306184,0.8203999506658874,True,8d07db42055b36a90cec1f8b9ac87292942750b353ed233d1a34ecf4d08e55ec
61,1,-133597.1500230125,0.0,True,e4a358a49a88ed0f37adc3ba9043cf4dfed8559db64c9546103a0a71dffc069b
61,2,-133597.76393945952,-0.6139164470077958,True,e4a358a49a88ed0f37adc3ba9043cf4dfed8559db64c9546103a0a71dffc069b
61,3,-133597.58858186874,-0.438558856229065,True,e4a358a49a88ed0f37adc3ba9043cf4dfed8559db64c9546103a0a71dffc069b
61,4,-133597.1523519888,-0.0023289762903004885,True,e4a358a49a88ed0f37adc3ba9043cf4dfed8559db64c9546103a0a71dffc069b
61,5,-133596.32962306184,0.8203999506658874,True,e4a358a49a88ed0f37adc3ba9043cf4dfed8559db64c9546103a0a71dffc069b
62,1,-133597.1500230125,0.0,True,9c1355c3181e0bc70ad51a0cbd8fe293abce4469381a1b836eca7a852aecfcef
62,2,-133597.81421450924,-0.6641914967331104,True,9c1355c3181e0bc70ad51a0cbd8fe293abce4469381a1b836eca7a852aecfcef
62,3,-133597.5943834587,-0.4443604461848736,True,9c1355c3181e0bc70ad51a0cbd8fe293abce4469381a1b836eca7a852aecfcef
62,4,-133597.2138828951,-0.06385988258989528,True,9c1355c3181e0bc70ad51a0cbd8fe293abce4469381a1b836eca7a852aecfcef
62,5,-133596.32962306184,0.8203999506658874,True,9c1355c3181e0bc70ad51a0cbd8fe293abce4469381a1b836eca7a852aecfcef
63,1,-133597.1500230125,0.0,True,de93daeec24f51748bf752f338835869cc86a1590ac020d6b7820a458cc66d13
63,2,-133597.81943118502,-0.6694081725145224,True,de93daeec24f51748bf752f338835869cc86a1590ac020d6b7820a458cc66d13
63,3,-133597.59487458615,-0.4448515736439731,True,de93daeec24f51748bf752f338835869cc86a1590ac020d6b7820a458cc66d13
63,4,-133597.2196936091,-0.06967059659655206,True,de93daeec24f51748bf752f338835869cc86a1590ac020d6b7820a458cc66d13
63,5,-133596.32962306184,0.8203999506658874,True,de93daeec24f51748bf752f338835869cc86a1590ac020d6b7820a458cc66d13
64,1,-133597.1500230125,0.0,True,a3a83ec63780570a6b145fc86dd620c3810acc156d538c4e837782dd764844ac
64,2,-133597.8340677897,-0.6840447771828622,True,a3a83ec63780570a6b145fc86dd620c3810acc156d538c4e837782dd764844ac
64,3,-133597.5960323245,-0.44600931199966,True,a3a83ec63780570a6b145fc86dd620c3810acc156d538c4e837782dd764844ac
64,4,-133597.23678071878,-0.08675770627451129,True,a3a83ec63780570a6b145fc86dd620c3810acc156d538c4e837782dd764844ac
64,5,-133596.32962306184,0.8203999506658874,True,a3a83ec63780570a6b145fc86dd620c3810acc156d538c4e837782dd764844ac
65,1,-133597.1500230125,0.0,True,0608ba0822be89895a605c85faebeafed4de5ebb1e671e3e397e8f345d49ecc2
65,2,-133597.83472347524,-0.6847004627343267,True,0608ba0822be89895a605c85faebeafed4de5ebb1e671e3e397e8f345d49ecc2
65,3,-133597.59615028588,-0.44612727337516844,True,0608ba0822be89895a605c85faebeafed4de5ebb1e671e3e397e8f345d49ecc2
65,4,-133597.2369883852,-0.08696537269861437,True,0608ba0822be89895a605c85faebeafed4de5ebb1e671e3e397e8f345d49ecc2
65,5,-133596.32962306184,0.8203999506658874,True,0608ba0822be89895a605c85faebeafed4de5ebb1e671e3e397e8f345d49ecc2
66,1,-133597.1500230125,0.0,True,32813be30dffe62ccd44940ee624798ce2cb4419741cd3cada2da95c3b771d4f
66,2,-133597.83709100465,-0.6870679921412375,True,32813be30dffe62ccd44940ee624798ce2cb4419741cd3cada2da95c3b771d4f
66,3,-133597.59664773179,-0.4466247192758601,True,32813be30dffe62ccd44940ee624798ce2cb4419741cd3cada2da95c3b771d4f
66,4,-133597.2371069588,-0.08708394630230032,True,32813be30dffe62ccd44940ee624798ce2cb4419741cd3cada2da95c3b771d4f
66,5,-133596.32962306184,0.8203999506658874,True,32813be30dffe62ccd44940ee624798ce2cb4419741cd3cada2da95c3b771d4f
67,1,-133597.1500230125,0.0,True,4d652bd91bbde27ed8e2436a4b6a2b42854b8744ed1f5a538f635cc4596fad4f
67,2,-133597.83962044722,-0.6895974347135052,True,4d652bd91bbde27ed8e2436a4b6a2b42854b8744ed1f5a538f635cc4596fad4f
67,3,-133597.5971638719,-0.4471408593817614,True,4d652bd91bbde27ed8e2436a4b6a2b42854b8744ed1f5a538f635cc4596fad4f
67,4,-133597.2372860288,-0.08726301629212685,True,4d652bd91bbde27ed8e2436a4b6a2b42854b8744ed1f5a538f635cc4596fad4f
67,5,-133596.32962306184,0.8203999506658874,True,4d652bd91bbde27ed8e2436a4b6a2b42854b8744ed1f5a538f635cc4596fad4f
68,1,-133597.1500230125,0.0,True,67d33046752a65cfd6c881397785877c4a2310ff3f230df3edd05308111f76e7
68,2,-133597.84359336403,-0.6935703515191562,True,67d33046752a65cfd6c881397785877c4a2310ff3f230df3edd05308111f76e7
68,3,-133597.597983302,-0.44796028948621824,True,67d33046752a65cfd6c881397785877c4a2310ff3f230df3edd05308111f76e7
68,4,-133597.2374086569,-0.08738564437953755,True,67d33046752a65cfd6c881397785877c4a2310ff3f230df3edd05308111f76e7
68,5,-133596.32962306184,0.8203999506658874,True,67d33046752a65cfd6c881397785877c4a2310ff3f230df3edd05308111f76e7
69,1,-133597.1500230125,0.0,True,79d9176276fb19f3e76d98be85f60d4dea9379b172484160c420d6340debdd01
69,2,-133597.85389969018,-0.7038766776677221,True,79d9176276fb19f3e76d98be85f60d4dea9379b172484160c420d6340debdd01
69,3,-133597.5999985609,-0.4499755483993795,True,79d9176276fb19f3e76d98be85f60d4dea9379b172484160c420d6340debdd01
69,4,-133597.23773165606,-0.08770864355028607,True,79d9176276fb19f3e76d98be85f60d4dea9379b172484160c420d6340debdd01
69,5,-133596.32962306184,0.8203999506658874,True,79d9176276fb19f3e76d98be85f60d4dea9379b172484160c420d6340debdd01
70,1,-133597.1500230125,0.0,True,1d165d770dacb7d56f5d0fc09e71ea944a0ef9a1afb8297e713e5296fb63a974
70,2,-133597.88461196003,-0.7345889475254808,True,1d165d770dacb7d56f5d0fc09e71ea944a0ef9a1afb8297e713e5296fb63a974
70,3,-133597.6051553608,-0.4551323482883163,True,1d165d770dacb7d56f5d0fc09e71ea944a0ef9a1afb8297e713e5296fb63a974
70,4,-133597.23845735108,-0.08843433856964111,True,1d165d770dacb7d56f5d0fc09e71ea944a0ef9a1afb8297e713e5296fb63a974
70,5,-133596.32962306184,0.8203999506658874,True,1d165d770dacb7d56f5d0fc09e71ea944a0ef9a1afb8297e713e5296fb63a974
71,1,-133597.1500230125,0.0,True,13e273b7c19f921a07a8e2e26e9f51d801dfa56c8c97e95600c27bf490a00473
71,2,-133597.90706672252,-0.7570437100075651,True,13e273b7c19f921a07a8e2e26e9f51d801dfa56c8c97e95600c27bf490a00473
71,3,-133597.60804728352,-0.4580242710071616,True,13e273b7c19f921a07a8e2e26e9f51d801dfa56c8c97e95600c27bf490a00473
71,4,-133597.23910552356,-0.08908251105458476,True,13e273b7c19f921a07a8e2e26e9f51d801dfa56c8c97e95600c27bf490a00473
71,5,-133596.32962306184,0.8203999506658874,True,13e273b7c19f921a07a8e2e26e9f51d801dfa56c8c97e95600c27bf490a00473
72,1,-133597.1500230125,0.0,True,d27fc5a4b79f019877fa2a630c5219d331593c71537c71e3a12414d7d8ef00f5
72,2,-133597.9186378257,-0.7686148131906521,True,d27fc5a4b79f019877fa2a630c5219d331593c71537c71e3a12414d7d8ef00f5
72,3,-133597.60925061454,-0.45922760202665813,True,d27fc5a4b79f019877fa2a630c5219d331593c71537c71e3a12414d7d8ef00f5
72,4,-133597.2396660999,-0.0896430873835925,True,d27fc5a4b79f019877fa2a630c5219d331593c71537c71e3a12414d7d8ef00f5
72,5,-133596.32962306184,0.8203999506658874,True,d27fc5a4b79f019877fa2a630c5219d331593c71537c71e3a12414d7d8ef00f5
73,1,-133597.1500230125,0.0,True,ca2e233cb1712a825f701287691b8efb9373c79fefb8610efb9f331cd91b686c
73,2,-133597.92277208154,-0.7727490690303966,True,ca2e233cb1712a825f701287691b8efb9373c79fefb8610efb9f331cd91b686c
73,3,-133597.6096448096,-0.4596217970829457,True,ca2e233cb1712a825f701287691b8efb9373c79fefb8610efb9f331cd91b686c
73,4,-133597.24011599665,-0.0900929841445759,True,ca2e233cb1712a825f701287691b8efb9373c79fefb8610efb9f331cd91b686c
73,5,-133596.32962306184,0.8203999506658874,True,ca2e233cb1712a825f701287691b8efb9373c79fefb8610efb9f331cd91b686c
74,1,-133597.1500230125,0.0,True,b6e31a703e4141afb04c18e422c2516ab107c4493e59e14f424f0e399f457e52
74,2,-133597.92414269462,-0.7741196821152698,True,b6e31a703e4141afb04c18e422c2516ab107c4493e59e14f424f0e399f457e52
74,3,-133597.609756662,-0.4597336494771298,True,b6e31a703e4141afb04c18e422c2516ab107c4493e59e14f424f0e399f457e52
74,4,-133597.24054079087,-0.09051777835702524,True,b6e31a703e4141afb04c18e422c2516ab107c4493e59e14f424f0e399f457e52
74,5,-133596.32962306184,0.8203999506658874,True,b6e31a703e4141afb04c18e422c2516ab107c4493e59e14f424f0e399f457e52
75,1,-133597.1500230125,0.0,True,953a1c5935ae50033dfe3354e51948a707d06ec5ae635b33b8618757217bbee8
75,2,-133597.92614108522,-0.7761180727102328,True,953a1c5935ae50033dfe3354e51948a707d06ec5ae635b33b8618757217bbee8
75,3,-133597.60995850246,-0.4599354899546597,True,953a1c5935ae50033dfe3354e51948a707d06ec5ae635b33b8618757217bbee8
75,4,-133597.24140308978,-0.09138007726869546,True,953a1c5935ae50033dfe3354e51948a707d06ec5ae635b33b8618757217bbee8
75,5,-133596.32962306184,0.8203999506658874,True,953a1c5935ae50033dfe3354e51948a707d06ec5ae635b33b8618757217bbee8
76,1,-133597.1500230125,0.0,True,dce3bb0583dd3a45a6171f3d971c739a41102a51be4547718649ceb561ea3463
76,2,-133597.93044492512,-0.7804219126119278,True,dce3bb0583dd3a45a6171f3d971c739a41102a51be4547718649ceb561ea3463
76,3,-133597.61036984337,-0.46034683086327277,True,dce3bb0583dd3a45a6171f3d971c739a41102a51be4547718649ceb561ea3463
76,4,-133597.2435479538,-0.09352494130143896,True,dce3bb0583dd3a45a6171f3d971c739a41102a51be4547718649ceb561ea3463
76,5,-133596.32962306184,0.8203999506658874,True,dce3bb0583dd3a45a6171f3d971c739a41102a51be4547718649ceb561ea3463
77,1,-133597.1500230125,0.0,True,4c7d2cbd709b9336ff3f84c840618efdb236022d1c7248d15cd907d35ce8f929
77,2,-133597.94408589508,-0.794062882574508,True,4c7d2cbd709b9336ff3f84c840618efdb236022d1c7248d15cd907d35ce8f929
77,3,-133597.61158492972,-0.4615619172109291,True,4c7d2cbd709b9336ff3f84c840618efdb236022d1c7248d15cd907d35ce8f929
77,4,-133597.2505884102,-0.1005653977044858,True,4c7d2cbd709b9336ff3f84c840618efdb236022d1c7248d15cd907d35ce8f929
77,5,-133596.32962306184,0.8203999506658874,True,4c7d2cbd709b9336ff3f84c840618efdb236022d1c7248d15cd907d35ce8f929
78,1,-133597.1500230125,0.0,True,cfa24fa0d0e77405ed36c323817cd285806c520710d71665634337bede621afd
78,2,-133597.9888329245,-0.8388099119765684,True,cfa24fa0d0e77405ed36c323817cd285806c520710d71665634337bede621afd
78,3,-133597.61458531977,-0.4645623072574381,True,cfa24fa0d0e77405ed36c323817cd285806c520710d71665634337bede621afd
78,4,-133597.27400554958,-0.1239825370721519,True,cfa24fa0d0e77405ed36c323817cd285806c520710d71665634337bede621afd
78,5,-133596.32962306184,0.8203999506658874,True,cfa24fa0d0e77405ed36c323817cd285806c520710d71665634337bede621afd
79,1,-133597.1500230125,0.0,True,52ecaf7b79d430b54fe79dd92de7ee381952349d575ee0080bd8d1b53c358166
79,2,-133598.01957792693,-0.8695549144176766,True,52ecaf7b79d430b54fe79dd92de7ee381952349d575ee0080bd8d1b53c358166
79,3,-133597.61571116367,-0.4656881511618849,True,52ecaf7b79d430b54fe79dd92de7ee381952349d575ee0080bd8d1b53c358166
79,4,-133597.29046198374,-0.1404389712261036,True,52ecaf7b79d430b54fe79dd92de7ee381952349d575ee0080bd8d1b53c358166
79,5,-133596.32962306184,0.8203999506658874,True,52ecaf7b79d430b54fe79dd92de7ee381952349d575ee0080bd8d1b53c358166
80,1,-133597.1500230125,0.0,True,9b73015c41c82fa7219e9b266f05447106ca068a9b7e0b4333c2d43c654a7d51
80,2,-133598.0337692989,-0.8837462863884866,True,9b73015c41c82fa7219e9b266f05447106ca068a9b7e0b4333c2d43c654a7d51
80,3,-133597.61598790888,-0.4659648963715881,True,9b73015c41c82fa7219e9b266f05447106ca068a9b7e0b4333c2d43c654a7d51
80,4,-133597.29832798187,-0.14830496936338022,True,9b73015c41c82fa7219e9b266f05447106ca068a9b7e0b4333c2d43c654a7d51
80,5,-133596.32962306184,0.8203999506658874,True,9b73015c41c82fa7219e9b266f05447106ca068a9b7e0b4333c2d43c654a7d51
81,1,-133597.1500230125,0.0,True,ce7e284fe3a8f2ba68799d7d9ebb8fa220e1912959a9be1f1ddf962a6bc75d21
81,2,-133598.03822531304,-0.8882023005280644,True,ce7e284fe3a8f2ba68799d7d9ebb8fa220e1912959a9be1f1ddf962a6bc75d21
81,3,-133597.61607268595,-0.4660496734431945,True,ce7e284fe3a8f2ba68799d7d9ebb8fa220e1912959a9be1f1ddf962a6bc75d21
81,4,-133597.3010176233,-0.15099461079807952,True,ce7e284fe3a8f2ba68799d7d9ebb8fa220e1912959a9be1f1ddf962a6bc75d21
81,5,-133596.32962306184,0.8203999506658874,True,ce7e284fe3a8f2ba68799d7d9ebb8fa220e1912959a9be1f1ddf962a6bc75d21
82,1,-133597.1500230125,0.0,True,ac1a7f9ae9e73ae135dbd716d7ffb2b5efde64ac6ca46e4f905b7fe5de4679e6
82,2,-133598.03956706295,-0.8895440504420549,True,ac1a7f9ae9e73ae135dbd716d7ffb2b5efde64ac6ca46e4f905b7fe5de4679e6
82,3,-133597.6161135874,-0.46609057488967665,True,ac1a7f9ae9e73ae135dbd716d7ffb2b5efde64ac6ca46e4f905b7fe5de4679e6
82,4,-133597.30203160393,-0.15200859142350964,True,ac1a7f9ae9e73ae135dbd716d7ffb2b5efde64ac6ca46e4f905b7fe5de4679e6
82,5,-133596.32962306184,0.8203999506658874,True,ac1a7f9ae9e73ae135dbd716d7ffb2b5efde64ac6ca46e4f905b7fe5de4679e6
83,1,-133597.1500230125,0.0,True,72ddb721e6d571ffed87d829ae982680cf018c593b3e37e574e3b790c947ba3e
83,2,-133598.04149767818,-0.8914746656664647,True,72ddb721e6d571ffed87d829ae982680cf018c593b3e37e574e3b790c947ba3e
83,3,-133597.61621914583,-0.46619613331859,True,72ddb721e6d571ffed87d829ae982680cf018c593b3e37e574e3b790c947ba3e
83,4,-133597.30370924305,-0.15368623053655028,True,72ddb721e6d571ffed87d829ae982680cf018c593b3e37e574e3b790c947ba3e
83,5,-133596.32962306184,0.8203999506658874,True,72ddb721e6d571ffed87d829ae982680cf018c593b3e37e574e3b790c947ba3e
84,1,-133597.1500230125,0.0,True,d9a4bbd9b51cbcf5d519f9da91b2fa7ad602115380e0a8053c57b382692b92df
84,2,-133598.04595444337,-0.8959314308594912,True,d9a4bbd9b51cbcf5d519f9da91b2fa7ad602115380e0a8053c57b382692b92df
84,3,-133597.61648537384,-0.46646236133528873,True,d9a4bbd9b51cbcf5d519f9da91b2fa7ad602115380e0a8053c57b382692b92df
84,4,-133597.3077695465,-0.15774653397966176,True,d9a4bbd9b51cbcf5d519f9da91b2fa7ad602115380e0a8053c57b382692b92df
84,5,-133596.32962306184,0.8203999506658874,True,d9a4bbd9b51cbcf5d519f9da91b2fa7ad602115380e0a8053c57b382692b92df
85,1,-133597.1500230125,0.0,True,1334319e3d304397b906fdd685e62325b29ac26e503d0f6b08af71843b2b240d
85,2,-133598.0609084797,-0.9108854671940207,True,1334319e3d304397b906fdd685e62325b29ac26e503d0f6b08af71843b2b240d
85,3,-133597.61730758764,-0.46728457513381727,True,1334319e3d304397b906fdd685e62325b29ac26e503d0f6b08af71843b2b240d
85,4,-133597.3214387401,-0.17141572758555412,True,1334319e3d304397b906fdd685e62325b29ac26e503d0f6b08af71843b2b240d
85,5,-133596.32962306184,0.8203999506658874,True,1334319e3d304397b906fdd685e62325b29ac26e503d0f6b08af71843b2b240d
86,1,-133597.1500230125,0.0,True,193f04db5e0b5afe1a2ca95093ad3f09eaf5453710781446a5b6e2ebc1ee6f29
86,2,-133598.10836917008,-0.9583461575675756,True,193f04db5e0b5afe1a2ca95093ad3f09eaf5453710781446a5b6e2ebc1ee6f29
86,3,-133597.61919303465,-0.46917002214468084,True,193f04db5e0b5afe1a2ca95093ad3f09eaf5453710781446a5b6e2ebc1ee6f29
86,4,-133597.36373126984,-0.2137082573317457,True,193f04db5e0b5afe1a2ca95093ad3f09eaf5453710781446a5b6e2ebc1ee6f29
86,5,-133596.32962306184,0.8203999506658874,True,193f04db5e0b5afe1a2ca95093ad3f09eaf5453710781446a5b6e2ebc1ee6f29
87,1,-133597.1500230125,0.0,True,353373b3ec1ac8ffdf9a2145bbfee725c174dff7b19ec33b130d7fca24c784d9
87,2,-133598.1370869868,-0.9870639742875937,True,353373b3ec1ac8ffdf9a2145bbfee725c174dff7b19ec33b130d7fca24c784d9
87,3,-133597.619705338,-0.469682325492613,True,353373b3ec1ac8ffdf9a2145bbfee725c174dff7b19ec33b130d7fca24c784d9
87,4,-133597.38837273658,-0.2383497240662109,True,353373b3ec1ac8ffdf9a2145bbfee725c174dff7b19ec33b130d7fca24c784d9
87,5,-133596.32962306184,0.8203999506658874,True,353373b3ec1ac8ffdf9a2145bbfee725c174dff7b19ec33b130d7fca24c784d9
88,1,-133597.1500230125,0.0,True,2b07e2cdc919433e1f1176fb4d7008fc9339165785294e13ba53d96e3388dd70
88,2,-133598.1484709546,-0.9984479420818388,True,2b07e2cdc919433e1f1176fb4d7008fc9339165785294e13ba53d96e3388dd70
88,3,-133597.6197722916,-0.4697492790874094,True,2b07e2cdc919433e1f1176fb4d7008fc9339165785294e13ba53d96e3388dd70
88,4,-133597.39786624772,-0.24784323520725593,True,2b07e2cdc919433e1f1176fb4d7008fc9339165785294e13ba53d96e3388dd70
88,5,-133596.32962306184,0.8203999506658874,True,2b07e2cdc919433e1f1176fb4d7008fc9339165785294e13ba53d96e3388dd70
89,1,-133597.1500230125,0.0,True,50aba8d6b6eb7933597a1a0bf00ae795f2a3d5ae324cdc50b7838ce790ec585d
89,2,-133598.151751026,-1.0017280134779867,True,50aba8d6b6eb7933597a1a0bf00ae795f2a3d5ae324cdc50b7838ce790ec585d
89,3,-133597.61976011452,-0.46973710201564245,True,50aba8d6b6eb7933597a1a0bf00ae795f2a3d5ae324cdc50b7838ce790ec585d
89,4,-133597.4004986609,-0.2504756483831443,True,50aba8d6b6eb7933597a1a0bf00ae795f2a3d5ae324cdc50b7838ce790ec585d
89,5,-133596.32962306184,0.8203999506658874,True,50aba8d6b6eb7933597a1a0bf00ae795f2a3d5ae324cdc50b7838ce790ec585d
90,1,-133597.1500230125,0.0,True,0e0982aefb9a6971ff020ee5013deee3b5d5414db03602c20de9dd8b50bff9db
90,2,-133598.15277780412,-1.0027547916106414,True,0e0982aefb9a6971ff020ee5013deee3b5d5414db03602c20de9dd8b50bff9db
90,3,-133597.61974002435,-0.469717011845205,True,0e0982aefb9a6971ff020ee5013deee3b5d5414db03602c20de9dd8b50bff9db
90,4,-133597.40122997234,-0.25120695983059704,True,0e0982aefb9a6971ff020ee5013deee3b5d5414db03602c20de9dd8b50bff9db
90,5,-133596.32962306184,0.8203999506658874,True,0e0982aefb9a6971ff020ee5013deee3b5d5414db03602c20de9dd8b50bff9db
91,1,-133597.1500230125,0.0,True,ebfde3c2a8874965381dfa33b27007d94837e09d46e74e876426178f42d3c324
91,2,-133598.15446166648,-1.0044386539666448,True,ebfde3c2a8874965381dfa33b27007d94837e09d46e74e876426178f42d3c324
91,3,-133597.61971590418,-0.46969289166736417,True,ebfde3c2a8874965381dfa33b27007d94837e09d46e74e876426178f42d3c324
91,4,-133597.4023669103,-0.2523438977950718,True,ebfde3c2a8874965381dfa33b27007d94837e09d46e74e876426178f42d3c324
91,5,-133596.32962306184,0.8203999506658874,True,ebfde3c2a8874965381dfa33b27007d94837e09d46e74e876426178f42d3c324
92,1,-133597.1500230125,0.0,True,85835088eea4f83735be2179563d6c01be8f878b953f9cd73670236ad346a107
92,2,-133598.15886508644,-1.00884207393392,True,85835088eea4f83735be2179563d6c01be8f878b953f9cd73670236ad346a107
92,3,-133597.6196036409,-0.4695806283853017,True,85835088eea4f83735be2179563d6c01be8f878b953f9cd73670236ad346a107
92,4,-133597.40532602885,-0.2553030163398944,True,85835088eea4f83735be2179563d6c01be8f878b953f9cd73670236ad346a107
92,5,-133596.32962306184,0.8203999506658874,True,85835088eea4f83735be2179563d6c01be8f878b953f9cd73670236ad346a107
93,1,-133597.1500230125,0.0,True,e9f752795486c345d3cdf15abb6cc72235f416b6c41c679736763ee90f37e37e
93,2,-133598.17496079014,-1.0249377776344772,True,e9f752795486c345d3cdf15abb6cc72235f416b6c41c679736763ee90f37e37e
93,3,-133597.61905639543,-0.4690333829203155,True,e9f752795486c345d3cdf15abb6cc72235f416b6c41c679736763ee90f37e37e
93,4,-133597.41589924973,-0.2658762372157071,True,e9f752795486c345d3cdf15abb6cc72235f416b6c41c679736763ee90f37e37e
93,5,-133596.32962306184,0.8203999506658874,True,e9f752795486c345d3cdf15abb6cc72235f416b6c41c679736763ee90f37e37e
94,1,-133597.1500230125,0.0,True,208b2d3a43dc6a2bd95946c4ceb0acea7428f394bcd4b8456d3f2ce915d765b0
94,2,-133598.2260567557,-1.0760337431856897,True,208b2d3a43dc6a2bd95946c4ceb0acea7428f394bcd4b8456d3f2ce915d765b0
94,3,-133597.61619777398,-0.4661747614736669,True,208b2d3a43dc6a2bd95946c4ceb0acea7428f394bcd4b8456d3f2ce915d765b0
94,4,-133597.4491069479,-0.29908393538789824,True,208b2d3a43dc6a2bd95946c4ceb0acea7428f394bcd4b8456d3f2ce915d765b0
94,5,-133596.32962306184,0.8203999506658874,True,208b2d3a43dc6a2bd95946c4ceb0acea7428f394bcd4b8456d3f2ce915d765b0
95,1,-133597.1500230125,0.0,True,3b60134c787562976e293288f71056ddb2ea746b8aa02e0b382e3f9b7c50fd2c
95,2,-133598.2558224312,-1.105799418699462,True,3b60134c787562976e293288f71056ddb2ea746b8aa02e0b382e3f9b7c50fd2c
95,3,-133597.61359392188,-0.46357090937090106,True,3b60134c787562976e293288f71056ddb2ea746b8aa02e0b382e3f9b7c50fd2c
95,4,-133597.46813462948,-0.31811161697260104,True,3b60134c787562976e293288f71056ddb2ea746b8aa02e0b382e3f9b7c50fd2c
95,5,-133596.32962306184,0.8203999506658874,True,3b60134c787562976e293288f71056ddb2ea746b8aa02e0b382e3f9b7c50fd2c
96,1,-133597.1500230125,0.0,True,d3cb522551ba50d38e3ccc6b6c45bf10bf55650e508c272367fe505b113c0f14
96,2,-133598.26683677587,-1.1168137633649167,True,d3cb522551ba50d38e3ccc6b6c45bf10bf55650e508c272367fe505b113c0f14
96,3,-133597.6124021747,-0.46237916219979525,True,d3cb522551ba50d38e3ccc6b6c45bf10bf55650e508c272367fe505b113c0f14
96,4,-133597.47514203764,-0.3251190251321532,True,d3cb522551ba50d38e3ccc6b6c45bf10bf55650e508c272367fe505b113c0f14
96,5,-133596.32962306184,0.8203999506658874,True,d3cb522551ba50d38e3ccc6b6c45bf10bf55650e508c272367fe505b113c0f14
97,1,-133597.1500230125,0.0,True,946067a5eee76d98879a63c891205ad1a47d0bd6802660e6c3e77c38824cbc5d
97,2,-133598.26980731773,-1.1197843052214012,True,946067a5eee76d98879a63c891205ad1a47d0bd6802660e6c3e77c38824cbc5d
97,3,-133597.61208905058,-0.462066038075136,True,946067a5eee76d98879a63c891205ad1a47d0bd6802660e6c3e77c38824cbc5d
97,4,-133597.47706827725,-0.327045264741173,True,946067a5eee76d98879a63c891205ad1a47d0bd6802660e6c3e77c38824cbc5d
97,5,-133596.32962306184,0.8203999506658874,True,946067a5eee76d98879a63c891205ad1a47d0bd6802660e6c3e77c38824cbc5d
98,1,-133597.1500230125,0.0,True,465b6dc7916f16e3d443a68edaa831dfdd383b09042a5401ce9b335f60103e0e
98,2,-133598.27072580814,-1.12070279562613,True,465b6dc7916f16e3d443a68edaa831dfdd383b09042a5401ce9b335f60103e0e
98,3,-133597.6120215881,-0.4619985755998641,True,465b6dc7916f16e3d443a68edaa831dfdd383b09042a5401ce9b335f60103e0e
98,4,-133597.47770025622,-0.3276772437093314,True,465b6dc7916f16e3d443a68edaa831dfdd383b09042a5401ce9b335f60103e0e
98,5,-133596.32962306184,0.8203999506658874,True,465b6dc7916f16e3d443a68edaa831dfdd383b09042a5401ce9b335f60103e0e
99,1,-133597.1500230125,0.0,True,4741c8cbe0bb8ed2db6ebc00ae03d02a2824bbcee1926b5f8a217d503e81822b
99,2,-133598.27223321554,-1.122210203029681,True,4741c8cbe0bb8ed2db6ebc00ae03d02a2824bbcee1926b5f8a217d503e81822b
99,3,-133597.6119289034,-0.46190589090110734,True,4741c8cbe0bb8ed2db6ebc00ae03d02a2824bbcee1926b5f8a217d503e81822b
99,4,-133597.478776121,-0.32875310847884975,True,4741c8cbe0bb8ed2db6ebc00ae03d02a2824bbcee1926b5f8a217d503e81822b
99,5,-133596.32962306184,0.8203999506658874,True,4741c8cbe0bb8ed2db6ebc00ae03d02a2824bbcee1926b5f8a217d503e81822b
100,1,-133597.1500230125,0.0,True,4c18b1b435a520731f1a0bea691a4318ecf06d84012c5b1af70adeeb5c888258
100,2,-133598.27629649048,-1.126273477973882,True,4c18b1b435a520731f1a0bea691a4318ecf06d84012c5b1af70adeeb5c888258
100,3,-133597.61173078275,-0.46170777024235576,True,4c18b1b435a520731f1a0bea691a4318ecf06d84012c5b1af70adeeb5c888258
100,4,-133597.48179284055,-0.33176982804434374,True,4c18b1b435a520731f1a0bea691a4318ecf06d84012c5b1af70adeeb5c888258
100,5,-133596.32962306184,0.8203999506658874,True,4c18b1b435a520731f1a0bea691a4318ecf06d84012c5b1af70adeeb5c888258
101,1,-133597.1500230125,0.0,True,2ff6c85c77549757d115904eaa3c2362b05b65498019680f63c2728e7fa6ff40
101,2,-133598.2919201691,-1.1418971566017717,True,2ff6c85c77549757d115904eaa3c2362b05b65498019680f63c2728e7fa6ff40
101,3,-133597.61085692444,-0.4608339119295124,True,2ff6c85c77549757d115904eaa3c2362b05b65498019680f63c2728e7fa6ff40
101,4,-133597.49323693465,-0.34321392214042135,True,2ff6c85c77549757d115904eaa3c2362b05b65498019680f63c2728e7fa6ff40
101,5,-133596.32962306184,0.8203999506658874,True,2ff6c85c77549757d115904eaa3c2362b05b65498019680f63c2728e7fa6ff40
102,1,-133597.1500230125,0.0,True,97e3e16916c7890c6408c048dd66f337fcd3dfdd9ccd0bef66c1b0254c971d3a
102,2,-133598.3385675601,-1.1885445475927554,True,97e3e16916c7890c6408c048dd66f337fcd3dfdd9ccd0bef66c1b0254c971d3a
102,3,-133597.6068600453,-0.45683703280519694,True,97e3e16916c7890c6408c048dd66f337fcd3dfdd9ccd0bef66c1b0254c971d3a
102,4,-133597.52626554653,-0.3762425340246409,True,97e3e16916c7890c6408c048dd66f337fcd3dfdd9ccd0bef66c1b0254c971d3a
102,5,-133596.32962306184,0.8203999506658874,True,97e3e16916c7890c6408c048dd66f337fcd3dfdd9ccd0bef66c1b0254c971d3a
103,1,-133597.1500230125,0.0,True,9bd6cde24fbf7626d79c3f5903d4b177c1e344bdc736666a4dc6a6f477c87dea
103,2,-133598.36426041223,-1.2142373997194227,True,9bd6cde24fbf7626d79c3f5903d4b177c1e344bdc736666a4dc6a6f477c87dea
103,3,-133597.6039085242,-0.4538855116988998,True,9bd6cde24fbf7626d79c3f5903d4b177c1e344bdc736666a4dc6a6f477c87dea
103,4,-133597.54361092226,-0.393587909755297,True,9bd6cde24fbf7626d79c3f5903d4b177c1e344bdc736666a4dc6a6f477c87dea
103,5,-133596.32962306184,0.8203999506658874,True,9bd6cde24fbf7626d79c3f5903d4b177c1e344bdc736666a4dc6a6f477c87dea
104,1,-133597.1500230125,0.0,True,6370d153643a315d55815cf8e19792c7797841403f842423d5b6703fb1bbd2a8
104,2,-133598.37340886393,-1.2233858514227904,True,6370d153643a315d55815cf8e19792c7797841403f842423d5b6703fb1bbd2a8
104,3,-133597.60280316503,-0.45278015252551995,True,6370d153643a315d55815cf8e19792c7797841403f842423d5b6703fb1bbd2a8
104,4,-133597.54963610278,-0.39961309026693925,True,6370d153643a315d55815cf8e19792c7797841403f842423d5b6703fb1bbd2a8
104,5,-133596.32962306184,0.8203999506658874,True,6370d153643a315d55815cf8e19792c7797841403f842423d5b6703fb1bbd2a8
105,1,-133597.1500230125,0.0,True,8ed1de03b0011aa079a41b10492c1e296baff5a73bbc293ba00e29adad0a99d5
105,2,-133598.37573596265,-1.2257129501376767,True,8ed1de03b0011aa079a41b10492c1e296baff5a73bbc293ba00e29adad0a99d5
105,3,-133597.6025767418,-0.45255372929386795,True,8ed1de03b0011aa079a41b10492c1e296baff5a73bbc293ba00e29adad0a99d5
105,4,-133597.55119585397,-0.4011728414625395,True,8ed1de03b0011aa079a41b10492c1e296baff5a73bbc293ba00e29adad0a99d5
105,5,-133596.32962306184,0.8203999506658874,True,8ed1de03b0011aa079a41b10492c1e296baff5a73bbc293ba00e29adad0a99d5
106,1,-133597.1500230125,0.0,True,96dd2105150272562ba5fe602c5953890de0fc5e65766a9e62f84370c9960a0b
106,2,-133598.37651566954,-1.2264926570351236,True,96dd2105150272562ba5fe602c5953890de0fc5e65766a9e62f84370c9960a0b
106,3,-133597.60255847208,-0.45253545956802554,True,96dd2105150272562ba5fe602c5953890de0fc5e65766a9e62f84370c9960a0b
106,4,-133597.55173665853,-0.401713646017015,True,96dd2105150272562ba5fe602c5953890de0fc5e65766a9e62f84370c9960a0b
106,5,-133596.32962306184,0.8203999506658874,True,96dd2105150272562ba5fe602c5953890de0fc5e65766a9e62f84370c9960a0b
107,1,-133597.1500230125,0.0,True,3431c218d5867e9dc1d0fe7515ce916b2941a6a9516a6a7631f0b1c3ac2fdcb8
107,2,-133598.3778694442,-1.2278464316914324,True,3431c218d5867e9dc1d0fe7515ce916b2941a6a9516a6a7631f0b1c3ac2fdcb8
107,3,-133597.60256824913,-0.4525452366215177,True,3431c218d5867e9dc1d0fe7515ce916b2941a6a9516a6a7631f0b1c3ac2fdcb8
107,4,-133597.55273947428,-0.40271646177279763,True,3431c218d5867e9dc1d0fe7515ce916b2941a6a9516a6a7631f0b1c3ac2fdcb8
107,5,-133596.32962306184,0.8203999506658874,True,3431c218d5867e9dc1d0fe7515ce916b2941a6a9516a6a7631f0b1c3ac2fdcb8
108,1,-133597.1500230125,0.0,True,8a3ed15b98857829b27216fec194671504e2aaa3b767fd1d77bbfbd48bd6f6d6
108,2,-133598.381759652,-1.2317366394854616,True,8a3ed15b98857829b27216fec194671504e2aaa3b767fd1d77bbfbd48bd6f6d6
108,3,-133597.60265859638,-0.45263558387523517,True,8a3ed15b98857829b27216fec194671504e2aaa3b767fd1d77bbfbd48bd6f6d6
108,4,-133597.5556161532,-0.4055931406910531,True,8a3ed15b98857829b27216fec194671504e2aaa3b767fd1d77bbfbd48bd6f6d6
108,5,-133596.32962306184,0.8203999506658874,True,8a3ed15b98857829b27216fec194671504e2aaa3b767fd1d77bbfbd48bd6f6d6
109,1,-133597.1500230125,0.0,True,a6fac7fdf02ec2275858f85006576791f44ab331c0deb23e7005b4702b6fd5ec
109,2,-133598.39726705637,-1.2472440438577905,True,a6fac7fdf02ec2275858f85006576791f44ab331c0deb23e7005b4702b6fd5ec
109,3,-133597.60307146114,-0.4530484486313071,True,a6fac7fdf02ec2275858f85006576791f44ab331c0deb23e7005b4702b6fd5ec
109,4,-133597.56689447825,-0.41687146574258804,True,a6fac7fdf02ec2275858f85006576791f44ab331c0deb23e7005b4702b6fd5ec
109,5,-133596.32962306184,0.8203999506658874,True,a6fac7fdf02ec2275858f85006576791f44ab331c0deb23e7005b4702b6fd5ec
