path_id,image_index_zero_based,image_index_qe,energy_eV,energy_relative_global_min_eV,local_basin_depth_eV,image_error_eV_A,candidate_status
1-2_historical,1,2,-133597.0547121,0.0,0.2096140000212472,0.702768,weak_candidate_high_neb_force
1-4_historical,3,4,-133598.0331433,0.0,0.46571070002391934,0.414221,weak_candidate_high_neb_force
1-5_historical,2,3,-133598.2876524,0.0,1.5603345000126865,0.559001,weak_candidate_high_neb_force
1-6_historical,3,4,-133596.3869583,0.7630714999977499,0.05733670000336133,0.584852,weak_candidate_high_neb_force
1-7_historical,3,4,-133597.1767353,0.26307730001281016,0.29485909998766147,0.291742,candidate_needs_independent_relax
1-8_historical,2,3,-133600.0975275,1.0168034999805968,0.23198630000115372,0.327388,weak_candidate_high_neb_force
81_neb_1,1,2,-177387.7877832,0.0,0.1500893000047654,0.118854,candidate_needs_independent_relax
1-6_qe_r3,1,2,-133598.3817597,0.0,0.7791010999935679,0.228572,candidate_needs_independent_relax
1-7_qe_r3,1,2,-133598.5546011,0.0,0.840739700011909,0.311123,weak_candidate_high_neb_force
