system_id,rank,path_id,marginal_coverage_gain,cumulative_coverage,quality_tiebreak_score,minimum_pair_distance_A,max_image_error_eV_A,selection_role
Sb2Te3Cr_61,1,1-7,0.5238287589541885,0.5238287589541885,0.7512586391723531,2.5352807173102136,0.291742,representative_candidate_requires_endpoint_validation
Sb2Te3Cr_61,2,1-5,0.10242239083862892,0.6262511497928174,6.870132174419423e-08,1.4084953492002121,4.673162,coverage_witness_requires_repair_or_replacement
Sb2Te3Cr_61,3,1-8,0.1016127353531392,0.7278638851459566,0.7343127739134202,2.4883036688010867,0.327388,representative_candidate_requires_endpoint_validation
Sb2Te3Cr_61,4,1-3,0.08748969457531763,0.8153535797212742,6.866572717197205e-09,1.376672716400214,5.364093,coverage_witness_requires_repair_or_replacement
Sb2Te3Cr_61,5,1-2,0.08522950900781878,0.900583088729093,8.93163819087434e-06,1.4101720229582146,3.212886,coverage_witness_requires_repair_or_replacement
Sb2Te3Cr_81,1,81_neb_2,0.5293170595799765,0.5293170595799765,0.6480574841312449,2.383028442861424,0.63572,representative_candidate_requires_endpoint_validation
Sb2Te3Cr_81,2,81_neb_5,0.13872161418282203,0.6680386737627986,0.738073278397843,2.3328674892617416,0.319104,representative_candidate_requires_endpoint_validation
Sb2Te3Cr_81,3,81_neb_3,0.11649435194664048,0.7845330257094391,0.7846929187197942,2.3781465623703997,0.231831,representative_candidate_requires_endpoint_validation
Sb2Te3Cr_81,4,81_neb_1,0.11568983467899085,0.9002228603884299,0.7221290021113951,2.4541015361649015,0.355916,representative_candidate_requires_endpoint_validation
