path,directory,file,suffix,size_bytes,kind,calculation,nat,ntyp,prefix,num_of_images,job_done,has_error_hint,error_hints,final_total_energy_Ry,n_total_energy_lines,neb_first_activation_forward_eV,neb_activation_overflow,neb_initial_path_length_bohr,classification,content_scan_limited,content_skipped_large
/scratch16/pclancy3/victor/Ba-Cs/bands_1/slurm-16308256.out,/scratch16/pclancy3/victor/Ba-Cs/bands_1,slurm-16308256.out,.out,2169,qe_output_unknown,,,,,,False,False,,,0,,False,,partial_or_unknown_qe_output,False,False
/scratch16/pclancy3/victor/Ba-Cs/bands_1/1_scf.out,/scratch16/pclancy3/victor/Ba-Cs/bands_1,1_scf.out,.out,99948,qe_output_unknown,,,,,,False,False,,,0,,False,,partial_or_unknown_qe_output,True,False
/scratch16/pclancy3/victor/Ba-Cs/bands_1/1_scf.in,/scratch16/pclancy3/victor/Ba-Cs/bands_1,1_scf.in,.in,5691,scf,scf,81,3,cs1-sb2te3,,False,False,,,0,,False,,qe_input_template_candidate,False,False
/scratch16/pclancy3/victor/Ba-Cs/caesium/Bulk-NoSOC-NonREL-2K-VCRelax_60_2.in,/scratch16/pclancy3/victor/Ba-Cs/caesium,Bulk-NoSOC-NonREL-2K-VCRelax_60_2.in,.in,4767,vc-relax,vc-relax,60,2,sb2te3_vcr_convergence,,False,False,,,0,,False,,qe_input_template_candidate,False,False
/scratch16/pclancy3/victor/Ba-Cs/caesium/Bulk-NoSOC-NonREL-k2.xyz,/scratch16/pclancy3/victor/Ba-Cs/caesium,Bulk-NoSOC-NonREL-k2.xyz,.xyz,3448,structure_or_other,,,,,,False,False,,,0,,False,,structure_candidate,False,False
/scratch16/pclancy3/victor/Ba-Cs/caesium/V-TMi1_Pos2.out,/scratch16/pclancy3/victor/Ba-Cs/caesium,V-TMi1_Pos2.out,.out,2013180,qe_output_unknown,,,,,,False,False,,-5538.29363754,1,,False,,partial_or_unknown_qe_output,True,False
/scratch16/pclancy3/victor/Ba-Cs/caesium/V-TMi4.in,/scratch16/pclancy3/victor/Ba-Cs/caesium,V-TMi4.in,.in,4419,relax,relax,61,3,interstitial_tmi4,,False,False,,,0,,False,,qe_input_template_candidate,False,False
/scratch16/pclancy3/victor/Ba-Cs/caesium/V-TMi4.out,/scratch16/pclancy3/victor/Ba-Cs/caesium,V-TMi4.out,.out,2096478,qe_output_unknown,,,,,,False,False,,-5538.18033962,1,,False,,partial_or_unknown_qe_output,True,False
/scratch16/pclancy3/victor/Ba-Cs/caesium/V-TMi1+TMi4-vdW2.out,/scratch16/pclancy3/victor/Ba-Cs/caesium,V-TMi1+TMi4-vdW2.out,.out,3570482,qe_output_unknown,,,,,,False,False,,-5683.16219833,1,,False,,partial_or_unknown_qe_output,True,False
/scratch16/pclancy3/victor/Ba-Cs/caesium/slurm-1108781.out,/scratch16/pclancy3/victor/Ba-Cs/caesium,slurm-1108781.out,.out,2268,qe_output_unknown,,,,,,False,False,,,0,,False,,partial_or_unknown_qe_output,False,False
/scratch16/pclancy3/victor/Ba-Cs/caesium/V-TMi3.in,/scratch16/pclancy3/victor/Ba-Cs/caesium,V-TMi3.in,.in,4418,relax,relax,61,3,interstitial_tmi2,,False,False,,,0,,False,,qe_input_template_candidate,False,False
/scratch16/pclancy3/victor/Ba-Cs/caesium/V-TMi2.in,/scratch16/pclancy3/victor/Ba-Cs/caesium,V-TMi2.in,.in,4421,relax,relax,61,3,interstitial_tmi2,,False,False,,,0,,False,,qe_input_template_candidate,False,False
/scratch16/pclancy3/victor/Ba-Cs/caesium/V-TMi1.out,/scratch16/pclancy3/victor/Ba-Cs/caesium,V-TMi1.out,.out,1592092,qe_output_unknown,,,,,,False,False,,-5538.29373660,1,,False,,partial_or_unknown_qe_output,True,False
/scratch16/pclancy3/victor/Ba-Cs/caesium/Bulk-NoSOC-NonREL-kPts_2.out,/scratch16/pclancy3/victor/Ba-Cs/caesium,Bulk-NoSOC-NonREL-kPts_2.out,.out,27967,qe_output_unknown,,,,,,True,False,,-5391.55674547,1,,False,,completed_qe_output_candidate,False,False
/scratch16/pclancy3/victor/Ba-Cs/caesium/V-TMi1.in,/scratch16/pclancy3/victor/Ba-Cs/caesium,V-TMi1.in,.in,4424,relax,relax,61,3,interstitial_tmi1,,False,False,,,0,,False,,qe_input_template_candidate,False,False
/scratch16/pclancy3/victor/Ba-Cs/caesium/V-TMi1+2TMi4-vdW3.in,/scratch16/pclancy3/victor/Ba-Cs/caesium,V-TMi1+2TMi4-vdW3.in,.in,4560,relax,relax,63,3,interstitial_tmi1,,False,False,,,0,,False,,qe_input_template_candidate,False,False
/scratch16/pclancy3/victor/Ba-Cs/caesium/slurm-1308673.out,/scratch16/pclancy3/victor/Ba-Cs/caesium,slurm-1308673.out,.out,850,qe_output_unknown,,,,,,False,False,,,0,,False,,partial_or_unknown_qe_output,False,False
/scratch16/pclancy3/victor/Ba-Cs/caesium/V-TMi3.out,/scratch16/pclancy3/victor/Ba-Cs/caesium,V-TMi3.out,.out,4284819,qe_output_unknown,,,,,,False,False,,-5536.41962102,1,,False,,partial_or_unknown_qe_output,True,False
/scratch16/pclancy3/victor/Ba-Cs/caesium/slurm-948654.out,/scratch16/pclancy3/victor/Ba-Cs/caesium,slurm-948654.out,.out,2768,qe_output_unknown,,,,,,False,False,,,0,,False,,partial_or_unknown_qe_output,False,False
/scratch16/pclancy3/victor/Ba-Cs/caesium/slurm-1118110.out,/scratch16/pclancy3/victor/Ba-Cs/caesium,slurm-1118110.out,.out,2254,qe_output_unknown,,,,,,False,False,,,0,,False,,partial_or_unknown_qe_output,False,False
/scratch16/pclancy3/victor/Ba-Cs/caesium/slurm-1173142.out,/scratch16/pclancy3/victor/Ba-Cs/caesium,slurm-1173142.out,.out,2004,qe_output_unknown,,,,,,False,False,,,0,,False,,partial_or_unknown_qe_output,False,False
/scratch16/pclancy3/victor/Ba-Cs/caesium/slurm-958840.out,/scratch16/pclancy3/victor/Ba-Cs/caesium,slurm-958840.out,.out,2985,qe_output_unknown,,,,,,False,False,,,0,,False,,partial_or_unknown_qe_output,False,False
/scratch16/pclancy3/victor/Ba-Cs/caesium/Bulk-NoSOC-NonREL-2K-VCRelax_60.xyz,/scratch16/pclancy3/victor/Ba-Cs/caesium,Bulk-NoSOC-NonREL-2K-VCRelax_60.xyz,.xyz,6624,structure_or_other,,,,,,False,False,,,0,,False,,structure_candidate,False,False
/scratch16/pclancy3/victor/Ba-Cs/caesium/Bulk-NoSOC-NonREL-2K-VCRelax_60_2.out,/scratch16/pclancy3/victor/Ba-Cs/caesium,Bulk-NoSOC-NonREL-2K-VCRelax_60_2.out,.out,996693,qe_output_unknown,,,,,,False,False,,-5393.36763120,1,,False,,partial_or_unknown_qe_output,True,False
/scratch16/pclancy3/victor/Ba-Cs/caesium/V-TMi1_Pos2.in,/scratch16/pclancy3/victor/Ba-Cs/caesium,V-TMi1_Pos2.in,.in,4447,relax,relax,61,3,interstitial_tmi1_pos2,,False,False,,,0,,False,,qe_input_template_candidate,False,False
/scratch16/pclancy3/victor/Ba-Cs/caesium/V-TMi2.out,/scratch16/pclancy3/victor/Ba-Cs/caesium,V-TMi2.out,.out,1540704,qe_output_unknown,,,,,,False,False,,-5538.28184850,1,,False,,partial_or_unknown_qe_output,True,False
/scratch16/pclancy3/victor/Ba-Cs/caesium/V-TMi1+2TMi4-vdW3.out,/scratch16/pclancy3/victor/Ba-Cs/caesium,V-TMi1+2TMi4-vdW3.out,.out,3532289,qe_output_unknown,,,,,,False,False,,-5827.99452069,1,,False,,partial_or_unknown_qe_output,True,False
/scratch16/pclancy3/victor/Ba-Cs/caesium/slurm-960325.out,/scratch16/pclancy3/victor/Ba-Cs/caesium,slurm-960325.out,.out,2178,qe_output_unknown,,,,,,False,False,,,0,,False,,partial_or_unknown_qe_output,False,False
/scratch16/pclancy3/victor/Ba-Cs/caesium/V-TMi1+TMi4-vdW2.in,/scratch16/pclancy3/victor/Ba-Cs/caesium,V-TMi1+TMi4-vdW2.in,.in,4494,relax,relax,62,3,interstitial_tmi1,,False,False,,,0,,False,,qe_input_template_candidate,False,False
/scratch16/pclancy3/victor/Ba-Cs/caesium/xyz/V-TMi1_Pos2.out,/scratch16/pclancy3/victor/Ba-Cs/caesium/xyz,V-TMi1_Pos2.out,.out,2013180,qe_output_unknown,,,,,,False,False,,-5538.29363754,1,,False,,partial_or_unknown_qe_output,True,False
/scratch16/pclancy3/victor/Ba-Cs/caesium/xyz/V-TMi4.out,/scratch16/pclancy3/victor/Ba-Cs/caesium/xyz,V-TMi4.out,.out,2096478,qe_output_unknown,,,,,,False,False,,-5538.18033962,1,,False,,partial_or_unknown_qe_output,True,False
/scratch16/pclancy3/victor/Ba-Cs/caesium/xyz/V-TMi1+TMi4-vdW2.out,/scratch16/pclancy3/victor/Ba-Cs/caesium/xyz,V-TMi1+TMi4-vdW2.out,.out,3570482,qe_output_unknown,,,,,,False,False,,-5683.16219833,1,,False,,partial_or_unknown_qe_output,True,False
/scratch16/pclancy3/victor/Ba-Cs/caesium/xyz/V-TMi2.xyz,/scratch16/pclancy3/victor/Ba-Cs/caesium/xyz,V-TMi2.xyz,.xyz,6621,structure_or_other,,,,,,False,False,,,0,,False,,structure_candidate,False,False
/scratch16/pclancy3/victor/Ba-Cs/caesium/xyz/V-TMi1.out,/scratch16/pclancy3/victor/Ba-Cs/caesium/xyz,V-TMi1.out,.out,1592092,qe_output_unknown,,,,,,False,False,,-5538.29373660,1,,False,,partial_or_unknown_qe_output,True,False
/scratch16/pclancy3/victor/Ba-Cs/caesium/xyz/V-TMi3.out,/scratch16/pclancy3/victor/Ba-Cs/caesium/xyz,V-TMi3.out,.out,4284819,qe_output_unknown,,,,,,False,False,,-5536.41962102,1,,False,,partial_or_unknown_qe_output,True,False
/scratch16/pclancy3/victor/Ba-Cs/caesium/xyz/V-TMi1.xyz,/scratch16/pclancy3/victor/Ba-Cs/caesium/xyz,V-TMi1.xyz,.xyz,6623,structure_or_other,,,,,,False,False,,,0,,False,,structure_candidate,False,False
/scratch16/pclancy3/victor/Ba-Cs/caesium/xyz/V-TMi4.xyz,/scratch16/pclancy3/victor/Ba-Cs/caesium/xyz,V-TMi4.xyz,.xyz,6623,structure_or_other,,,,,,False,False,,,0,,False,,structure_candidate,False,False
/scratch16/pclancy3/victor/Ba-Cs/caesium/xyz/V-TMi1+TMi4-vdW2.xyz,/scratch16/pclancy3/victor/Ba-Cs/caesium/xyz,V-TMi1+TMi4-vdW2.xyz,.xyz,6728,structure_or_other,,,,,,False,False,,,0,,False,,structure_candidate,False,False
/scratch16/pclancy3/victor/Ba-Cs/caesium/xyz/V-TMi3.xyz,/scratch16/pclancy3/victor/Ba-Cs/caesium/xyz,V-TMi3.xyz,.xyz,6623,structure_or_other,,,,,,False,False,,,0,,False,,structure_candidate,False,False
/scratch16/pclancy3/victor/Ba-Cs/caesium/xyz/V-TMi1_Pos2.xyz,/scratch16/pclancy3/victor/Ba-Cs/caesium/xyz,V-TMi1_Pos2.xyz,.xyz,6623,structure_or_other,,,,,,False,False,,,0,,False,,structure_candidate,False,False
/scratch16/pclancy3/victor/Ba-Cs/caesium/xyz/V-TMi2.out,/scratch16/pclancy3/victor/Ba-Cs/caesium/xyz,V-TMi2.out,.out,1540704,qe_output_unknown,,,,,,False,False,,-5538.28184850,1,,False,,partial_or_unknown_qe_output,True,False
/scratch16/pclancy3/victor/Ba-Cs/caesium/xyz/V-TMi1+2TMi4-vdW3.xyz,/scratch16/pclancy3/victor/Ba-Cs/caesium/xyz,V-TMi1+2TMi4-vdW3.xyz,.xyz,6833,structure_or_other,,,,,,False,False,,,0,,False,,structure_candidate,False,False
/scratch16/pclancy3/victor/Ba-Cs/caesium/xyz/V-TMi1+2TMi4-vdW3.out,/scratch16/pclancy3/victor/Ba-Cs/caesium/xyz,V-TMi1+2TMi4-vdW3.out,.out,3532289,qe_output_unknown,,,,,,False,False,,-5827.99452069,1,,False,,partial_or_unknown_qe_output,True,False
/scratch16/pclancy3/victor/Ba-Cs/caesium/Diffusion_Traj/2_v2.xyz,/scratch16/pclancy3/victor/Ba-Cs/caesium/Diffusion_Traj,2_v2.xyz,.xyz,8755,structure_or_other,,,,,,False,False,,,0,,False,,structure_candidate,False,False
/scratch16/pclancy3/victor/Ba-Cs/caesium/Diffusion_Traj/4.out,/scratch16/pclancy3/victor/Ba-Cs/caesium/Diffusion_Traj,4.out,.out,4010196,qe_output_unknown,,,,,,False,False,,,0,,False,,partial_or_unknown_qe_output,True,False
/scratch16/pclancy3/victor/Ba-Cs/caesium/Diffusion_Traj/1_mod_vdwg+2-33.out,/scratch16/pclancy3/victor/Ba-Cs/caesium/Diffusion_Traj,1_mod_vdwg+2-33.out,.out,145613,qe_output_unknown,,,,,,False,False,,,0,,False,,partial_or_unknown_qe_output,True,False
/scratch16/pclancy3/victor/Ba-Cs/caesium/Diffusion_Traj/slurm-11385923.out,/scratch16/pclancy3/victor/Ba-Cs/caesium/Diffusion_Traj,slurm-11385923.out,.out,1975,qe_output_unknown,,,,,,False,False,,,0,,False,,partial_or_unknown_qe_output,False,False
/scratch16/pclancy3/victor/Ba-Cs/caesium/Diffusion_Traj/slurm-7129288.out,/scratch16/pclancy3/victor/Ba-Cs/caesium/Diffusion_Traj,slurm-7129288.out,.out,2103,qe_output_unknown,,,,,,False,False,,,0,,False,,partial_or_unknown_qe_output,False,False
/scratch16/pclancy3/victor/Ba-Cs/caesium/Diffusion_Traj/slurm-7101120.out,/scratch16/pclancy3/victor/Ba-Cs/caesium/Diffusion_Traj,slurm-7101120.out,.out,2103,qe_output_unknown,,,,,,False,False,,,0,,False,,partial_or_unknown_qe_output,False,False
/scratch16/pclancy3/victor/Ba-Cs/caesium/Diffusion_Traj/slurm-7077027.out,/scratch16/pclancy3/victor/Ba-Cs/caesium/Diffusion_Traj,slurm-7077027.out,.out,2103,qe_output_unknown,,,,,,False,False,,,0,,False,,partial_or_unknown_qe_output,False,False
/scratch16/pclancy3/victor/Ba-Cs/caesium/Diffusion_Traj/5-2L_hetra_V1_v5_surface copy.xyz,/scratch16/pclancy3/victor/Ba-Cs/caesium/Diffusion_Traj,5-2L_hetra_V1_v5_surface copy.xyz,.xyz,7184,structure_or_other,,,,,,False,False,,,0,,False,,structure_candidate,False,False
/scratch16/pclancy3/victor/Ba-Cs/caesium/Diffusion_Traj/2.in,/scratch16/pclancy3/victor/Ba-Cs/caesium/Diffusion_Traj,2.in,.in,5921,relax,relax,81,3,cs-sb2te3,,False,False,,,0,,False,,qe_input_template_candidate,False,False
/scratch16/pclancy3/victor/Ba-Cs/caesium/Diffusion_Traj/0_v3.out,/scratch16/pclancy3/victor/Ba-Cs/caesium/Diffusion_Traj,0_v3.out,.out,6217899,qe_output_unknown,,,,,,False,False,,,0,,False,,partial_or_unknown_qe_output,True,False
/scratch16/pclancy3/victor/Ba-Cs/caesium/Diffusion_Traj/1_mod_vdwg+4.out,/scratch16/pclancy3/victor/Ba-Cs/caesium/Diffusion_Traj,1_mod_vdwg+4.out,.out,3854455,qe_output_unknown,,,,,,False,False,,,0,,False,,partial_or_unknown_qe_output,True,False
/scratch16/pclancy3/victor/Ba-Cs/caesium/Diffusion_Traj/slurm-7101136.out,/scratch16/pclancy3/victor/Ba-Cs/caesium/Diffusion_Traj,slurm-7101136.out,.out,2004,qe_output_unknown,,,,,,False,False,,,0,,False,,partial_or_unknown_qe_output,False,False
/scratch16/pclancy3/victor/Ba-Cs/caesium/Diffusion_Traj/1_mod_vdwg+4.in,/scratch16/pclancy3/victor/Ba-Cs/caesium/Diffusion_Traj,1_mod_vdwg+4.in,.in,3864,relax,relax,81,3,cs-sb2te3,,False,False,,,0,,False,,qe_input_template_candidate,False,False
/scratch16/pclancy3/victor/Ba-Cs/caesium/Diffusion_Traj/1_v2.xyz,/scratch16/pclancy3/victor/Ba-Cs/caesium/Diffusion_Traj,1_v2.xyz,.xyz,8755,structure_or_other,,,,,,False,False,,,0,,False,,structure_candidate,False,False
/scratch16/pclancy3/victor/Ba-Cs/caesium/Diffusion_Traj/slurm-7077028.out,/scratch16/pclancy3/victor/Ba-Cs/caesium/Diffusion_Traj,slurm-7077028.out,.out,2103,qe_output_unknown,,,,,,False,False,,,0,,False,,partial_or_unknown_qe_output,False,False
/scratch16/pclancy3/victor/Ba-Cs/caesium/Diffusion_Traj/slurm-11856603.out,/scratch16/pclancy3/victor/Ba-Cs/caesium/Diffusion_Traj,slurm-11856603.out,.out,2103,qe_output_unknown,,,,,,False,False,,,0,,False,,partial_or_unknown_qe_output,False,False
/scratch16/pclancy3/victor/Ba-Cs/caesium/Diffusion_Traj/slurm-11758543.out,/scratch16/pclancy3/victor/Ba-Cs/caesium/Diffusion_Traj,slurm-11758543.out,.out,1042,qe_output_unknown,,,,,,False,False,,,0,,False,,partial_or_unknown_qe_output,False,False
/scratch16/pclancy3/victor/Ba-Cs/caesium/Diffusion_Traj/4- 2L_hetra_V1_v4.xyz,/scratch16/pclancy3/victor/Ba-Cs/caesium/Diffusion_Traj,4- 2L_hetra_V1_v4.xyz,.xyz,7185,structure_or_other,,,,,,False,False,,,0,,False,,structure_candidate,False,False
/scratch16/pclancy3/victor/Ba-Cs/caesium/Diffusion_Traj/5.2_v2.out,/scratch16/pclancy3/victor/Ba-Cs/caesium/Diffusion_Traj,5.2_v2.out,.out,2901235,qe_output_unknown,,,,,,False,False,,,0,,False,,partial_or_unknown_qe_output,True,False
/scratch16/pclancy3/victor/Ba-Cs/caesium/Diffusion_Traj/slurm-11889098.out,/scratch16/pclancy3/victor/Ba-Cs/caesium/Diffusion_Traj,slurm-11889098.out,.out,754,qe_output_unknown,,,,,,False,False,,,0,,False,,partial_or_unknown_qe_output,False,False
/scratch16/pclancy3/victor/Ba-Cs/caesium/Diffusion_Traj/1.in,/scratch16/pclancy3/victor/Ba-Cs/caesium/Diffusion_Traj,1.in,.in,5923,relax,relax,81,3,cs-sb2te3,,False,False,,,0,,False,,qe_input_template_candidate,False,False
/scratch16/pclancy3/victor/Ba-Cs/caesium/Diffusion_Traj/1_mod_vdwg+4 copy.xyz,/scratch16/pclancy3/victor/Ba-Cs/caesium/Diffusion_Traj,1_mod_vdwg+4 copy.xyz,.xyz,8653,structure_or_other,,,,,,False,False,,,0,,False,,structure_candidate,False,False
/scratch16/pclancy3/victor/Ba-Cs/caesium/Diffusion_Traj/slurm-11889086.out,/scratch16/pclancy3/victor/Ba-Cs/caesium/Diffusion_Traj,slurm-11889086.out,.out,853,qe_output_unknown,,,,,,False,False,,,0,,False,,partial_or_unknown_qe_output,False,False
/scratch16/pclancy3/victor/Ba-Cs/caesium/Diffusion_Traj/0_v2.xyz,/scratch16/pclancy3/victor/Ba-Cs/caesium/Diffusion_Traj,0_v2.xyz,.xyz,8757,structure_or_other,,,,,,False,False,,,0,,False,,structure_candidate,False,False
/scratch16/pclancy3/victor/Ba-Cs/caesium/Diffusion_Traj/slurm-12046505.out,/scratch16/pclancy3/victor/Ba-Cs/caesium/Diffusion_Traj,slurm-12046505.out,.out,1042,qe_output_unknown,,,,,,False,False,,,0,,False,,partial_or_unknown_qe_output,False,False
/scratch16/pclancy3/victor/Ba-Cs/caesium/Diffusion_Traj/1_mod_vdwg+2.out,/scratch16/pclancy3/victor/Ba-Cs/caesium/Diffusion_Traj,1_mod_vdwg+2.out,.out,146174,qe_output_unknown,,,,,,False,False,,,0,,False,,partial_or_unknown_qe_output,True,False
/scratch16/pclancy3/victor/Ba-Cs/caesium/Diffusion_Traj/slurm-7101102.out,/scratch16/pclancy3/victor/Ba-Cs/caesium/Diffusion_Traj,slurm-7101102.out,.out,80,qe_output_unknown,,,,,,False,False,,,0,,False,,partial_or_unknown_qe_output,False,False
/scratch16/pclancy3/victor/Ba-Cs/caesium/Diffusion_Traj/slurm-17785622.out,/scratch16/pclancy3/victor/Ba-Cs/caesium/Diffusion_Traj,slurm-17785622.out,.out,2457,qe_output_unknown,,,,,,False,False,,,0,,False,,partial_or_unknown_qe_output,False,False
/scratch16/pclancy3/victor/Ba-Cs/caesium/Diffusion_Traj/slurm-7059067.out,/scratch16/pclancy3/victor/Ba-Cs/caesium/Diffusion_Traj,slurm-7059067.out,.out,2103,qe_output_unknown,,,,,,False,False,,,0,,False,,partial_or_unknown_qe_output,False,False
/scratch16/pclancy3/victor/Ba-Cs/caesium/Diffusion_Traj/1_mod_vdwg+3.xyz,/scratch16/pclancy3/victor/Ba-Cs/caesium/Diffusion_Traj,1_mod_vdwg+3.xyz,.xyz,8757,structure_or_other,,,,,,False,False,,,0,,False,,structure_candidate,False,False
/scratch16/pclancy3/victor/Ba-Cs/caesium/Diffusion_Traj/slurm-17415781.out,/scratch16/pclancy3/victor/Ba-Cs/caesium/Diffusion_Traj,slurm-17415781.out,.out,2169,qe_output_unknown,,,,,,False,False,,,0,,False,,partial_or_unknown_qe_output,False,False
/scratch16/pclancy3/victor/Ba-Cs/caesium/Diffusion_Traj/slurm-7454176.out,/scratch16/pclancy3/victor/Ba-Cs/caesium/Diffusion_Traj,slurm-7454176.out,.out,2103,qe_output_unknown,,,,,,False,False,,,0,,False,,partial_or_unknown_qe_output,False,False
/scratch16/pclancy3/victor/Ba-Cs/caesium/Diffusion_Traj/0-2L_octo_V1.xyz,/scratch16/pclancy3/victor/Ba-Cs/caesium/Diffusion_Traj,0-2L_octo_V1.xyz,.xyz,7185,structure_or_other,,,,,,False,False,,,0,,False,,structure_candidate,False,False
/scratch16/pclancy3/victor/Ba-Cs/caesium/Diffusion_Traj/5.2.in,/scratch16/pclancy3/victor/Ba-Cs/caesium/Diffusion_Traj,5.2.in,.in,5873,relax,relax,81,3,v-sb2te3,,False,False,,,0,,False,,qe_input_template_candidate,False,False
/scratch16/pclancy3/victor/Ba-Cs/caesium/Diffusion_Traj/slurm-7129287.out,/scratch16/pclancy3/victor/Ba-Cs/caesium/Diffusion_Traj,slurm-7129287.out,.out,2103,qe_output_unknown,,,,,,False,False,,,0,,False,,partial_or_unknown_qe_output,False,False
/scratch16/pclancy3/victor/Ba-Cs/caesium/Diffusion_Traj/slurm-7226936.out,/scratch16/pclancy3/victor/Ba-Cs/caesium/Diffusion_Traj,slurm-7226936.out,.out,2103,qe_output_unknown,,,,,,False,False,,,0,,False,,partial_or_unknown_qe_output,False,False
/scratch16/pclancy3/victor/Ba-Cs/caesium/Diffusion_Traj/1_mod_vdwg+2.in,/scratch16/pclancy3/victor/Ba-Cs/caesium/Diffusion_Traj,1_mod_vdwg+2.in,.in,3864,relax,relax,81,3,cs-sb2te3,,False,False,,,0,,False,,qe_input_template_candidate,False,False
/scratch16/pclancy3/victor/Ba-Cs/caesium/Diffusion_Traj/1_mod_vdwg+5.out,/scratch16/pclancy3/victor/Ba-Cs/caesium/Diffusion_Traj,1_mod_vdwg+5.out,.out,6018370,qe_output_unknown,,,,,,False,False,,,0,,False,,partial_or_unknown_qe_output,True,False
/scratch16/pclancy3/victor/Ba-Cs/caesium/Diffusion_Traj/slurm-7310104.out,/scratch16/pclancy3/victor/Ba-Cs/caesium/Diffusion_Traj,slurm-7310104.out,.out,2103,qe_output_unknown,,,,,,False,False,,,0,,False,,partial_or_unknown_qe_output,False,False
/scratch16/pclancy3/victor/Ba-Cs/caesium/Diffusion_Traj/0.in,/scratch16/pclancy3/victor/Ba-Cs/caesium/Diffusion_Traj,0.in,.in,5916,relax,relax,81,3,cs-sb2te3,,False,False,,,0,,False,,qe_input_template_candidate,False,False
/scratch16/pclancy3/victor/Ba-Cs/caesium/Diffusion_Traj/slurm-7042450.out,/scratch16/pclancy3/victor/Ba-Cs/caesium/Diffusion_Traj,slurm-7042450.out,.out,2103,qe_output_unknown,,,,,,False,False,,,0,,False,,partial_or_unknown_qe_output,False,False
/scratch16/pclancy3/victor/Ba-Cs/caesium/Diffusion_Traj/slurm-7042385.out,/scratch16/pclancy3/victor/Ba-Cs/caesium/Diffusion_Traj,slurm-7042385.out,.out,2103,qe_output_unknown,,,,,,False,False,,,0,,False,,partial_or_unknown_qe_output,False,False
/scratch16/pclancy3/victor/Ba-Cs/caesium/Diffusion_Traj/1_mod_vdwg+2-67.out,/scratch16/pclancy3/victor/Ba-Cs/caesium/Diffusion_Traj,1_mod_vdwg+2-67.out,.out,392769,qe_output_unknown,,,,,,False,False,,,0,,False,,partial_or_unknown_qe_output,True,False
/scratch16/pclancy3/victor/Ba-Cs/caesium/Diffusion_Traj/slurm-20597565.out,/scratch16/pclancy3/victor/Ba-Cs/caesium/Diffusion_Traj,slurm-20597565.out,.out,2268,qe_output_unknown,,,,,,False,False,,,0,,False,,partial_or_unknown_qe_output,False,False
/scratch16/pclancy3/victor/Ba-Cs/caesium/Diffusion_Traj/slurm-7129286.out,/scratch16/pclancy3/victor/Ba-Cs/caesium/Diffusion_Traj,slurm-7129286.out,.out,2103,qe_output_unknown,,,,,,False,False,,,0,,False,,partial_or_unknown_qe_output,False,False
/scratch16/pclancy3/victor/Ba-Cs/caesium/Diffusion_Traj/slurm-11856672.out,/scratch16/pclancy3/victor/Ba-Cs/caesium/Diffusion_Traj,slurm-11856672.out,.out,2196,qe_output_unknown,,,,,,False,False,,,0,,False,,partial_or_unknown_qe_output,False,False
/scratch16/pclancy3/victor/Ba-Cs/caesium/Diffusion_Traj/slurm-20597566.out,/scratch16/pclancy3/victor/Ba-Cs/caesium/Diffusion_Traj,slurm-20597566.out,.out,2268,qe_output_unknown,,,,,,False,False,,,0,,False,,partial_or_unknown_qe_output,False,False
/scratch16/pclancy3/victor/Ba-Cs/caesium/Diffusion_Traj/5.1_v2.out,/scratch16/pclancy3/victor/Ba-Cs/caesium/Diffusion_Traj,5.1_v2.out,.out,3009841,qe_output_unknown,,,,,,False,False,,,0,,False,,partial_or_unknown_qe_output,True,False
/scratch16/pclancy3/victor/Ba-Cs/caesium/Diffusion_Traj/slurm-11987255.out,/scratch16/pclancy3/victor/Ba-Cs/caesium/Diffusion_Traj,slurm-11987255.out,.out,2004,qe_output_unknown,,,,,,False,False,,,0,,False,,partial_or_unknown_qe_output,False,False
/scratch16/pclancy3/victor/Ba-Cs/caesium/Diffusion_Traj/slurm-7755185.out,/scratch16/pclancy3/victor/Ba-Cs/caesium/Diffusion_Traj,slurm-7755185.out,.out,2004,qe_output_unknown,,,,,,False,False,,,0,,False,,partial_or_unknown_qe_output,False,False
/scratch16/pclancy3/victor/Ba-Cs/caesium/Diffusion_Traj/slurm-11879330.out,/scratch16/pclancy3/victor/Ba-Cs/caesium/Diffusion_Traj,slurm-11879330.out,.out,907,qe_output_unknown,,,,,,False,True,out of memory,,0,,False,,quarantine_or_restart_review,False,False
/scratch16/pclancy3/victor/Ba-Cs/caesium/Diffusion_Traj/3.out,/scratch16/pclancy3/victor/Ba-Cs/caesium/Diffusion_Traj,3.out,.out,276875,qe_output_unknown,,,,,,False,False,,,0,,False,,partial_or_unknown_qe_output,True,False
/scratch16/pclancy3/victor/Ba-Cs/caesium/Diffusion_Traj/1_mod_vdwg+2-33.in,/scratch16/pclancy3/victor/Ba-Cs/caesium/Diffusion_Traj,1_mod_vdwg+2-33.in,.in,3864,relax,relax,81,3,cs-sb2te3,,False,False,,,0,,False,,qe_input_template_candidate,False,False
/scratch16/pclancy3/victor/Ba-Cs/caesium/Diffusion_Traj/slurm-11869461.out,/scratch16/pclancy3/victor/Ba-Cs/caesium/Diffusion_Traj,slurm-11869461.out,.out,2103,qe_output_unknown,,,,,,False,False,,,0,,False,,partial_or_unknown_qe_output,False,False
/scratch16/pclancy3/victor/Ba-Cs/caesium/Diffusion_Traj/1-2L_hetra_V1 copy.xyz,/scratch16/pclancy3/victor/Ba-Cs/caesium/Diffusion_Traj,1-2L_hetra_V1 copy.xyz,.xyz,7184,structure_or_other,,,,,,False,False,,,0,,False,,structure_candidate,False,False
/scratch16/pclancy3/victor/Ba-Cs/caesium/Diffusion_Traj/5.1_v2.xyz,/scratch16/pclancy3/victor/Ba-Cs/caesium/Diffusion_Traj,5.1_v2.xyz,.xyz,8757,structure_or_other,,,,,,False,False,,,0,,False,,structure_candidate,False,False
/scratch16/pclancy3/victor/Ba-Cs/caesium/Diffusion_Traj/slurm-11990147.out,/scratch16/pclancy3/victor/Ba-Cs/caesium/Diffusion_Traj,slurm-11990147.out,.out,2103,qe_output_unknown,,,,,,False,False,,,0,,False,,partial_or_unknown_qe_output,False,False
/scratch16/pclancy3/victor/Ba-Cs/caesium/Diffusion_Traj/slurm-7454233.out,/scratch16/pclancy3/victor/Ba-Cs/caesium/Diffusion_Traj,slurm-7454233.out,.out,2004,qe_output_unknown,,,,,,False,False,,,0,,False,,partial_or_unknown_qe_output,False,False
/scratch16/pclancy3/victor/Ba-Cs/caesium/Diffusion_Traj/5_2-2L_hetra_V1_v5_surface_2.xyz,/scratch16/pclancy3/victor/Ba-Cs/caesium/Diffusion_Traj,5_2-2L_hetra_V1_v5_surface_2.xyz,.xyz,7184,structure_or_other,,,,,,False,False,,,0,,False,,structure_candidate,False,False
/scratch16/pclancy3/victor/Ba-Cs/caesium/Diffusion_Traj/slurm-7022195.out,/scratch16/pclancy3/victor/Ba-Cs/caesium/Diffusion_Traj,slurm-7022195.out,.out,2103,qe_output_unknown,,,,,,False,False,,,0,,False,,partial_or_unknown_qe_output,False,False
/scratch16/pclancy3/victor/Ba-Cs/caesium/Diffusion_Traj/1_mod_vdwg+3 copy.xyz,/scratch16/pclancy3/victor/Ba-Cs/caesium/Diffusion_Traj,1_mod_vdwg+3 copy.xyz,.xyz,8652,structure_or_other,,,,,,False,False,,,0,,False,,structure_candidate,False,False
/scratch16/pclancy3/victor/Ba-Cs/caesium/Diffusion_Traj/2.out,/scratch16/pclancy3/victor/Ba-Cs/caesium/Diffusion_Traj,2.out,.out,5937896,qe_output_unknown,,,,,,False,False,,,0,,False,,partial_or_unknown_qe_output,True,False
/scratch16/pclancy3/victor/Ba-Cs/caesium/Diffusion_Traj/slurm-11879422.out,/scratch16/pclancy3/victor/Ba-Cs/caesium/Diffusion_Traj,slurm-11879422.out,.out,2103,qe_output_unknown,,,,,,False,False,,,0,,False,,partial_or_unknown_qe_output,False,False
/scratch16/pclancy3/victor/Ba-Cs/caesium/Diffusion_Traj/2-2L_hetra_V1_v2.xyz,/scratch16/pclancy3/victor/Ba-Cs/caesium/Diffusion_Traj,2-2L_hetra_V1_v2.xyz,.xyz,7185,structure_or_other,,,,,,False,False,,,0,,False,,structure_candidate,False,False
/scratch16/pclancy3/victor/Ba-Cs/caesium/Diffusion_Traj/slurm-7226932.out,/scratch16/pclancy3/victor/Ba-Cs/caesium/Diffusion_Traj,slurm-7226932.out,.out,2004,qe_output_unknown,,,,,,False,False,,,0,,False,,partial_or_unknown_qe_output,False,False
/scratch16/pclancy3/victor/Ba-Cs/caesium/Diffusion_Traj/5.2_v2.xyz,/scratch16/pclancy3/victor/Ba-Cs/caesium/Diffusion_Traj,5.2_v2.xyz,.xyz,8757,structure_or_other,,,,,,False,False,,,0,,False,,structure_candidate,False,False
/scratch16/pclancy3/victor/Ba-Cs/caesium/Diffusion_Traj/slurm-7042526.out,/scratch16/pclancy3/victor/Ba-Cs/caesium/Diffusion_Traj,slurm-7042526.out,.out,2103,qe_output_unknown,,,,,,False,False,,,0,,False,,partial_or_unknown_qe_output,False,False
/scratch16/pclancy3/victor/Ba-Cs/caesium/Diffusion_Traj/1_mod_vdwg+5.in,/scratch16/pclancy3/victor/Ba-Cs/caesium/Diffusion_Traj,1_mod_vdwg+5.in,.in,3864,relax,relax,81,3,cs-sb2te3,,False,False,,,0,,False,,qe_input_template_candidate,False,False
/scratch16/pclancy3/victor/Ba-Cs/caesium/Diffusion_Traj/slurm-11856602.out,/scratch16/pclancy3/victor/Ba-Cs/caesium/Diffusion_Traj,slurm-11856602.out,.out,2196,qe_output_unknown,,,,,,False,False,,,0,,False,,partial_or_unknown_qe_output,False,False
/scratch16/pclancy3/victor/Ba-Cs/caesium/Diffusion_Traj/1.out,/scratch16/pclancy3/victor/Ba-Cs/caesium/Diffusion_Traj,1.out,.out,151493,qe_output_unknown,,,,,,False,False,,,0,,False,,partial_or_unknown_qe_output,True,False
/scratch16/pclancy3/victor/Ba-Cs/caesium/Diffusion_Traj/slurm-11640899.out,/scratch16/pclancy3/victor/Ba-Cs/caesium/Diffusion_Traj,slurm-11640899.out,.out,2431,qe_output_unknown,,,,,,False,True,out of memory,,0,,False,,quarantine_or_restart_review,False,False
/scratch16/pclancy3/victor/Ba-Cs/caesium/Diffusion_Traj/slurm-11231714.out,/scratch16/pclancy3/victor/Ba-Cs/caesium/Diffusion_Traj,slurm-11231714.out,.out,963,qe_output_unknown,,,,,,False,False,,,0,,False,,partial_or_unknown_qe_output,False,False
/scratch16/pclancy3/victor/Ba-Cs/caesium/Diffusion_Traj/1 copy.in,/scratch16/pclancy3/victor/Ba-Cs/caesium/Diffusion_Traj,1 copy.in,.in,5919,relax,relax,81,3,v-sb2te3,,False,False,,,0,,False,,qe_input_template_candidate,False,False
/scratch16/pclancy3/victor/Ba-Cs/caesium/Diffusion_Traj/slurm-17415660.out,/scratch16/pclancy3/victor/Ba-Cs/caesium/Diffusion_Traj,slurm-17415660.out,.out,2169,qe_output_unknown,,,,,,False,False,,,0,,False,,partial_or_unknown_qe_output,False,False
/scratch16/pclancy3/victor/Ba-Cs/caesium/Diffusion_Traj/slurm-12028638.out,/scratch16/pclancy3/victor/Ba-Cs/caesium/Diffusion_Traj,slurm-12028638.out,.out,754,qe_output_unknown,,,,,,False,False,,,0,,False,,partial_or_unknown_qe_output,False,False
/scratch16/pclancy3/victor/Ba-Cs/caesium/Diffusion_Traj/slurm-11896869.out,/scratch16/pclancy3/victor/Ba-Cs/caesium/Diffusion_Traj,slurm-11896869.out,.out,2249,qe_output_unknown,,,,,,False,False,,,0,,False,,partial_or_unknown_qe_output,False,False
/scratch16/pclancy3/victor/Ba-Cs/caesium/Diffusion_Traj/5-2L_hetra_V1_v5_surface.xyz,/scratch16/pclancy3/victor/Ba-Cs/caesium/Diffusion_Traj,5-2L_hetra_V1_v5_surface.xyz,.xyz,7185,structure_or_other,,,,,,False,False,,,0,,False,,structure_candidate,False,False
/scratch16/pclancy3/victor/Ba-Cs/caesium/Diffusion_Traj/1_mod_vdwg+4.xyz,/scratch16/pclancy3/victor/Ba-Cs/caesium/Diffusion_Traj,1_mod_vdwg+4.xyz,.xyz,8757,structure_or_other,,,,,,False,False,,,0,,False,,structure_candidate,False,False
/scratch16/pclancy3/victor/Ba-Cs/caesium/Diffusion_Traj/3-2L_hetra_V1_v3 copy.xyz,/scratch16/pclancy3/victor/Ba-Cs/caesium/Diffusion_Traj,3-2L_hetra_V1_v3 copy.xyz,.xyz,7184,structure_or_other,,,,,,False,False,,,0,,False,,structure_candidate,False,False
/scratch16/pclancy3/victor/Ba-Cs/caesium/Diffusion_Traj/0_v2.out,/scratch16/pclancy3/victor/Ba-Cs/caesium/Diffusion_Traj,0_v2.out,.out,4126027,qe_output_unknown,,,,,,False,False,,,0,,False,,partial_or_unknown_qe_output,True,False
/scratch16/pclancy3/victor/Ba-Cs/caesium/Diffusion_Traj/0.out,/scratch16/pclancy3/victor/Ba-Cs/caesium/Diffusion_Traj,0.out,.out,2636746,qe_output_unknown,,,,,,False,False,,,0,,False,,partial_or_unknown_qe_output,True,False
/scratch16/pclancy3/victor/Ba-Cs/caesium/Diffusion_Traj/1_v2.out,/scratch16/pclancy3/victor/Ba-Cs/caesium/Diffusion_Traj,1_v2.out,.out,6050958,qe_output_unknown,,,,,,False,False,,,0,,False,,partial_or_unknown_qe_output,True,False
/scratch16/pclancy3/victor/Ba-Cs/caesium/Diffusion_Traj/2_v2.out,/scratch16/pclancy3/victor/Ba-Cs/caesium/Diffusion_Traj,2_v2.out,.out,6058853,qe_output_unknown,,,,,,False,False,,,0,,False,,partial_or_unknown_qe_output,True,False
/scratch16/pclancy3/victor/Ba-Cs/caesium/Diffusion_Traj/5_2-2L_hetra_V1_v5_surface_2 copy.xyz,/scratch16/pclancy3/victor/Ba-Cs/caesium/Diffusion_Traj,5_2-2L_hetra_V1_v5_surface_2 copy.xyz,.xyz,7184,structure_or_other,,,,,,False,False,,,0,,False,,structure_candidate,False,False
/scratch16/pclancy3/victor/Ba-Cs/caesium/Diffusion_Traj/slurm-20597567.out,/scratch16/pclancy3/victor/Ba-Cs/caesium/Diffusion_Traj,slurm-20597567.out,.out,2414,qe_output_unknown,,,,,,False,False,,,0,,False,,partial_or_unknown_qe_output,False,False
/scratch16/pclancy3/victor/Ba-Cs/caesium/Diffusion_Traj/slurm-11687477.out,/scratch16/pclancy3/victor/Ba-Cs/caesium/Diffusion_Traj,slurm-11687477.out,.out,2103,qe_output_unknown,,,,,,False,False,,,0,,False,,partial_or_unknown_qe_output,False,False
/scratch16/pclancy3/victor/Ba-Cs/caesium/Diffusion_Traj/3_v2.out,/scratch16/pclancy3/victor/Ba-Cs/caesium/Diffusion_Traj,3_v2.out,.out,6051404,qe_output_unknown,,,,,,False,False,,,0,,False,,partial_or_unknown_qe_output,True,False
/scratch16/pclancy3/victor/Ba-Cs/caesium/Diffusion_Traj/5.2.out,/scratch16/pclancy3/victor/Ba-Cs/caesium/Diffusion_Traj,5.2.out,.out,3166263,qe_output_unknown,,,,,,False,False,,,0,,False,,partial_or_unknown_qe_output,True,False
/scratch16/pclancy3/victor/Ba-Cs/caesium/Diffusion_Traj/slurm-11687474.out,/scratch16/pclancy3/victor/Ba-Cs/caesium/Diffusion_Traj,slurm-11687474.out,.out,2103,qe_output_unknown,,,,,,False,False,,,0,,False,,partial_or_unknown_qe_output,False,False
/scratch16/pclancy3/victor/Ba-Cs/caesium/Diffusion_Traj/4_v2.out,/scratch16/pclancy3/victor/Ba-Cs/caesium/Diffusion_Traj,4_v2.out,.out,5667790,qe_output_unknown,,,,,,False,False,,,0,,False,,partial_or_unknown_qe_output,True,False
/scratch16/pclancy3/victor/Ba-Cs/caesium/Diffusion_Traj/1_mod_vdwg+3.in,/scratch16/pclancy3/victor/Ba-Cs/caesium/Diffusion_Traj,1_mod_vdwg+3.in,.in,3864,relax,relax,81,3,cs-sb2te3,,False,False,,,0,,False,,qe_input_template_candidate,False,False
/scratch16/pclancy3/victor/Ba-Cs/caesium/Diffusion_Traj/0-2L_octo_V1 copy.xyz,/scratch16/pclancy3/victor/Ba-Cs/caesium/Diffusion_Traj,0-2L_octo_V1 copy.xyz,.xyz,7184,structure_or_other,,,,,,False,False,,,0,,False,,structure_candidate,False,False
/scratch16/pclancy3/victor/Ba-Cs/caesium/Diffusion_Traj/1_mod_vdwg+3.out,/scratch16/pclancy3/victor/Ba-Cs/caesium/Diffusion_Traj,1_mod_vdwg+3.out,.out,3737973,qe_output_unknown,,,,,,False,False,,,0,,False,,partial_or_unknown_qe_output,True,False
/scratch16/pclancy3/victor/Ba-Cs/caesium/Diffusion_Traj/4.in,/scratch16/pclancy3/victor/Ba-Cs/caesium/Diffusion_Traj,4.in,.in,5916,relax,relax,81,3,v-sb2te3,,False,False,,,0,,False,,qe_input_template_candidate,False,False
/scratch16/pclancy3/victor/Ba-Cs/caesium/Diffusion_Traj/4_v2.xyz,/scratch16/pclancy3/victor/Ba-Cs/caesium/Diffusion_Traj,4_v2.xyz,.xyz,8757,structure_or_other,,,,,,False,False,,,0,,False,,structure_candidate,False,False
/scratch16/pclancy3/victor/Ba-Cs/caesium/Diffusion_Traj/slurm-7310082.out,/scratch16/pclancy3/victor/Ba-Cs/caesium/Diffusion_Traj,slurm-7310082.out,.out,2004,qe_output_unknown,,,,,,False,False,,,0,,False,,partial_or_unknown_qe_output,False,False
/scratch16/pclancy3/victor/Ba-Cs/caesium/Diffusion_Traj/4- 2L_hetra_V1_v4 copy.xyz,/scratch16/pclancy3/victor/Ba-Cs/caesium/Diffusion_Traj,4- 2L_hetra_V1_v4 copy.xyz,.xyz,7184,structure_or_other,,,,,,False,False,,,0,,False,,structure_candidate,False,False
/scratch16/pclancy3/victor/Ba-Cs/caesium/Diffusion_Traj/3-2L_hetra_V1_v3.xyz,/scratch16/pclancy3/victor/Ba-Cs/caesium/Diffusion_Traj,3-2L_hetra_V1_v3.xyz,.xyz,7185,structure_or_other,,,,,,False,False,,,0,,False,,structure_candidate,False,False
/scratch16/pclancy3/victor/Ba-Cs/caesium/Diffusion_Traj/slurm-11987256.out,/scratch16/pclancy3/victor/Ba-Cs/caesium/Diffusion_Traj,slurm-11987256.out,.out,2205,qe_output_unknown,,,,,,False,False,,,0,,False,,partial_or_unknown_qe_output,False,False
/scratch16/pclancy3/victor/Ba-Cs/caesium/Diffusion_Traj/1-2L_hetra_V1.xyz,/scratch16/pclancy3/victor/Ba-Cs/caesium/Diffusion_Traj,1-2L_hetra_V1.xyz,.xyz,7185,structure_or_other,,,,,,False,False,,,0,,False,,structure_candidate,False,False
/scratch16/pclancy3/victor/Ba-Cs/caesium/Diffusion_Traj/slurm-11680221.out,/scratch16/pclancy3/victor/Ba-Cs/caesium/Diffusion_Traj,slurm-11680221.out,.out,2249,qe_output_unknown,,,,,,False,False,,,0,,False,,partial_or_unknown_qe_output,False,False
/scratch16/pclancy3/victor/Ba-Cs/caesium/Diffusion_Traj/slurm-7129285.out,/scratch16/pclancy3/victor/Ba-Cs/caesium/Diffusion_Traj,slurm-7129285.out,.out,2004,qe_output_unknown,,,,,,False,False,,,0,,False,,partial_or_unknown_qe_output,False,False
/scratch16/pclancy3/victor/Ba-Cs/caesium/Diffusion_Traj/5.1.out,/scratch16/pclancy3/victor/Ba-Cs/caesium/Diffusion_Traj,5.1.out,.out,3050639,qe_output_unknown,,,,,,False,False,,,0,,False,,partial_or_unknown_qe_output,True,False
/scratch16/pclancy3/victor/Ba-Cs/caesium/Diffusion_Traj/5.1.in,/scratch16/pclancy3/victor/Ba-Cs/caesium/Diffusion_Traj,5.1.in,.in,5916,relax,relax,81,3,v-sb2te3,,False,False,,,0,,False,,qe_input_template_candidate,False,False
/scratch16/pclancy3/victor/Ba-Cs/caesium/Diffusion_Traj/slurm-7042355.out,/scratch16/pclancy3/victor/Ba-Cs/caesium/Diffusion_Traj,slurm-7042355.out,.out,2103,qe_output_unknown,,,,,,False,False,,,0,,False,,partial_or_unknown_qe_output,False,False
/scratch16/pclancy3/victor/Ba-Cs/caesium/Diffusion_Traj/slurm-7042525.out,/scratch16/pclancy3/victor/Ba-Cs/caesium/Diffusion_Traj,slurm-7042525.out,.out,2103,qe_output_unknown,,,,,,False,False,,,0,,False,,partial_or_unknown_qe_output,False,False
/scratch16/pclancy3/victor/Ba-Cs/caesium/Diffusion_Traj/3_v2.xyz,/scratch16/pclancy3/victor/Ba-Cs/caesium/Diffusion_Traj,3_v2.xyz,.xyz,8757,structure_or_other,,,,,,False,False,,,0,,False,,structure_candidate,False,False
/scratch16/pclancy3/victor/Ba-Cs/caesium/Diffusion_Traj/1_mod_vdwg+2-67.in,/scratch16/pclancy3/victor/Ba-Cs/caesium/Diffusion_Traj,1_mod_vdwg+2-67.in,.in,3864,relax,relax,81,3,cs-sb2te3,,False,False,,,0,,False,,qe_input_template_candidate,False,False
/scratch16/pclancy3/victor/Ba-Cs/caesium/Diffusion_Traj/3.in,/scratch16/pclancy3/victor/Ba-Cs/caesium/Diffusion_Traj,3.in,.in,5917,relax,relax,81,3,v-sb2te3,,False,False,,,0,,False,,qe_input_template_candidate,False,False
/scratch16/pclancy3/victor/Ba-Cs/caesium/Diffusion_Traj/slurm-7022189.out,/scratch16/pclancy3/victor/Ba-Cs/caesium/Diffusion_Traj,slurm-7022189.out,.out,2004,qe_output_unknown,,,,,,False,False,,,0,,False,,partial_or_unknown_qe_output,False,False
/scratch16/pclancy3/victor/Ba-Cs/caesium/Diffusion_Traj/slurm-7059070.out,/scratch16/pclancy3/victor/Ba-Cs/caesium/Diffusion_Traj,slurm-7059070.out,.out,2103,qe_output_unknown,,,,,,False,False,,,0,,False,,partial_or_unknown_qe_output,False,False
/scratch16/pclancy3/victor/Ba-Cs/caesium/Diffusion_Traj/slurm-7073299.out,/scratch16/pclancy3/victor/Ba-Cs/caesium/Diffusion_Traj,slurm-7073299.out,.out,2004,qe_output_unknown,,,,,,False,False,,,0,,False,,partial_or_unknown_qe_output,False,False
/scratch16/pclancy3/victor/Ba-Cs/caesium/Diffusion_Traj/slurm-7041168.out,/scratch16/pclancy3/victor/Ba-Cs/caesium/Diffusion_Traj,slurm-7041168.out,.out,2103,qe_output_unknown,,,,,,False,False,,,0,,False,,partial_or_unknown_qe_output,False,False
/scratch16/pclancy3/victor/Ba-Cs/caesium/Diffusion_Traj/2-2L_hetra_V1_v2 copy.xyz,/scratch16/pclancy3/victor/Ba-Cs/caesium/Diffusion_Traj,2-2L_hetra_V1_v2 copy.xyz,.xyz,7184,structure_or_other,,,,,,False,False,,,0,,False,,structure_candidate,False,False
/scratch16/pclancy3/victor/Ba-Cs/bands_+5_doped/scf.in,/scratch16/pclancy3/victor/Ba-Cs/bands_+5_doped,scf.in,.in,6397,scf,scf,81,3,cs1_mod+5-sb2te3,,False,False,,,0,,False,,qe_input_template_candidate,False,False
/scratch16/pclancy3/victor/Ba-Cs/bands_+5_doped/1_mod_vdwg+5.out,/scratch16/pclancy3/victor/Ba-Cs/bands_+5_doped,1_mod_vdwg+5.out,.out,6018370,qe_output_unknown,,,,,,False,False,,,0,,False,,partial_or_unknown_qe_output,True,False
/scratch16/pclancy3/victor/Ba-Cs/bands_+5_doped/scf_1cs_mod+5.out,/scratch16/pclancy3/victor/Ba-Cs/bands_+5_doped,scf_1cs_mod+5.out,.out,99729,qe_output_unknown,,,,,,False,False,,,0,,False,,partial_or_unknown_qe_output,True,False
/scratch16/pclancy3/victor/Ba-Cs/bands_+5_doped/slurm-20583976.out,/scratch16/pclancy3/victor/Ba-Cs/bands_+5_doped,slurm-20583976.out,.out,2169,qe_output_unknown,,,,,,False,False,,,0,,False,,partial_or_unknown_qe_output,False,False
/scratch16/pclancy3/victor/Ba-Cs/bands_0.5Apristine/0.5Apris_scf.out,/scratch16/pclancy3/victor/Ba-Cs/bands_0.5Apristine,0.5Apris_scf.out,.out,98674,qe_output_unknown,,,,,,False,False,,,0,,False,,partial_or_unknown_qe_output,True,False
/scratch16/pclancy3/victor/Ba-Cs/bands_0.5Apristine/0.5Apris_scf.in,/scratch16/pclancy3/victor/Ba-Cs/bands_0.5Apristine,0.5Apris_scf.in,.in,3762,scf,scf,80,2,cs0.5Apris-sb2te3,,False,False,,,0,,False,,qe_input_template_candidate,False,False
/scratch16/pclancy3/victor/Ba-Cs/bands_0.5Apristine/slurm-16493957.out,/scratch16/pclancy3/victor/Ba-Cs/bands_0.5Apristine,slurm-16493957.out,.out,2169,qe_output_unknown,,,,,,False,False,,,0,,False,,partial_or_unknown_qe_output,False,False
/scratch16/pclancy3/victor/Ba-Cs/bands_pristine/pris_scf.in,/scratch16/pclancy3/victor/Ba-Cs/bands_pristine,pris_scf.in,.in,5810,scf,scf,80,2,cspris-sb2te3,,False,False,,,0,,False,,qe_input_template_candidate,False,False
/scratch16/pclancy3/victor/Ba-Cs/bands_pristine/slurm-16450269.out,/scratch16/pclancy3/victor/Ba-Cs/bands_pristine,slurm-16450269.out,.out,2169,qe_output_unknown,,,,,,False,False,,,0,,False,,partial_or_unknown_qe_output,False,False
/scratch16/pclancy3/victor/Ba-Cs/bands_pristine/pris_scf.out,/scratch16/pclancy3/victor/Ba-Cs/bands_pristine,pris_scf.out,.out,99250,qe_output_unknown,,,,,,False,False,,,0,,False,,partial_or_unknown_qe_output,True,False
/scratch16/pclancy3/victor/Ba-Cs/bands_+3_doped/scf.in,/scratch16/pclancy3/victor/Ba-Cs/bands_+3_doped,scf.in,.in,6397,scf,scf,81,3,cs1_mod+3-sb2te3,,False,False,,,0,,False,,qe_input_template_candidate,False,False
/scratch16/pclancy3/victor/Ba-Cs/bands_+3_doped/scf_1cs_mod+3.out,/scratch16/pclancy3/victor/Ba-Cs/bands_+3_doped,scf_1cs_mod+3.out,.out,99763,qe_output_unknown,,,,,,False,False,,,0,,False,,partial_or_unknown_qe_output,True,False
/scratch16/pclancy3/victor/Ba-Cs/bands_+3_doped/slurm-20583973.out,/scratch16/pclancy3/victor/Ba-Cs/bands_+3_doped,slurm-20583973.out,.out,2169,qe_output_unknown,,,,,,False,False,,,0,,False,,partial_or_unknown_qe_output,False,False
/scratch16/pclancy3/victor/Ba-Cs/bands_+3_doped/1_mod_vdwg+3.out,/scratch16/pclancy3/victor/Ba-Cs/bands_+3_doped,1_mod_vdwg+3.out,.out,3737973,qe_output_unknown,,,,,,False,False,,,0,,False,,partial_or_unknown_qe_output,True,False
/scratch16/pclancy3/victor/Ba-Cs/charged/4.out,/scratch16/pclancy3/victor/Ba-Cs/charged,4.out,.out,5954864,qe_output_unknown,,,,,,False,False,,,0,,False,,partial_or_unknown_qe_output,True,False
/scratch16/pclancy3/victor/Ba-Cs/charged/1_v2 copy.out,/scratch16/pclancy3/victor/Ba-Cs/charged,1_v2 copy.out,.out,6726595,qe_output_unknown,,,,,,False,False,,,0,,False,,partial_or_unknown_qe_output,True,False
/scratch16/pclancy3/victor/Ba-Cs/charged/slurm-13449812.out,/scratch16/pclancy3/victor/Ba-Cs/charged,slurm-13449812.out,.out,2249,qe_output_unknown,,,,,,False,False,,,0,,False,,partial_or_unknown_qe_output,False,False
/scratch16/pclancy3/victor/Ba-Cs/charged/2.in,/scratch16/pclancy3/victor/Ba-Cs/charged,2.in,.in,5941,relax,relax,81,3,cs2-sb2te3,,False,False,,,0,,False,,qe_input_template_candidate,False,False
/scratch16/pclancy3/victor/Ba-Cs/charged/slurm-13556822.out,/scratch16/pclancy3/victor/Ba-Cs/charged,slurm-13556822.out,.out,3302,qe_output_unknown,,,,,,False,False,,,0,,False,,partial_or_unknown_qe_output,False,False
/scratch16/pclancy3/victor/Ba-Cs/charged/1.in,/scratch16/pclancy3/victor/Ba-Cs/charged,1.in,.in,5972,relax,relax,81,3,cs1-sb2te3,,False,False,,,0,,False,,qe_input_template_candidate,False,False
/scratch16/pclancy3/victor/Ba-Cs/charged/slurm-14161305.out,/scratch16/pclancy3/victor/Ba-Cs/charged,slurm-14161305.out,.out,3301,qe_output_unknown,,,,,,False,False,,,0,,False,,partial_or_unknown_qe_output,False,False
/scratch16/pclancy3/victor/Ba-Cs/charged/slurm-14161304.out,/scratch16/pclancy3/victor/Ba-Cs/charged,slurm-14161304.out,.out,3301,qe_output_unknown,,,,,,False,False,,,0,,False,,partial_or_unknown_qe_output,False,False
/scratch16/pclancy3/victor/Ba-Cs/charged/slurm-13449810.out,/scratch16/pclancy3/victor/Ba-Cs/charged,slurm-13449810.out,.out,2196,qe_output_unknown,,,,,,False,False,,,0,,False,,partial_or_unknown_qe_output,False,False
/scratch16/pclancy3/victor/Ba-Cs/charged/5.2.in,/scratch16/pclancy3/victor/Ba-Cs/charged,5.2.in,.in,5894,relax,relax,81,3,cs5.2-sb2te3,,False,False,,,0,,False,,qe_input_template_candidate,False,False
/scratch16/pclancy3/victor/Ba-Cs/charged/0.in,/scratch16/pclancy3/victor/Ba-Cs/charged,0.in,.in,5936,relax,relax,81,3,cs0-sb2te3,,False,False,,,0,,False,,qe_input_template_candidate,False,False
/scratch16/pclancy3/victor/Ba-Cs/charged/slurm-13449811.out,/scratch16/pclancy3/victor/Ba-Cs/charged,slurm-13449811.out,.out,2004,qe_output_unknown,,,,,,False,False,,,0,,False,,partial_or_unknown_qe_output,False,False
/scratch16/pclancy3/victor/Ba-Cs/charged/slurm-13449813.out,/scratch16/pclancy3/victor/Ba-Cs/charged,slurm-13449813.out,.out,2249,qe_output_unknown,,,,,,False,False,,,0,,False,,partial_or_unknown_qe_output,False,False
/scratch16/pclancy3/victor/Ba-Cs/charged/3.out,/scratch16/pclancy3/victor/Ba-Cs/charged,3.out,.out,0,qe_output_unknown,,,,,,False,False,,,0,,False,,partial_or_unknown_qe_output,False,False
/scratch16/pclancy3/victor/Ba-Cs/charged/slurm-13481020.out,/scratch16/pclancy3/victor/Ba-Cs/charged,slurm-13481020.out,.out,2004,qe_output_unknown,,,,,,False,False,,,0,,False,,partial_or_unknown_qe_output,False,False
/scratch16/pclancy3/victor/Ba-Cs/charged/slurm-13449807.out,/scratch16/pclancy3/victor/Ba-Cs/charged,slurm-13449807.out,.out,2196,qe_output_unknown,,,,,,False,False,,,0,,False,,partial_or_unknown_qe_output,False,False
/scratch16/pclancy3/victor/Ba-Cs/charged/2.out,/scratch16/pclancy3/victor/Ba-Cs/charged,2.out,.out,5859377,qe_output_unknown,,,,,,False,False,,,0,,False,,partial_or_unknown_qe_output,True,False
/scratch16/pclancy3/victor/Ba-Cs/charged/1.out,/scratch16/pclancy3/victor/Ba-Cs/charged,1.out,.out,5906293,qe_output_unknown,,,,,,False,False,,,0,,False,,partial_or_unknown_qe_output,True,False
/scratch16/pclancy3/victor/Ba-Cs/charged/0.out,/scratch16/pclancy3/victor/Ba-Cs/charged,0.out,.out,6305360,qe_output_unknown,,,,,,False,False,,,0,,False,,partial_or_unknown_qe_output,True,False
/scratch16/pclancy3/victor/Ba-Cs/charged/1_v2.out,/scratch16/pclancy3/victor/Ba-Cs/charged,1_v2.out,.out,1573285,qe_output_unknown,,,,,,False,False,,,0,,False,,partial_or_unknown_qe_output,True,False
/scratch16/pclancy3/victor/Ba-Cs/charged/2_v2.out,/scratch16/pclancy3/victor/Ba-Cs/charged,2_v2.out,.out,6105227,qe_output_unknown,,,,,,False,False,,,0,,False,,partial_or_unknown_qe_output,True,False
/scratch16/pclancy3/victor/Ba-Cs/charged/slurm-15087221.out,/scratch16/pclancy3/victor/Ba-Cs/charged,slurm-15087221.out,.out,2361,qe_output_unknown,,,,,,False,False,,,0,,False,,partial_or_unknown_qe_output,False,False
/scratch16/pclancy3/victor/Ba-Cs/charged/5.2.out,/scratch16/pclancy3/victor/Ba-Cs/charged,5.2.out,.out,3412479,qe_output_unknown,,,,,,False,False,,,0,,False,,partial_or_unknown_qe_output,True,False
/scratch16/pclancy3/victor/Ba-Cs/charged/slurm-14870522.out,/scratch16/pclancy3/victor/Ba-Cs/charged,slurm-14870522.out,.out,2414,qe_output_unknown,,,,,,False,False,,,0,,False,,partial_or_unknown_qe_output,False,False
/scratch16/pclancy3/victor/Ba-Cs/charged/slurm-13449809.out,/scratch16/pclancy3/victor/Ba-Cs/charged,slurm-13449809.out,.out,2213,qe_output_unknown,,,,,,False,False,,,0,,False,,partial_or_unknown_qe_output,False,False
/scratch16/pclancy3/victor/Ba-Cs/charged/slurm-14870523.out,/scratch16/pclancy3/victor/Ba-Cs/charged,slurm-14870523.out,.out,2361,qe_output_unknown,,,,,,False,False,,,0,,False,,partial_or_unknown_qe_output,False,False
/scratch16/pclancy3/victor/Ba-Cs/charged/4.in,/scratch16/pclancy3/victor/Ba-Cs/charged,4.in,.in,5937,relax,relax,81,3,cs4-sb2te3,,False,False,,,0,,False,,qe_input_template_candidate,False,False
/scratch16/pclancy3/victor/Ba-Cs/charged/slurm-13449808.out,/scratch16/pclancy3/victor/Ba-Cs/charged,slurm-13449808.out,.out,2213,qe_output_unknown,,,,,,False,False,,,0,,False,,partial_or_unknown_qe_output,False,False
/scratch16/pclancy3/victor/Ba-Cs/charged/5.1.out,/scratch16/pclancy3/victor/Ba-Cs/charged,5.1.out,.out,3410376,qe_output_unknown,,,,,,False,False,,,0,,False,,partial_or_unknown_qe_output,True,False
/scratch16/pclancy3/victor/Ba-Cs/charged/5.1.in,/scratch16/pclancy3/victor/Ba-Cs/charged,5.1.in,.in,5939,relax,relax,81,3,cs5.1-sb2te3,,False,False,,,0,,False,,qe_input_template_candidate,False,False
/scratch16/pclancy3/victor/Ba-Cs/charged/slurm-13556827.out,/scratch16/pclancy3/victor/Ba-Cs/charged,slurm-13556827.out,.out,3302,qe_output_unknown,,,,,,False,False,,,0,,False,,partial_or_unknown_qe_output,False,False
/scratch16/pclancy3/victor/Ba-Cs/charged/3.in,/scratch16/pclancy3/victor/Ba-Cs/charged,3.in,.in,5938,relax,relax,81,3,cs3-sb2te3,,False,False,,,0,,False,,qe_input_template_candidate,False,False
/scratch16/pclancy3/victor/Ba-Cs/charged/slurm-13481021.out,/scratch16/pclancy3/victor/Ba-Cs/charged,slurm-13481021.out,.out,2004,qe_output_unknown,,,,,,False,False,,,0,,False,,partial_or_unknown_qe_output,False,False
/scratch16/pclancy3/victor/Ba-Cs/bands_+4_doped/scf.in,/scratch16/pclancy3/victor/Ba-Cs/bands_+4_doped,scf.in,.in,6398,scf,scf,81,3,cs1_mod+4-sb2te3,,False,False,,,0,,False,,qe_input_template_candidate,False,False
/scratch16/pclancy3/victor/Ba-Cs/bands_+4_doped/1_mod_vdwg+4.out,/scratch16/pclancy3/victor/Ba-Cs/bands_+4_doped,1_mod_vdwg+4.out,.out,3854455,qe_output_unknown,,,,,,False,False,,,0,,False,,partial_or_unknown_qe_output,True,False
/scratch16/pclancy3/victor/Ba-Cs/bands_+4_doped/scf_1cs_mod+4.out,/scratch16/pclancy3/victor/Ba-Cs/bands_+4_doped,scf_1cs_mod+4.out,.out,100419,qe_output_unknown,,,,,,False,False,,,0,,False,,partial_or_unknown_qe_output,True,False
/scratch16/pclancy3/victor/Ba-Cs/bands_+4_doped/slurm-20583974.out,/scratch16/pclancy3/victor/Ba-Cs/bands_+4_doped,slurm-20583974.out,.out,2169,qe_output_unknown,,,,,,False,False,,,0,,False,,partial_or_unknown_qe_output,False,False
/scratch16/pclancy3/victor/Ba-Cs/bulk_cs/Cs.out,/scratch16/pclancy3/victor/Ba-Cs/bulk_cs,Cs.out,.out,713959,qe_output_unknown,,,,,,False,False,,-1939.29518633,1,,False,,partial_or_unknown_qe_output,True,False
/scratch16/pclancy3/victor/Ba-Cs/bulk_cs/slurm-11947106.out,/scratch16/pclancy3/victor/Ba-Cs/bulk_cs,slurm-11947106.out,.out,2004,qe_output_unknown,,,,,,False,False,,,0,,False,,partial_or_unknown_qe_output,False,False
/scratch16/pclancy3/victor/Ba-Cs/bulk_cs/Cs.in,/scratch16/pclancy3/victor/Ba-Cs/bulk_cs,Cs.in,.in,3964,vc-relax,vc-relax,48,1,cs_bulk,,False,False,,,0,,False,,qe_input_template_candidate,False,False
/scratch16/pclancy3/victor/Ba-Cs/bulk_cs/Cs.cif,/scratch16/pclancy3/victor/Ba-Cs/bulk_cs,Cs.cif,.cif,925,structure_or_other,,,,,,False,False,,,0,,False,,structure_candidate,False,False
/scratch16/pclancy3/victor/Ba-Cs/bands_1pristine/1pris_scf.out,/scratch16/pclancy3/victor/Ba-Cs/bands_1pristine,1pris_scf.out,.out,98029,qe_output_unknown,,,,,,False,False,,,0,,False,,partial_or_unknown_qe_output,True,False
/scratch16/pclancy3/victor/Ba-Cs/bands_1pristine/1pris_scf.in,/scratch16/pclancy3/victor/Ba-Cs/bands_1pristine,1pris_scf.in,.in,3760,scf,scf,80,2,cs1pris-sb2te3,,False,False,,,0,,False,,qe_input_template_candidate,False,False
/scratch16/pclancy3/victor/Ba-Cs/bands_1pristine/1pris_scf_FIXED.out,/scratch16/pclancy3/victor/Ba-Cs/bands_1pristine,1pris_scf_FIXED.out,.out,97405,qe_output_unknown,,,,,,False,False,,,0,,False,,partial_or_unknown_qe_output,True,False
/scratch16/pclancy3/victor/Ba-Cs/bands_1pristine/slurm-16493964.out,/scratch16/pclancy3/victor/Ba-Cs/bands_1pristine,slurm-16493964.out,.out,2169,qe_output_unknown,,,,,,False,False,,,0,,False,,partial_or_unknown_qe_output,False,False
/scratch16/pclancy3/victor/Ba-Cs/bands_1pristine/1pris_scf_FIXED.in,/scratch16/pclancy3/victor/Ba-Cs/bands_1pristine,1pris_scf_FIXED.in,.in,3761,scf,scf,80,2,cs1pris-sb2te3,,False,False,,,0,,False,,qe_input_template_candidate,False,False
/scratch16/pclancy3/victor/Ba-Cs/bands_1pristine/slurm-16308311.out,/scratch16/pclancy3/victor/Ba-Cs/bands_1pristine,slurm-16308311.out,.out,2169,qe_output_unknown,,,,,,False,False,,,0,,False,,partial_or_unknown_qe_output,False,False
/scratch16/pclancy3/victor/Ba-Cs/bands_0pristine/0pris_scf.in,/scratch16/pclancy3/victor/Ba-Cs/bands_0pristine,0pris_scf.in,.in,3762,scf,scf,80,2,cs0pris-sb2te3,,False,False,,,0,,False,,qe_input_template_candidate,False,False
/scratch16/pclancy3/victor/Ba-Cs/bands_0pristine/0pris_scf_FIXED.out,/scratch16/pclancy3/victor/Ba-Cs/bands_0pristine,0pris_scf_FIXED.out,.out,98094,qe_output_unknown,,,,,,False,False,,,0,,False,,partial_or_unknown_qe_output,True,False
/scratch16/pclancy3/victor/Ba-Cs/bands_0pristine/0pris_nscf.in,/scratch16/pclancy3/victor/Ba-Cs/bands_0pristine,0pris_nscf.in,.in,11810,bands,bands,80,2,cs0pris-sb2te3,,False,False,,,0,,False,,qe_input_template_candidate,False,False
/scratch16/pclancy3/victor/Ba-Cs/bands_0pristine/0pris_scf.out,/scratch16/pclancy3/victor/Ba-Cs/bands_0pristine,0pris_scf.out,.out,98030,qe_output_unknown,,,,,,False,False,,,0,,False,,partial_or_unknown_qe_output,True,False
/scratch16/pclancy3/victor/Ba-Cs/bands_0pristine/0pris_scf_FIXED.in,/scratch16/pclancy3/victor/Ba-Cs/bands_0pristine,0pris_scf_FIXED.in,.in,3760,scf,scf,80,2,cs0pris-sb2te3,,False,False,,,0,,False,,qe_input_template_candidate,False,False
/scratch16/pclancy3/victor/Ba-Cs/bands_0pristine/slurm-16493963.out,/scratch16/pclancy3/victor/Ba-Cs/bands_0pristine,slurm-16493963.out,.out,2169,qe_output_unknown,,,,,,False,False,,,0,,False,,partial_or_unknown_qe_output,False,False
/scratch16/pclancy3/victor/Ba-Cs/bands_0pristine/slurm-16308310.out,/scratch16/pclancy3/victor/Ba-Cs/bands_0pristine,slurm-16308310.out,.out,2169,qe_output_unknown,,,,,,False,False,,,0,,False,,partial_or_unknown_qe_output,False,False
/scratch16/pclancy3/victor/Ba-Cs/bands_1Apristine/1Apris_scf.in,/scratch16/pclancy3/victor/Ba-Cs/bands_1Apristine,1Apris_scf.in,.in,3761,scf,scf,80,2,cs1Apris-sb2te3,,False,False,,,0,,False,,qe_input_template_candidate,False,False
/scratch16/pclancy3/victor/Ba-Cs/bands_1Apristine/slurm-16493958.out,/scratch16/pclancy3/victor/Ba-Cs/bands_1Apristine,slurm-16493958.out,.out,2169,qe_output_unknown,,,,,,False,False,,,0,,False,,partial_or_unknown_qe_output,False,False
/scratch16/pclancy3/victor/Ba-Cs/bands_1Apristine/1Apris_scf.out,/scratch16/pclancy3/victor/Ba-Cs/bands_1Apristine,1Apris_scf.out,.out,98179,qe_output_unknown,,,,,,False,False,,,0,,False,,partial_or_unknown_qe_output,True,False
/scratch16/pclancy3/victor/Ba-Cs/bands_plotting/scf.out,/scratch16/pclancy3/victor/Ba-Cs/bands_plotting,scf.out,.out,81424,qe_output_unknown,,,,,,False,False,,,0,,False,,partial_or_unknown_qe_output,True,False
/scratch16/pclancy3/victor/Ba-Cs/bands_plotting/0.75/scf.in,/scratch16/pclancy3/victor/Ba-Cs/bands_plotting/0.75,scf.in,.in,3650,scf,scf,60,2,sb2te3,,False,False,,,0,,False,,qe_input_template_candidate,False,False
/scratch16/pclancy3/victor/Ba-Cs/bands_plotting/0.75/scf.out,/scratch16/pclancy3/victor/Ba-Cs/bands_plotting/0.75,scf.out,.out,81057,qe_output_unknown,,,,,,False,False,,,0,,False,,partial_or_unknown_qe_output,True,False
/scratch16/pclancy3/victor/Ba-Cs/bands_plotting/0.75/kpdos.in,/scratch16/pclancy3/victor/Ba-Cs/bands_plotting/0.75,kpdos.in,.in,154,qe_input_unknown,,,,sb2te3,,False,False,,,0,,False,,qe_input_template_candidate,False,False
/scratch16/pclancy3/victor/Ba-Cs/bands_plotting/0.75/bands.out,/scratch16/pclancy3/victor/Ba-Cs/bands_plotting/0.75,bands.out,.out,1056644,qe_output_unknown,,,,,,False,False,,,0,,False,,partial_or_unknown_qe_output,True,False
/scratch16/pclancy3/victor/Ba-Cs/bands_plotting/0.75/bands.in,/scratch16/pclancy3/victor/Ba-Cs/bands_plotting/0.75,bands.in,.in,4449,bands,bands,60,2,sb2te3,,False,False,,,0,,False,,qe_input_template_candidate,False,False
/scratch16/pclancy3/victor/Ba-Cs/bands_plotting/0.75/relax_shifted_0.75.in,/scratch16/pclancy3/victor/Ba-Cs/bands_plotting/0.75,relax_shifted_0.75.in,.in,3101,qe_input_unknown,,61,3,,,False,False,,,0,,False,,qe_input_template_candidate,False,False
/scratch16/pclancy3/victor/Ba-Cs/bands_plotting/0.75/nscf.in,/scratch16/pclancy3/victor/Ba-Cs/bands_plotting/0.75,nscf.in,.in,3651,nscf,nscf,60,2,sb2te3,,False,False,,,0,,False,,qe_input_template_candidate,False,False
/scratch16/pclancy3/victor/Ba-Cs/bands_plotting/0.75/kpdos.out,/scratch16/pclancy3/victor/Ba-Cs/bands_plotting/0.75,kpdos.out,.out,109886768,qe_output_unknown,,,,,,False,False,,,0,,False,,partial_or_unknown_qe_output,False,True
/scratch16/pclancy3/victor/Ba-Cs/bands_plotting/0.75/nscf.out,/scratch16/pclancy3/victor/Ba-Cs/bands_plotting/0.75,nscf.out,.out,1201903,qe_output_unknown,,,,,,False,False,,,0,,False,,partial_or_unknown_qe_output,True,False
/scratch16/pclancy3/victor/Ba-Cs/bands_plotting/0.75/bandx.in,/scratch16/pclancy3/victor/Ba-Cs/bands_plotting/0.75,bandx.in,.in,70,qe_input_unknown,,,,sb2te3,,False,False,,,0,,False,,qe_input_template_candidate,False,False
/scratch16/pclancy3/victor/Ba-Cs/bands_plotting/0.75/bandx.out,/scratch16/pclancy3/victor/Ba-Cs/bands_plotting/0.75,bandx.out,.out,6031847,qe_output_unknown,,,,,,False,False,,,0,,False,,partial_or_unknown_qe_output,True,False
/scratch16/pclancy3/victor/Ba-Cs/bands_plotting/0.75/old_scf/scf.in,/scratch16/pclancy3/victor/Ba-Cs/bands_plotting/0.75/old_scf,scf.in,.in,3649,scf,scf,60,2,sb2te3,,False,False,,,0,,False,,qe_input_template_candidate,False,False
/scratch16/pclancy3/victor/Ba-Cs/bands_plotting/0.75/old_scf/scf.out,/scratch16/pclancy3/victor/Ba-Cs/bands_plotting/0.75/old_scf,scf.out,.out,80661,qe_output_unknown,,,,,,False,False,,,0,,False,,partial_or_unknown_qe_output,True,False
/scratch16/pclancy3/victor/Ba-Cs/bands_0/0_nscf.out,/scratch16/pclancy3/victor/Ba-Cs/bands_0,0_nscf.out,.out,1155614,qe_output_unknown,,,,,,False,False,,,0,,False,,partial_or_unknown_qe_output,True,False
/scratch16/pclancy3/victor/Ba-Cs/bands_0/slurm-16308248.out,/scratch16/pclancy3/victor/Ba-Cs/bands_0,slurm-16308248.out,.out,2169,qe_output_unknown,,,,,,False,False,,,0,,False,,partial_or_unknown_qe_output,False,False
/scratch16/pclancy3/victor/Ba-Cs/bands_0/0_nscf.in,/scratch16/pclancy3/victor/Ba-Cs/bands_0,0_nscf.in,.in,13747,bands,bands,81,3,cs0-sb2te3,,False,False,,,0,,False,,qe_input_template_candidate,False,False
/scratch16/pclancy3/victor/Ba-Cs/bands_0/slurm-16346173.out,/scratch16/pclancy3/victor/Ba-Cs/bands_0,slurm-16346173.out,.out,2169,qe_output_unknown,,,,,,False,False,,,0,,False,,partial_or_unknown_qe_output,False,False
/scratch16/pclancy3/victor/Ba-Cs/bands_0/slurm-16318736.out,/scratch16/pclancy3/victor/Ba-Cs/bands_0,slurm-16318736.out,.out,2169,qe_output_unknown,,,,,,False,False,,,0,,False,,partial_or_unknown_qe_output,False,False
/scratch16/pclancy3/victor/Ba-Cs/bands_0/0_scf.out,/scratch16/pclancy3/victor/Ba-Cs/bands_0,0_scf.out,.out,100198,qe_output_unknown,,,,,,False,False,,,0,,False,,partial_or_unknown_qe_output,True,False
/scratch16/pclancy3/victor/Ba-Cs/bands_0/0_bands.in,/scratch16/pclancy3/victor/Ba-Cs/bands_0,0_bands.in,.in,80,qe_input_unknown,,,,cs0-sb2te3,,False,False,,,0,,False,,qe_input_template_candidate,False,False
/scratch16/pclancy3/victor/Ba-Cs/bands_0/0_scf.in,/scratch16/pclancy3/victor/Ba-Cs/bands_0,0_scf.in,.in,5699,scf,scf,81,3,cs0-sb2te3,,False,False,,,0,,False,,qe_input_template_candidate,False,False
/scratch16/pclancy3/victor/Ba-Cs/bands_0/0_bands.out,/scratch16/pclancy3/victor/Ba-Cs/bands_0,0_bands.out,.out,6809543,qe_output_unknown,,,,,,False,False,,,0,,False,,partial_or_unknown_qe_output,True,False
/scratch16/pclancy3/victor/Ba-Cs/bands_0/pyprocar/MANIFEST.in,/scratch16/pclancy3/victor/Ba-Cs/bands_0/pyprocar,MANIFEST.in,.in,60,qe_input_unknown,,,,,,False,False,,,0,,False,,qe_input_template_candidate,False,False
