path_id,start_site_id,end_site_id,start_geometry,end_geometry,delta_z_A,abs_delta_z_A,screening_energy_delta_eV,geometry_complexity_delta,transition_class,penetration_index,gap_index,priority_score
site_a__to__site_b,site_a,site_b,octahedral,cn8_te4,1.4,1.4,-0.2,0.47,mixed_transition_candidate,0.299582,0.47513,0.48926
site_a__to__site_c,site_a,site_c,octahedral,cn7_te4,4.2,4.2,0.7,0.35,mixed_transition_candidate,0.377443,0.610043,0.590005
site_a__to__site_d,site_a,site_d,octahedral,cn10_te4,7.8,7.8,2.1,0.65,deep_penetration_candidate,0.77053,0.455297,0.631399
site_b__to__site_c,site_b,site_c,cn8_te4,cn7_te4,2.8,2.8,0.9,-0.12,in_gap_or_open_channel_candidate,0.232643,0.711521,0.56674
site_b__to__site_d,site_b,site_d,cn8_te4,cn10_te4,6.4,6.4,2.3,0.18,in_gap_or_open_channel_candidate,0.50573,0.712775,0.536479
site_b__to__site_e,site_b,site_e,cn8_te4,cn6_te3,7.5,7.5,0.3,-0.27,in_gap_or_open_channel_candidate,0.413896,0.772131,0.817659
site_c__to__site_d,site_c,site_d,cn7_te4,cn10_te4,3.6,3.6,1.4,0.3,mixed_transition_candidate,0.393087,0.595254,0.487039
site_c__to__site_e,site_c,site_e,cn7_te4,cn6_te3,4.7,4.7,-0.6,-0.15,in_gap_or_open_channel_candidate,0.285601,0.758436,0.684506
site_d__to__site_e,site_d,site_e,cn10_te4,cn6_te3,1.1,1.1,-2.0,-0.45,mixed_transition_candidate,0.435992,0.401442,0.265884
