time_ps,hfacf_FT - 600K,hfacf_FT - Multi-T,hfacf_Foundation,hfacf_Scratch
0.0,1.0,1.0,1.0,1.0
0.2,-0.010755259021053365,-0.026390217326657986,0.021887952498676175,-0.05350867482587065
0.4,-0.02478263080639491,-0.026964211830365587,-0.03372508172749808,-0.0059655111051390266
0.6,0.01971649513854172,-0.032515238906185163,-0.0235186484104673,-0.013548403995072943
0.8,-0.011429403774189025,-0.02014490423431401,-0.02509905551135308,0.014906320138286619
1.0,0.001785263724034936,0.0301434190294259,0.0018124636848990232,-0.01849438247308637
1.2,-0.002218685352790539,-0.029526619989260414,-0.03525151751785946,0.014197002006402892
1.4,-0.0004244153467511842,-0.002629479421188062,-0.011678725832472037,-0.004002019798315472
1.6,0.010248473173676447,-0.011184486210283602,-0.004972149018998704,0.028071555457368322
1.8,0.025794120941947257,-0.024603680362285055,-0.010403477732670002,-0.007603967737880257
2.0,-0.0370521171579682,0.034070318001275475,-0.005864281208074153,-0.025332559296092363
2.2,0.006531271921368649,0.006260403769481268,-0.02272334589328638,-0.03206986163608084
2.4,-0.008703645060363516,-0.004479695388647467,0.004401497655965895,-0.03098223218713161
2.6,-0.01751890447603305,0.0013982152492205812,0.016580183302575265,-0.0007478339866203142
2.8,0.02162984075465406,-0.0042558756998307724,0.024398726416613243,-0.03055788488793604
3.0,-0.00019211165738991046,0.0016175632225268234,-0.01771077297786847,0.004735632866299611
3.2,0.038678086733478355,0.003642455999766371,-0.03355354092523246,-0.027126695549476276
3.4,0.018594831661913162,0.011202253791700742,-0.026465185066488938,0.05109727487240862
3.6,0.015865587153846315,0.005891266702902353,0.02535667124331209,-0.04935716306185625
3.8,0.0009933072673927246,-0.003977858438485617,0.02748380653188055,0.008570834222223824
4.0,-0.008551584358253305,0.039236853644392056,-0.006681357458455349,0.02359354557514504
4.2,0.0037901823272407198,0.01236840286239655,0.002459772030865899,-0.015554779100649415
4.4,-0.03375953099947582,0.007091479938604886,0.00020353192652521087,0.012060437023039945
4.6,0.010144729726479864,-0.010006648690801201,-0.03373469358922599,0.00855492306091845
4.8,0.012388005568296645,-0.012914146025947504,-0.023632945751314072,0.0159587595776652
5.0,0.020621126348118277,0.0130439656537034,0.004755899110407542,0.020876547633278755
5.2,-0.04169259728579915,-0.0032193588574761654,-0.010139734853923573,0.013020494283460408
5.4,-0.013052468760926179,-0.02412747971699967,-0.01116832250066116,0.020825142918191306
5.6,-0.016892006098824075,0.0011003275617787577,-0.012913685798508249,-0.011427131607483118
5.8,-0.014947837235008768,-0.020567188257237894,0.018440318308805465,-0.009695726794942815
6.0,-0.017866895121579338,-0.021954695434423185,0.012614862598908282,0.029507942839734777
6.2,-0.02912299572406478,0.014711308721665517,-0.022192909439097363,0.02073927246095093
6.4,0.025456979771275163,-0.007557585652434417,-0.020414398658636104,0.011136477686414079
6.6,0.005147831408009434,0.002916783001699404,0.003603802245090333,0.010736945884893762
6.8,0.028666295390066224,0.005308784621377371,-0.005369960939501068,0.01249295302080413
7.0,0.009750509966377824,0.0041120389167957115,0.0010420716707168706,-0.008864673968002626
7.2,0.008465064664620697,0.02758574228590133,0.004027270792276515,-0.0032876625764959554
7.4,0.04213859749986395,0.020942592108664365,-0.002621052886316732,-0.018418200932233057
7.6,-0.005288669444778818,0.009558222947984788,-0.011308146417392058,-0.000629323433130859
7.8,-0.028501993946277334,-0.003023165684646374,0.026297993531390798,0.019900328946631855
8.0,0.009525397253868854,0.0012941922398838832,0.022534096969782386,0.005002805477780178
8.2,-0.016043548318040952,0.009144296043609374,-0.022620856171452985,0.012835515929823479
8.4,0.01745625754043174,-0.004351226881679374,-0.01350001142560999,0.011575068204585974
8.6,0.023544095518242728,-0.007971479772156518,-0.02143312238489155,-0.028699862600448017
8.8,0.020960758501558253,0.012406803115395257,-0.02067491925581878,-0.026660894082372637
9.0,0.01382407202480865,-0.02152686914605916,-0.018378906830213284,-0.0029756446258564218
9.2,-0.0026140914399025383,0.011307527272053133,-0.028933071067255307,-0.032958745061951206
9.4,-0.004368580133746503,0.023494100339473554,-0.009116921918618162,0.016738024408651787
9.6,-0.004285669812045718,-0.004098967647743708,0.016759666883288067,-0.021012497851386508
9.8,-0.020578350462753282,-0.013980730388145837,0.006379054373425306,-0.016043582552303395
10.0,-0.017273504403840546,-0.052791906956402436,-0.010682480030868302,0.016749993969937996
10.2,-0.001078543333648001,0.023941873396180938,0.04840340319887106,0.021452209369231794
10.4,-0.013369003736118388,0.018805384907437103,-0.01656046318175806,-0.0022175968043484707
10.6,-0.019911722048793726,-0.006039283070461682,-0.017352401684367243,-0.00960081005756038
10.8,-0.023786148078793576,-0.003988731550177542,-0.01692764379379388,-0.006052060966443327
11.0,0.0029294613763971894,-0.010343877772891795,0.0333364298827803,0.014987127862172121
11.2,-0.018021527820017293,0.015483440859911846,0.0008812988794134358,0.009977075515921089
11.4,0.03697146972137205,0.030819295601002505,-0.002121719254141105,0.004624579542848994
11.6,0.0023555164299692843,0.0027014807068881535,-0.008648913641034048,0.029722783049748156
11.8,0.031516620105634795,-0.01130762695972371,0.010259568363527791,-0.008025375649993545
12.0,0.023576740294274423,0.011451544884135965,0.016625342137201092,0.013577411638688369
12.2,-0.01392718499970455,-0.001606031592727442,0.006006394449286168,0.025659550598100114
12.4,-0.017550773487757368,0.003729828247231765,-0.027929076330571432,0.019901451571454294
12.6,-0.008487252089704415,-0.005101950351773579,-0.005601603710009439,-0.011970898308313856
12.8,-0.019456355890109606,-0.0035515486691581077,0.015509529872218134,-0.009579822720776674
13.0,0.01305575720340632,-0.0013019474396586937,-0.0048899880200627376,-0.010165919288824387
13.2,-0.025618301579003095,0.0009340820039804466,-0.009245308060215946,0.010229879766503214
13.4,-0.01319786177478968,-0.0036631908408343767,-0.007780121260481661,0.010870420216906743
13.6,-0.00839563400295648,-0.0016976697552817579,-0.019156941553983352,-0.010410742789668609
13.8,0.019254368052397424,0.0053083107626070635,-0.01468432568671021,0.0024640307427969597
14.0,0.003441073221939022,0.018335567005040816,0.01681064201580472,0.009112117322961312
14.2,-0.023480972466540906,-0.021360461953621134,0.006787045396686679,-0.01789559782412627
14.4,-0.00895122162700458,0.019762718975560287,0.004064519169555068,-0.026979987933643496
14.6,0.019202339554128724,0.0204585277203942,-0.00025790945695020745,-0.012731262834003693
14.8,-0.007388563630208599,-0.016246512873092197,0.00694677890432871,-0.006386795187424066
15.0,0.006008483649368683,0.02793077061827945,0.030603773277523175,-0.032616865868024675
15.2,0.0039854224231431505,-0.034954212124810737,0.0033468167885638417,-0.020095694830273902
15.4,-0.0009894213571056453,0.051756742091727814,0.012200901715097282,0.040188536660109936
15.6,0.045635161176779425,-0.01008491668677777,-0.009398119861059822,0.007667270352414231
15.8,-0.007470394910741233,-0.007076315861196453,-0.02844489479061561,0.0008388305424302892
16.0,0.0037410359764937333,0.011406176848543524,0.013215552776988423,-0.016919363476615393
16.2,-0.026947697401257447,-0.0004998730762805272,0.01329750828074848,-0.0025117938609450635
16.4,-0.02875619218065879,-0.019137000543868615,0.014605669268407007,-0.0063954529050516615
16.6,-0.007913921550164566,0.009361159482548788,0.006941480922131118,0.00028453352496917925
16.8,-0.0196165815216779,-0.05028898577568534,-0.013936558762912998,-0.011492787286162633
17.0,-0.002416492502094587,-0.02659415035034911,-0.011787407925841204,0.01089489318300337
17.2,-0.005397684698511924,0.00384836953263445,-0.0003376167260573931,-0.00445715703248697
17.4,0.0059587966607390205,-0.013011920189373305,-0.025709178065205517,0.03906651535967895
17.6,0.027197742610758895,0.051710272522596835,-0.0006018641089384283,-0.012372946517452023
17.8,0.01625424240538778,0.021052333819124844,0.013635019266968066,-0.005151012255790135
18.0,-0.013096755078454647,0.007768370963521588,0.0005972388964225703,-0.007552834337753198
18.2,0.0024894653776783454,0.016040729543938027,0.005752634234971322,0.00864096276264367
18.4,0.022699865754605558,0.008505818991938167,-0.0025612913971811715,0.015974516911210854
18.6,0.04027405537543002,-0.010088827502468976,-0.014001709509187929,0.024275062169412137
18.8,0.02669385687964171,-0.03456304726203163,0.01317395569837027,-0.009671220492894697
19.0,0.0070714596455131945,0.010815310266101427,0.051765297142904454,-0.016867306974206554
19.2,-0.01866556292044469,-0.009854142961896413,0.010834158152470477,0.026198080362792045
19.4,-0.030451150684880773,0.007732974801140405,-0.01995744755152125,-0.00957728984167735
19.6,-0.02675662031233922,0.0027369050458592122,0.006854641470258538,0.027691664456159597
19.8,0.003678302796988711,-0.022037671843963217,-0.04428274091783893,-0.010601024418066795
20.0,0.007993138789250238,0.019055394214791653,0.0018531172996665418,-0.011096032994076951
20.2,0.028436479392913844,0.006918249256586705,-0.029647420482476847,-0.027351052441594133
20.4,-0.010447081265856405,-0.008808337171379384,0.0009446502016535119,-0.002644663493057489
20.6,0.003685043068096591,-0.012802570050273597,0.00684895350295778,0.007156829155009874
20.8,-0.014563121610786885,-0.0190823366691496,0.021175924450826403,0.01416660018831891
21.0,0.028313584977103356,0.021250309935444734,-0.004756017583582565,0.011873658851913702
21.2,0.0016353720936851286,-0.009622958323158107,-0.006046983488270055,-0.008332331856634014
21.4,0.010375425051324378,-0.012192123153715912,0.01565522679311524,0.00728016061021998
21.6,0.016211363884855907,0.029639134547802443,0.01174822957214556,0.020795383525554153
21.8,-0.00873621468037198,-0.008541955372694338,0.025554049979730206,0.017607153557138783
22.0,-0.00787405314596974,0.011249598387618564,0.005101916185837059,-0.017801627468382746
22.2,-0.005466741733948601,0.029755408206741652,0.011836972984638643,0.013526013621463162
22.4,0.02476232732554487,0.002187471101026788,0.03414070780405843,-0.03196166283559588
22.6,0.004799814624308855,0.00879207431829708,0.004663095504437366,0.021493559769185776
22.8,0.016999153965886134,0.02842519073312581,0.002039949702951384,-0.025536880686067836
23.0,0.007879673860090001,-0.0016400151259877618,-0.005390182693285718,0.0016043437846681213
23.2,-0.024076609602093447,-0.01974708139657148,-0.01815211082487059,-0.0029176219607341286
23.4,0.018201009019695708,-0.019786028211893403,0.031035107411487992,0.014751635604826244
23.6,-0.003958248234283339,0.01653288483330578,-0.0063387681085507,-0.007277092760294681
23.8,-0.0208391124742062,-0.013966202468551047,0.010604637249000778,-0.024613013861068206
24.0,-0.021006775246672233,0.018284857073252003,-0.03395230570633812,0.009632119869531932
24.2,0.004391073961309574,0.030139438977139294,-0.02362820383027391,-0.021274823259106457
24.4,-0.036546393185269095,0.011780558857557383,0.022774391414353914,-0.0016166231702655076
24.6,-0.01502873055196863,-0.008864851585616597,-0.0029479901939595122,0.00933193887053422
24.8,-0.008512512386593682,-0.007876245222351771,0.012069895272950716,-0.00852257271101794
25.0,0.020697615412261883,0.006780784026558612,0.024575604738201567,0.004337936579476821
25.2,-0.004062199750078984,-0.00014930111632280307,-0.007357834700055039,-0.005653239012555152
25.4,-0.006299708906892398,-0.012768893804496306,0.0008411297790885328,-0.024856981219205387
25.6,-0.007024055879543946,-0.010492351770018617,0.021871906868209695,0.010914037294167766
25.8,0.013033839167310227,-0.016190725752444134,-0.013873622229291963,0.012943411741142543
26.0,0.031772533740507335,0.018449443349925793,-0.014710120485013599,0.01017707383571327
26.2,-0.004797865169461961,-0.013025107971765421,0.03260059106306335,-0.0311843102745341
26.4,-0.03283920392602984,0.01655373068090356,0.008718491435679368,-0.03661240359807475
26.6,0.0054835592676120435,-0.006983877809312134,0.0020850313970911666,0.021218211578710344
26.8,-0.017377092041366244,-0.009039185505511242,0.00289399889760957,-0.023209762588578545
27.0,0.013747391525599154,0.009075088456687532,-0.00941607724887425,0.015273516976826365
27.2,0.0013978786768285522,-0.014135233095851242,-0.010333944412068146,0.003469499641418442
27.4,0.0037592307796191922,0.0197357104501641,0.0113054656961435,0.0008670648323453986
27.6,0.01328384019105075,-0.009229256220756243,0.011587536815228873,-0.001994643480386604
27.8,-0.03446060462755735,-0.003847611569064066,-0.022148048794451133,0.01119498317120042
28.0,-0.0031877271778003955,-0.02011303746755686,-0.02031279304667123,-0.011363054301406932
28.2,-0.001978843612589534,-0.006716629896445466,0.03134293434839228,0.0016274987956103606
28.4,-0.03556650279213138,-0.004357999830336583,0.025700034891777884,-0.0017095949497407577
28.6,-0.0024156329326590308,-0.019274765643473635,-0.01264416569049953,0.0021723081772302213
28.8,-0.005251838492502099,-0.01640484278758692,0.027696648922948697,-0.011219287897954297
29.0,-0.008405340263914382,0.004003595735462959,-0.0022485227357749047,-0.012240545240481978
29.2,0.0012752588585400644,0.0036955205761472405,-0.01638466921280698,-0.0026785269567494063
29.4,0.0095340404794201,0.0025527001637064106,0.012000177444744806,0.005570403372453626
29.6,0.044290325512530336,-0.0022921203342533484,-0.05120606440516685,0.03195306343496265
29.8,0.010939571025755379,-0.02335805356252099,0.001517583620965066,-0.03351966224987083
30.0,0.004593895337764556,-0.005674256995433626,-0.008868664151329381,-0.003571232654086015
30.2,0.038136589720684434,-0.021678842238163076,-0.017386891346704042,-0.009251014674282812
30.4,-0.0024939881551603823,-0.005745941443172871,0.014975814869318227,0.010206589082876439
30.6,0.01994594906579973,-0.010198799091973182,-0.006917095579293891,-0.01467692170550347
30.8,0.020956823664789393,0.005311465758998628,0.008618942611415789,0.0014690788632564442
31.0,-0.026500803415274,-0.02272261194352332,-0.02584735684470441,0.021229756415914198
31.2,-0.015385257015844533,-0.01979029022151171,-0.00825050764039245,0.015412591087693979
31.4,0.007849195743959588,-0.014198288798602172,0.005368895697602553,-0.037551780584993595
31.6,-0.00838177926630212,0.020202340834179145,0.029305475794128132,0.021381644919453564
31.8,-0.005576358651057929,-0.035768107417280696,-0.020085983853577346,-0.015263807517089134
32.0,0.036281928680421294,0.01089668729636916,-0.03537671165699177,0.004929638620556201
32.2,-0.00683543107754062,0.016506566342557833,0.009147929158968811,-0.01845320316398962
32.4,0.017772746957638436,-0.006367417921352168,0.015092146179445216,-0.0031484357679261426
32.6,-0.013943404824928908,-0.005553341581545995,0.01056230351557006,-0.02320437571114226
32.8,0.005329120755214258,-0.01173351637084611,-0.006650091496874916,0.011452929559156994
33.0,0.028448707773541245,0.013217515738706413,-0.002242971917748957,0.0018375924358158364
33.2,-0.01949552176555996,0.005264707729199479,0.006490110650288293,0.026529970807638668
33.4,0.026662173398604067,-0.0053957790681138824,-0.01142442764272752,-0.011503900530184297
33.6,-0.0030106254992316775,0.03290493997437318,-0.02093529264858031,0.003709097317871054
33.8,0.0031162022764902844,-0.009877860741321763,-0.01149058960313244,-0.009731517902791385
34.0,0.0036947981643587723,-0.00922293508028574,0.0046992489938375666,0.0026703111934243116
34.2,0.017935542491983685,0.016157547519010496,0.011785857645746167,0.005501323085708429
34.4,0.010042360081411425,-0.03636578209411368,0.008712542772303648,-0.012284210491254888
34.6,0.01892237904685403,0.02857755271383354,-0.0040548662705016175,-0.017133578486025435
34.8,0.013675909652786094,0.008042462076030508,0.006426276417905556,-0.005474601756657251
35.0,-0.0034006876038463704,-0.0030268951172308495,-0.000604494809194558,0.037524185741374956
35.2,-0.020712454282593256,0.008540488449198998,-0.0031666701674434583,-0.00010062558753083997
35.4,0.02350751816988995,0.0053101531616884965,0.002467663445733822,0.004961645494299539
35.6,0.02636030561701307,0.01276381467891037,-0.01206155984677404,-0.010827336982708387
35.8,-0.016946777665601924,-0.0031766451261755076,0.00437466623820736,-0.002520334736248016
36.0,0.0016249368333068823,-0.0031958202470051284,-0.030291049856887253,-0.01064875557779548
36.2,0.007827333193600792,0.01372905815793328,-0.025292234121804605,0.03352881837105041
36.4,-0.017737279086390684,0.011648136267145599,0.007870651445536699,0.004886618878270244
36.6,-0.005100892877498469,-0.016000191530063778,-0.02419911339413268,-0.01576365422007806
36.8,0.005172441719653885,0.015248880661515357,0.015517935163522192,0.01398942255635742
37.0,0.04074773937400194,0.022758410481983876,0.0038385183153542,0.05363635693480168
37.2,0.007220291217827135,-0.010966413221195098,0.0229786725048778,0.005292503413873041
37.4,0.03072943939799157,-0.042933585892916466,-0.02004089893941053,-0.007624511939241879
37.6,0.024055383190449805,0.02399383756683088,-0.011832081479059139,-0.025369924471568325
37.8,0.027571502006696794,0.006384229094091296,0.0038615894437685305,-0.03323470665348747
38.0,0.024197834985369805,-0.008964608852150717,-0.006852056776232434,0.009343495984782313
38.2,-0.008304560919454097,0.005761669493548006,0.01134806115184671,-0.004814930943252203
38.4,0.013279134508855773,-0.008161028377693587,-0.006147043730597535,-0.013539877978775821
38.6,0.0034105519124144786,-0.0024581355365182102,-0.009492970082051888,0.00024566874757277185
38.8,-0.0021751836830273,0.0018265759965956283,-0.04354172653926743,0.008626319394383462
39.0,0.016177365173609574,0.007636200289519664,0.0033238686818150356,-0.00932701813513699
39.2,-0.004100979631316789,-0.020535928530282334,-0.0029182785031276917,-0.007982280456628793
39.4,-0.002317724820471071,-0.01961815258461657,-0.023421715670680566,0.0049846740892009744
39.6,-0.005826064384388804,-0.004940613917154553,0.011658948397830687,0.022801509077166857
39.8,0.011838869914042982,0.022985130323770402,-0.0038709179805292934,-0.004665186937683078
40.0,0.0031568446445996365,0.028467687423004432,0.008368769287436682,-0.005883769702044554
40.2,-0.01224050429694537,-0.017287781969620903,-0.019364069907183666,-0.004927349092008169
40.4,-0.03151347681229497,0.004196920577083933,0.026373906668162642,0.010607627522219915
40.6,0.024607015655428003,-0.03566747254456281,0.023301749290651718,-0.01767384080159263
40.8,-0.019235360546416582,-0.0012085448470569502,0.022580709905790267,0.019359473398648904
41.0,0.03376372638974517,0.018754165541818687,-0.027455100818812517,-0.004590038382799117
41.2,0.00940196290539707,-0.014299214767718097,0.01303884988594002,0.011689901511652638
41.4,-0.008953575226909078,-0.0034622693688468437,-0.005839801837332205,-0.012578794861328228
41.6,-0.001567632866679067,0.004324381809632036,0.014204286785866873,-0.02127533329901343
41.8,0.006012023749816881,-0.015729212027803967,0.001199369257956014,0.008576514489969834
42.0,-0.01014592312786111,-0.014389896271713264,-0.047585745778351035,-0.0365862486167698
42.2,-0.0007287870815343873,0.011296472068290294,-0.011334688706446097,0.02119630319092974
42.4,0.02106649513533622,-0.008370724807805591,0.009084326714964078,-0.019098359703597138
42.6,-0.02713106892435978,-0.0013367986202110378,0.01780919078195353,0.0014610325756140106
42.8,-0.015221791003350806,0.0008689839853125099,0.03956955937072256,-0.03110625379582467
43.0,-0.03681045882245387,-0.011473403591744416,0.000507689831637563,0.01983778863142636
43.2,0.0024609780667964737,-0.016217764423682664,-0.0028606100194476076,-0.01049968296986941
43.4,0.014820350562232555,-0.007325160600878822,0.015370709584878595,0.02631484510512355
43.6,0.00395328129935869,0.029577736964721425,-0.012197119046683927,0.000572543175292819
43.8,0.02586456139280439,-0.02011990405535945,-0.019598385891676298,-0.019843331991835755
44.0,0.00954340162386899,-0.02111098260272343,0.01040551612286929,-0.014558956286822975
44.2,-0.0191331131086717,-0.047236611121587814,0.027321918205975692,0.0338633002266051
44.4,-0.0063974452443900055,0.019743188072762444,0.005367215069483355,-0.027632271486533144
44.6,0.006971695957677919,0.02209866682363992,-0.012124081625477595,-0.01067611698511464
44.8,-0.008071825846820193,0.0001441596744523622,0.026181012369857717,0.018550005933816296
45.0,-0.0178544551815799,-0.006374998965976777,-0.021056443993935244,-0.022337231640655115
45.2,-0.01961023114028587,0.006814868749762335,-0.013970769583663853,0.027468503438765172
45.4,-0.017669573507115788,0.034700610489604926,0.0058541636853146365,-0.018493741292029773
45.6,0.005591272170224662,0.011129479213886679,-0.007394671791046773,-0.0029053290874456058
45.8,-0.017505030485302133,0.0038015972649271305,-0.002919493575000201,-0.01466914696937272
46.0,-0.02429146726153067,-0.015654667888983027,-0.009682596280207527,-0.007306224018021175
46.2,-0.008705044547238597,0.023011136056747993,-0.01904074966074632,-0.009628681148897643
46.4,-0.027367266125360463,-0.02369446983197915,-0.0008123333335100005,-0.007462164608484287
46.6,0.013391045468001163,-0.012160236390001794,0.034671006502039074,-0.015918983624180188
46.8,-0.005137393348282622,-0.006431562384675332,-0.029792346026770264,0.02959979090189972
47.0,0.005278131520686291,0.02470897193211177,0.009926085262011672,0.04124992006720999
47.2,0.01374963103436166,0.01924420269970472,-0.0041035332650768115,-0.020872205985232647
47.4,0.026460878328530186,0.0030238710389068543,0.024245777484500897,-0.003625815078806024
47.6,0.0002471033376127904,0.003876580267234543,0.019535681193707497,0.0022866114039548934
47.8,0.012259410027908034,-0.029753838822234147,0.014642452897564292,-0.0047185084563957265
48.0,0.009114945750040975,0.0005052301991265801,-0.007961510757783036,-0.01700942447520509
48.2,-0.019838838394495874,-0.0009470933406428907,0.0057170454696937574,-0.0038071513936535385
48.4,0.031961839302933996,0.014513089484207042,-0.011652373682479395,0.015098617273047935
48.6,-0.024167770646691084,0.0004981490003886088,-0.0010396158451398917,0.017240977455911872
48.8,-0.018433075113729328,-0.02092611753581679,-0.02174249248724643,0.010939603703887165
49.0,0.012363097579116593,-0.0021363015398805766,0.005960307274592946,-0.010621330419004935
49.2,0.0007257039173831197,0.013947603029033936,0.018805815831369997,-0.015934324953529578
49.4,-0.026506935001216866,-0.03480529723168582,-0.0004403270247919829,0.027621249659263592
49.6,0.019662014185869065,0.01174646305319411,0.005084403650906925,0.005262107520362839
49.8,-0.028864866800945025,-0.013962204927107756,0.006191749684465679,-0.03824046334975286
50.0,-0.0019048949399611173,-0.003691887758337944,0.009129097661433482,-0.005482327282355956
50.2,0.0019264897650813782,0.005291686707208043,-0.01692130352701599,0.0015631179654435345
50.4,0.00034713260759791295,-0.020912655188186958,-0.0008683287986180251,-0.006584689802706084
50.6,-0.005681584075011366,-0.007666535789299177,0.023763443611987737,-0.023424190145886443
50.8,-0.0011292347063679015,0.016238515327136747,0.001794987371650453,0.028980606741326086
51.0,0.013549374464346148,0.0050207427664505375,-0.043223826161167406,-0.011282442873543963
51.2,0.006983059607332704,0.007697428483053531,-0.007047242142725756,0.008701066742104377
51.4,-0.025849716628514246,-0.0006557347639552883,0.0020173791836226355,-0.024524400646960005
51.6,-0.013575034766351227,-0.053224678741320475,7.528949151036548e-05,0.010123423705125279
51.8,-0.027559687489056673,0.015790785757917133,-0.021791022404857713,0.03697307441320571
52.0,0.009033006471080896,-0.007254677977593559,-0.005649634930553681,-0.006638386086823731
52.2,-0.00213649143383234,-0.01590013095632311,0.009886202193298596,0.002760185638427307
52.4,0.010451523295118578,0.020129909688148387,-0.0011338959194318124,0.002355509465342151
52.6,0.000353777123128557,-0.0033279511005170864,0.029110066316550023,-0.018216329989352992
52.8,-0.01854923588957731,0.025186099183358835,0.0010499746830642427,0.009609378917637346
53.0,0.01186578839837398,-0.005249926670218394,-0.003253059728325129,-0.014522678864191537
53.2,0.006090119103629916,0.020322706535840965,0.02870852887481821,-0.023303586684824396
53.4,-0.024921836180350165,-0.002955073953318304,-0.01704147509407296,-0.0006207714746453591
53.6,-0.00045475687594792043,-0.022245777316705254,0.011176236609316353,-0.010656978069632964
53.8,-0.011563124891867975,-0.005824463941879643,0.020475619213693945,0.03209650566335586
54.0,-0.02128344958870478,-0.01252453206262591,-0.0209314264177627,-0.00962701265184377
54.2,0.027238378551449338,0.015604000801964049,0.017858262422840925,-0.0017826446341877428
54.4,-0.0034758960322212365,-0.011300178941223612,0.006861525289625316,-0.007184917404468984
54.6,-0.008876502145730752,-0.01945654277670038,-0.011487428483550754,0.03367766012359757
54.8,0.0008307930496677198,0.018940263357140757,0.000252802967664541,-0.0103033580571289
55.0,0.004218697529403606,0.025639334515625667,0.0015778819370123875,0.009635336140391783
55.2,-0.019311380101046775,-0.002975975642811274,-0.02885170215449276,0.007810710988571196
55.4,0.03573712164981132,0.002171537834778369,-0.008929926310369787,0.01604724912757938
55.6,0.015246410154694467,-0.01374437967089163,0.015195768977080547,0.024132722798936097
55.8,0.01382392546552553,0.016530644526957943,0.029174647581027613,0.003369868309046155
56.0,0.013146428326866293,0.005569917114725241,0.01689894976531678,-0.013056729773094036
56.2,0.017752900306972887,-0.0001698543917388333,-0.009142864415702789,-0.005071509111241479
56.4,-0.014129856879783992,0.045841142557917214,-0.0010161718094622398,-0.015142260018274145
56.6,-0.01904302235274596,-0.011551589496386164,-0.02294251805062952,0.026974413899703602
56.8,-0.011031212832614249,0.006604251650712444,0.007418648344171166,-0.0016890336193488124
57.0,-0.006920254796567712,-0.005666954077619392,0.010942485195427428,-0.005025841443598769
57.2,-0.001578048243622442,0.007168381397858692,0.03441862892791179,0.009583827783642857
57.4,-0.035694649984776734,0.017843912423426173,-0.03161427602496534,0.01204356657084229
57.6,0.0024345115274704916,-0.005493385724207378,-0.01229821852890097,-0.03665320036168362
57.8,-0.0020613032991552926,0.01583463662280545,-0.0072847711413562026,0.0022953346846044187
58.0,0.009294306472869345,0.004478589792475418,-0.03277762647394199,0.010825674588463457
58.2,-0.015233642379334689,0.017534592843067662,0.021909106741235935,0.003049694125849621
58.4,-0.010531081319896489,0.0041350166537786155,-0.01505297550714921,-0.015403552179150168
58.6,-0.0024096767656247384,-0.013286797291133703,-0.005669884983959377,-0.0098725398600921
58.8,-0.004503678763240044,-0.019030790629746584,-0.004371998634884647,-0.0109334701309285
59.0,0.004782452013760118,-0.016301607708494606,-0.03483805848554344,0.02642361696145114
59.2,0.004557824736078718,0.010596657272016682,0.005790617098319503,-0.017061310298950045
59.4,0.016845467656434156,0.012433091622117337,-0.0012179917689694511,-0.009473429989417527
59.6,0.026466363202775733,0.0053826667230673815,0.01699570832598015,0.002356725231306554
59.8,-0.007980154106801592,0.016091093259186565,0.02442886050758385,-0.030659323539846118
60.0,-0.0016568771990201085,0.026885684392285402,-0.007151740773733382,0.003085510542575068
60.2,-0.0010565024705524052,-0.01978588121389543,-0.0020718755437433042,-0.005046606497610041
60.4,-0.011338332199341966,-0.0021499845183428853,0.012521274640814664,0.023358460977983383
60.6,0.012437182862498711,-0.006754639012482348,0.015416121433397758,-0.0011790046890940572
60.8,-0.006056823568137553,-0.004448670332266869,0.006829037284151043,0.004919653626593151
61.0,0.012194733075006172,0.029962352124513824,0.00043892271918616403,-0.01951507621146967
61.2,0.019409867647562477,-0.00929549637521175,-0.0031038009859168133,0.005283324122063706
61.4,-0.04522662401721363,0.0057442375359289324,-0.0011310932979484948,-0.017356498538465645
61.6,-0.00810766034417408,-0.008614063382808908,-0.030114788322451003,-0.009768216726601985
61.8,-0.009150406713628007,-0.020339910203567013,-0.010303216917832954,-0.0007475444905978545
62.0,-0.006386769082424276,0.0170971430924383,-0.008349735951062537,-0.011097583776089548
62.2,0.010501408163895087,0.0072537477768206534,-0.0248512634949889,0.0024940396980405086
62.4,0.005656899956088275,-0.027991036307635376,-0.02618170481958013,-0.01414756190588668
62.6,0.022704787484542088,-0.024387622769078826,0.014694547053928293,-0.029657751630942118
62.8,0.00281453285659976,-0.00911537831816848,-0.0051547307783821016,-0.0013228252336580282
63.0,0.01445891234525099,0.014852364067288711,0.010264385547920378,-0.019394985356928067
63.2,-0.04677283369666108,-0.002317607182537077,-0.018769429276124166,-0.0049292201717214155
63.4,-0.010608428964572226,-0.017839599458032884,0.05148055262908605,-0.00536644931843937
63.6,0.00043505473448109854,-0.0033553046939915287,-0.003906489851685861,-0.016024810005504733
63.8,-0.03665589502461298,-0.016073555913426532,-0.009646185718516083,-0.005060357781496202
64.0,-0.013932331757405408,-0.01305944160163427,0.03947932187189251,-0.008598940974279457
64.2,0.020851617738509395,0.004592354033926224,0.00499856948895813,-0.022440191128451952
64.4,0.017900333721032727,-0.007672711696117521,-0.001731574377648314,-0.010262353208223452
64.6,-0.007811787676545015,0.031032841939006194,-0.03332888057855257,-0.0013727332530145363
64.8,0.0011452305663793999,0.0053421276795668745,0.005378284829402727,0.007808260488905055
65.0,0.01598402860037736,-0.011112360015081216,-0.009639913127813395,0.006467081603840988
65.2,0.004134505155870099,0.010257687346351128,0.0004803026390401051,-0.018108775044762673
65.4,-0.027589696939914015,0.0036032736337030208,0.00024707241436227375,0.00921128499294639
65.6,0.0023087500881158606,0.01370320940497772,0.021508485862272605,0.0076870190440358034
65.8,-0.008835196252192873,0.006698040940111481,0.006382595617881519,0.006568789084267654
66.0,0.00235272196127004,-0.03891448965684254,-0.010254044137745858,-0.02962625985064726
66.2,-0.025070991366993294,-0.004776019010460905,0.004852178314689781,-0.011750210656079119
66.4,0.00473974741895395,-0.014122828704587427,0.008141251879422896,-0.007164217017313954
66.6,0.004631125284842159,-0.021828812470585,0.03990111298982018,-0.001083025766723738
66.8,-0.004657834558607913,-0.00873399311083557,-0.008080711104726296,0.024828171449767397
67.0,-0.014660113294719897,-0.026030368979871623,-0.014804837879202754,0.0066021820466734575
67.2,0.01300705007166024,0.008484532261162171,0.010866765504685143,0.023694182425222487
67.4,0.013126474347534703,0.027321485625455555,-0.02235386374494744,-0.003868356479080704
67.6,0.033130083464207184,0.005842547910390262,0.0029584109567512284,0.002623586377107382
67.8,-0.0007492071125575778,-0.008229759547035453,0.009305542083341268,0.0026489477483176006
68.0,0.006192293641751897,-0.03776690386729032,0.0036179486241334044,-0.0010365935011838901
68.2,0.014505119130506852,0.009342697531767556,0.012214642151682505,0.004663157842978388
68.4,-0.014846385929391066,-0.008098339272464632,0.008519286547781514,-0.004263507205721628
68.6,0.01256859233752411,0.033349101880040456,-0.008539734507218068,-0.005656555430326932
68.8,0.0028047167697078817,0.021201881888192182,0.000585282048694416,-0.03408293552087985
69.0,0.002720331651780356,0.01935731634380891,0.006604746243823738,-0.021374005538159296
69.2,0.0008807847825683853,0.02373075691029471,0.042744203421694875,0.009863661511531284
69.4,0.0015094986320695729,-0.00782993879818565,-0.006843158737885934,-0.042298782087838493
69.6,-0.00576030556199771,0.009749604647170418,-0.017755146032556384,0.018546647097153816
69.8,0.0019166912477541567,-0.0023038125194261056,-0.011607901549259994,-0.013988356693680586
70.0,0.004690167792454773,-0.025517653627517133,-0.018497869747750615,0.010481843940533751
70.2,-0.028092769337716993,-0.0030225594855060665,0.019822629584851988,-0.011813822857467812
70.4,0.012155332813210093,0.013872885179126918,-0.002316500912311775,0.01964895799042422
70.6,0.0011895999703364346,-0.007824356160508817,-0.013307006208573858,-0.0011969274580020915
70.8,-0.0021936227681428936,0.010265233495504603,-0.011867599325860236,-0.007352099960795181
71.0,0.013797951914664654,-0.02438285461503734,0.006272965932652512,-0.017594409693967347
71.2,-0.003692647746109177,0.007203270332761905,0.01649417680351924,0.042935513949603536
71.4,0.018142612891912543,-7.859044648191443e-05,-0.02285712694378882,0.0084842390524831
71.6,0.0015472659296310403,-0.024948323847398136,0.019230752254249882,0.003498180339448096
71.8,0.007799470293271698,0.02055113493396735,-0.04010660458714025,0.0002861199059999055
72.0,-0.0009497677522103941,-0.02343664598642416,0.0033859142302149607,0.017640614202088307
72.2,-0.045485715350762866,-0.0010381221058322024,0.021130592387114438,-0.003051673650453337
72.4,-0.016460187528307847,0.01546496469569636,0.00215897849400038,-0.02262033933739968
72.6,0.014457338084087107,0.0043257070471668145,-0.014265454185034339,0.019362854877542402
72.8,-0.016757602494606404,-0.005022304215475897,-0.005894386014667551,-0.0037066802145802637
73.0,0.00440610779475904,0.012668728832008827,-0.002280845181740579,-0.001007704468912037
73.2,0.02433844352693799,0.009382826485643935,-0.006333225558029315,0.005426969929157807
73.4,0.004473266906612028,-0.00625351376893427,-0.020684388664849757,0.013681754506866558
73.6,-0.000807650876772318,-0.02282911013050032,-0.0029944555704999308,-0.02302098154211511
73.8,-0.005792282161885344,0.014634462620103983,-0.01604822021386718,0.004759274790380175
74.0,0.024991504488883237,0.010747033586378218,-0.00023219948347942207,-0.01660927724031479
74.2,0.003028594542287178,-0.004741859623939858,0.010954447133683159,0.02023272972571719
74.4,-0.0010347771877132798,-0.01956768260383049,-0.015318379767855989,-0.0002907879838640372
74.6,0.005386974063870019,0.03285031688603262,-0.0014302488849823579,-0.010848538122847029
74.8,-0.023482632617263088,-0.0005720304416378302,-0.007988471462685658,-0.004279450396597354
75.0,-0.00936891320773777,0.011406972664305673,0.03540156277446337,0.01757335466651845
75.2,-0.017909370053193485,0.0037267194033878594,0.012967352350523076,-0.010658629617979407
75.4,-0.004367065416699559,0.0014320974742671147,0.00567120131483901,0.012982803941688624
75.6,0.0007954263372808567,0.004203334083572222,-0.003740919358569919,-0.03293040509417528
75.8,0.014043217565495073,0.009785426074023254,-0.0009400820667599836,-0.010305318780933671
76.0,-0.005243518932646526,0.00681469961221353,0.0011827540688191477,0.0018652275047955638
76.2,0.012853272976288965,-0.00038865595901815575,0.014024336520593953,0.005624352781250878
76.4,-0.00964767436809716,-0.015764136133666274,-0.019467241793032976,0.004282601552021886
76.6,0.009213516080809938,-0.01597752609307515,-0.008653953178963992,-0.016037782269856443
76.8,-0.007032782426333022,-0.022008770058610867,-0.018366452128960244,0.008378654449292838
77.0,-0.004981383428548092,0.023286208057425373,-0.023254848504485153,0.0014402421270649363
77.2,0.0068842883394757935,0.022297397437408994,-0.008134001176456058,-0.0009336434465933128
77.4,0.009270012434640245,-0.010765168315111812,0.008673262912130794,0.037900459357502775
77.6,0.008852219837741093,0.0192408215307396,-0.015590236251828532,-0.003659841808930304
77.8,0.021111358082093676,-0.014631349301891272,-0.006159426572082791,0.018472488171740107
78.0,0.017137121620594636,-0.0007297364469569523,0.0031766995833414527,0.0037065708913279916
78.2,0.007123811996883877,-0.0181457455413306,0.008280195657591787,0.0018535906594143645
78.4,-0.014663575237400459,0.003233942185578127,-0.019925797990812056,0.006789559416638576
78.6,0.00039159103201336895,0.012763187761383807,-0.010691079764942062,-0.01226296858056095
78.8,-0.008485575928895662,-0.016855430543843492,0.0010728383621481246,0.010238824574621564
79.0,-0.005455807695078725,0.003249018755146488,0.009332785131305232,0.007000994158411132
79.2,-0.010837444546129617,0.013142787032996303,0.009987741319330163,-0.017883823001777377
79.4,0.007452387188173226,-0.018103063688249387,0.02792522758945662,0.002154390691352167
79.6,-0.007080225466417021,0.004776954726192984,0.019928564169430608,-0.005232524471007949
79.8,-0.008854602509533169,-0.01859301635432734,0.008353392857596927,-8.742695391688107e-05
80.0,0.011673306613224979,0.008963904561760957,-0.025794655557398932,0.0035438593260345513
80.2,-0.025690204461237136,0.014185746644651083,-0.003927460654197471,0.010128376191329388
80.4,0.003965960117337567,0.0020091738023359502,0.010901376879312676,-0.011114924337464019
80.6,-0.01360256585882716,0.008319535468055026,0.004918150602638223,-0.016219708820715537
80.8,0.007804730859463818,-0.016693995327238836,-0.005979487111266331,-0.0022206373806446297
81.0,0.006024038729152663,-0.006672337703529925,-0.01906474191133838,-0.01644964661354582
81.2,-0.01628155693272641,0.02861550475113105,-0.022315879375894274,-0.009800336167088792
81.4,-0.018192121039813814,0.0030317903893867667,0.013699054603999195,-0.01568540044920808
81.6,0.009058433308043913,-0.007399357784255452,0.008577014333990789,0.0031788619679005274
81.8,-0.01565548728976411,-0.009859223703124849,0.01044712470951034,-0.0007883437601815556
82.0,-0.012887677543456344,0.0102291453679195,0.011136597527570402,-0.018708995743646924
82.2,0.00018686037386262308,0.02023731627613053,0.003292131259077756,0.010356967752137704
82.4,-0.011918233848355284,0.007213713480645181,-0.0027362677745196838,0.020439407001867284
82.6,-0.007870471924936924,0.005851635491725638,0.005675911400257648,0.013218192663296198
82.8,0.022537460653659084,0.013420610730830866,-0.02457547293683776,0.0010892617703467007
83.0,0.00803307635742434,-0.005852048707681744,0.022239836416713576,-0.003362059191707819
83.2,-0.018392323908414415,0.033409094565336785,0.005985958568878842,0.0076457779091071406
83.4,0.006777316276887584,0.0113461856490063,0.009580802939659119,-0.014500849058446239
83.6,-0.007880579552025153,0.005319278246155115,-0.011556290349009119,0.0002429344032185421
83.8,-0.028759609702978306,-0.026311674071228638,-0.003430409380591942,0.0018424295767552723
84.0,-0.03465255295068328,-0.005016265377067984,-0.019423300787924962,0.02336126401991577
84.2,-0.004593005700067478,0.027543148644350247,0.008647965342387138,-0.010750140521622766
84.4,0.006950299466283446,0.0020671570736105795,-0.000890933779551531,0.0028920956220207746
84.6,0.0022495802188873372,0.0071725415658167755,0.00402023745951248,-0.01872274111389585
84.8,-0.028363539858253867,-0.015139665941640195,-0.006880058302409207,0.004098391083760389
85.0,-0.032421470899925336,-0.007069927585165202,-0.022858535571779703,0.012398671809385926
85.2,0.015174122160365624,0.013502442106316558,0.018444411981427936,-0.007809489340434398
85.4,0.009703050736550157,-0.00755860041293407,0.008833638689471868,-0.0010511404003133093
85.6,0.022227568442238846,-0.03152210011058543,0.019966443249345375,0.012353883212529039
85.8,0.015583234726638,0.008457465239619485,0.02038234379004092,-0.007357923808603564
86.0,-0.0021981059503101814,-0.016562098947164417,0.007922363884398093,-0.0070904302512990154
86.2,-0.004607600417233044,0.01030085873853129,0.0012840150113282117,0.017251571697720954
86.4,-0.02032462076092426,-0.009725564401305556,0.009321231296476041,0.010017716087491408
86.6,-0.01403185963227292,-0.005831759031025614,-0.028514707257243494,0.010927375661946829
86.8,-0.008742318119726422,-0.006442780604506486,-0.003287086219506756,-0.004479970600364799
87.0,-0.0021267436433794022,0.0063136776132381575,-0.005419883518079417,0.015534147519192245
87.2,-0.01550147928339736,0.0018894548831100491,-0.008983539672160363,-0.012833433673024261
87.4,0.006565273847834847,0.014540147849485712,-0.0016259774835095835,-0.003436374313330458
87.6,-0.014685997195037706,-0.011278252651482934,-0.006797970983213717,0.01509508306032962
87.8,-0.03672678193396287,-0.029325776035796947,-0.007909650881187629,0.008966359239937128
88.0,-0.013412940542232264,-0.010357574739325958,-0.013070132589726812,0.00451211212654851
88.2,0.0016976475093041787,0.004325991636240385,0.012345069785548732,0.0022333344729233095
88.4,0.004934281709713116,0.011937329701231535,0.008039991057768701,-0.016429794575461062
88.6,-0.000992357770176906,-0.0007680502336153231,0.006784088780438388,-0.026555159825184107
88.8,-0.0008313433786483771,-0.01953117343180667,-0.005418381153816237,0.01824008734690066
89.0,0.015732748775535373,-0.024997319718403032,0.0019990380142143912,0.00693926083104601
89.2,0.018939849040866753,-0.0027078233430117634,0.002573318462506996,-0.006811258211387259
89.4,-0.021632916432878718,0.004917137447517491,-0.013651344576044215,0.011660650656482316
89.6,-0.0028470201794788485,0.009127427473332438,0.006218247617307993,0.01036668343738051
89.8,-0.022746242914948468,0.007783123600676467,-0.005655167132276904,-0.019687958489786588
90.0,0.026017891034711933,-0.0056163634806585955,0.015394041676042927,-0.009592608962636378
90.2,0.011460689658276395,0.006787631300553153,-0.014918712206459855,-0.02249281798350955
90.4,-0.020163811355755405,-0.0011257955361326597,0.015346742777833954,0.004079484293861612
90.6,0.0281057323170595,0.012864653249936084,-0.0006733363641334616,0.026249457710191357
90.8,-0.003292538162123644,0.02023445744031299,-0.014940596434404192,0.013679146583634923
91.0,-0.008306055918541432,-0.0049400725506572275,0.0016454012942766043,0.01925629222521574
91.2,-0.019785516794748725,-0.027388202593372945,0.029061578998652773,0.011417637148857109
91.4,0.0031708092421039945,0.0029730202515339883,-0.013195828309309628,-0.008882192695200403
91.6,0.011883801386247827,0.0040175706056591555,-0.010870882653793499,0.03197288926118907
91.8,0.01155042173307412,0.025655239652104953,0.020171931362036395,0.006313501902420593
92.0,-0.002541319162077541,-0.029672109686924936,-0.01086119452392135,-0.018748725967615124
92.2,-0.0044785521584809656,-0.0034277737983182586,-0.006696102353746913,0.014558885630525051
92.4,-0.011914817216834425,0.0009416410566954978,0.006126956199375162,-0.006918104976977736
92.6,-0.005509799368502727,-0.002380312035221932,0.007367440882981577,0.015660416662417152
92.8,-0.009404211650429633,0.013453727589245401,0.004061146099114672,-0.002016207584430237
93.0,0.0032014410820169633,0.011280791925376047,0.002989935153734837,-0.005404073728009737
93.2,-0.007898154345002562,0.022420811026378662,-0.005635359369661377,-0.015672325649193648
93.4,-0.01647685605404926,-0.008688605834175678,0.013912459606949729,-0.006759470063327388
93.6,-0.016717220569973122,0.018835057165557903,0.009975192679698144,0.010656318574930754
93.8,0.004947287874546696,-0.018209054039589185,0.008343139177360834,-0.019552420181810557
94.0,-0.00903444016231897,-0.020122756541236745,0.02166375108449221,0.00791309489782854
94.2,0.0005871789158877818,-0.00021390489384104445,-0.014206603727233697,0.007022151562682423
94.4,0.004011470097168048,-0.018310690397160465,-0.012085408534169272,0.0030797091977660756
94.6,0.018143730217570344,0.02425468230186517,-0.019999662453686864,-0.00950723050243141
94.8,0.021100143167347558,0.014308524785116518,-0.02129384951967833,-0.006881387729567571
95.0,0.009822539877120529,0.0030981647430964308,-0.011304757892907741,0.0052531389111142085
95.2,-0.019134031418298957,0.0023201897585040775,-0.025019330533997134,0.008331850645064807
95.4,-0.003080650746525872,-0.0049675085686629586,0.003582428013515205,-0.0073036324417117176
95.6,0.009265487569673155,-0.0015644443946571742,0.009636164088796372,0.0007252874567028252
95.8,-0.010132985016472761,-0.02054459847506711,-0.007483910518328192,0.004095210961480622
96.0,0.004097987592114101,-0.018232734112826093,-0.001054172837880403,0.007331017790079132
96.2,0.008891618977335777,0.010357189208469167,0.02016522259606373,-0.0014554261641922972
96.4,-0.008470515892517816,0.021470835842741023,-0.00924765654458811,0.012583635737288707
96.6,-0.014273860180537326,-0.01265965254965262,0.008520112743373639,0.0085171912027504
96.8,-0.01707394059952917,-0.002166266787506591,-0.00834436554908663,0.002518910301887736
97.0,0.0029963393176972897,-0.004176661470926842,-0.012973286999838912,-3.581183950244921e-05
97.2,0.0009346803608631817,0.010467700888723515,-0.014888993628255133,0.00010442849816710148
97.4,0.0035813142445273037,-0.01475328570942598,-0.002349449591007382,8.173693000808765e-05
97.6,0.015052747933603323,0.005120402870942338,0.009140162036633813,0.005540555358735232
97.8,0.009011760209967815,0.017841670508874998,0.0005924702374019095,0.01394634478396274
98.0,0.004758056788722243,-0.00022801383474261908,-0.010562439001357046,0.010220589651707938
98.2,0.008153420508859857,-0.0029339219536778215,-0.008511748760098976,-0.005236407012587781
98.4,-0.005543454190962954,0.005955262911938944,-0.009465621397973247,0.003183379225358572
98.6,-0.0007767982258555123,0.021793306452417848,0.003289442358371452,-0.0004463886062682325
98.8,-0.009799854998854734,-0.01862985411617818,-0.019569176558382417,0.005027963653463449
99.0,0.0058959960529150965,-0.017332904218988084,-0.02849322114269893,-0.004012757850804729
99.2,0.00996099034943667,-0.014875606050068171,-0.013483392839815466,0.009606456628088173
99.4,-0.01934770581054454,-0.0043880249748792085,-0.00434041633051177,-0.01908926726886798
99.6,-0.0009483295782253288,0.006769010451208929,-0.009048089721977834,0.021194073430285506
99.8,-0.008296521508868672,-0.005260747668886255,0.004325246653554927,0.008145241329153211
100.0,-0.001827781123048904,-0.015143346256833098,0.02006253822011651,-0.0007472313954326541
100.2,-0.006237255027448076,-0.016155467213495017,-0.01542212179423282,-0.01791198220184452
100.4,0.005737589021150037,0.007770087032485399,0.00039341587921498206,-0.004199289870576963
100.6,0.007832286834056278,0.01167594542286002,0.004326560045534685,-0.023951151206951276
100.8,-0.00610351769763003,0.0015901781593919372,0.015632098594694173,0.0138300386219792
101.0,-0.026473451296175024,-0.009720100960904955,0.015588320021704674,0.01115101517964061
101.2,0.012191645094328013,-0.006596560227494711,0.0018152307106072106,-0.01162397581677707
101.4,0.0008236646860143923,-0.04629694880973551,-0.009270118736272254,-0.007634725396968585
101.6,-0.003231162417037524,-0.002660548126264007,-0.02049846028821482,-0.006190037274299187
101.8,0.0027096637520231844,0.00629851126920371,0.001458075177860653,-0.00424124111917906
102.0,-0.006936394144007614,0.018593157638277923,0.005217721900545996,-0.0077929120200068815
102.2,-0.0033644440709102888,0.013392960973150797,-0.004102164219041848,-0.018261183084465966
102.4,0.0013189929531848947,-0.011474352965141538,-0.004791375998774967,0.028852421733206995
102.6,-0.0030860312719615244,0.01571024543590432,0.010775408597116736,-0.007674965304397432
102.8,-0.015794423439577845,-0.010145890454105388,-0.018514015461701474,-0.008941957421882607
103.0,0.005687730612548965,-0.01915933199284146,0.00019325655497790377,0.019537884733623317
103.2,0.003952120591930485,-0.0006423075577610942,-0.011308794677172836,0.011642990931861774
103.4,0.012069975299689393,-0.00838658482281783,-0.001972921300369125,0.0022140717710576853
103.6,0.0033292596662664793,-0.0028811635510206123,0.018415944521101225,0.00947770253042284
103.8,-0.01272916023783125,-0.000561468512999986,0.0032385009911845737,-0.020358734878217894
104.0,0.01877359974362682,0.011027489365369153,0.01402376269932816,0.010684951992358043
104.2,-0.009861038321603609,0.005608741152751629,0.004848247818732106,0.0009217499268737486
104.4,0.0012312040545447512,-0.0006287081626947187,-0.0019466382744448823,0.01720351966448479
104.6,0.005978727827031704,0.00316834064408276,0.0032509101819983947,-0.0015242296981647374
104.8,-0.0018798760925475971,-0.010452313290292512,-0.007686704453562187,0.020762778945534067
105.0,-0.010122125189057722,-0.017794315366960602,-0.0090415591144442,0.012210532846380752
105.2,-0.024132726101051955,-0.020119396110252947,-0.005485492285581456,-0.02362405612795666
105.4,0.000629235509384314,4.567880303651267e-05,-0.012945727504243809,-0.0020127632299687267
105.6,-0.006305694016546628,-0.00025124462655743844,-0.007981363468070398,-0.01867958007759908
105.8,0.006711045961029133,0.0163017634059848,0.010690167322382376,0.014738857536671174
106.0,-0.008097194635946662,-0.014281144014798975,-0.007288088571331102,-0.00941020533921097
106.2,-0.0015054526781934127,-0.01155242714327274,-0.00204326145789677,-0.0012762135849834235
106.4,0.008955834198716863,-0.013125367495407651,0.0020328985530877583,-0.022831155971898383
106.6,-0.001026487350760279,0.008949369493271927,-0.007915083481255478,0.03370487049458807
106.8,-0.004807191587053799,0.012911266015836682,0.006980543677213586,-0.019859143938359077
107.0,0.0010572345988824996,-0.025752263129855055,2.5558993878118292e-05,-0.004352271844004205
107.2,-0.004392617881174069,-0.0016053602375703455,0.014476399942108193,0.003561607305324043
107.4,-0.004758421760756892,-0.004556000692993099,0.018742459610400674,0.006058128430351031
107.6,-0.013769570991024757,0.006732916034237181,0.004456846863942559,-0.005447295771352292
107.8,-0.009225484564158682,0.014343499612087087,0.005820905159730994,-0.006013862124597275
108.0,0.020254711094928917,-0.025400394682103738,-0.0038661583555624573,0.006985202330628451
108.2,-0.006939826797096073,0.012066418416323109,0.019383324810167843,0.012844331310567272
108.4,-0.00637211899609556,0.001580726102280442,0.011675178852886658,-0.010246795205095824
108.6,0.02137472087638462,0.013097040815777311,-0.0018784294446615197,-0.012819175333798677
108.8,0.0032331906793379114,-0.001980122246826395,0.0037905201666670867,0.009034464380639182
109.0,-0.016256892784473467,-0.003928446979797696,0.005647274932675965,0.017373994453082225
109.2,0.017719145095514095,0.01370732332748748,0.022594419468159665,-0.00220685592548501
109.4,-0.01654995601993919,-0.007899665244931823,0.011617548458194587,-0.016619026596292965
109.6,0.008234924379579978,-0.010779474669090301,0.02871184727271796,-0.01871979993415405
109.8,0.023772747080991908,0.004415650928237553,0.00016498472210258082,0.020719050315773743
110.0,-0.007668666422525614,-0.007369996874631184,-0.004628699843673636,0.016178337946945363
110.2,-0.0005113590514344395,0.031787021753341194,-0.016434601346411216,-0.007912749720952286
110.4,0.011348792858943841,-0.01953757598872662,-0.009970661786025799,-0.0061875962623375675
110.6,-0.003291877872841064,-0.0007018764777563469,0.00019362268660672263,0.005282048705420174
110.8,-0.014064701396964014,0.021327693302537216,0.009499182690905258,-0.003739000887200494
111.0,-0.016727156557860775,-0.013709331916593554,0.01131632611476715,-0.006220620825286867
111.2,0.0025332170622819044,0.003648791813020961,-0.030008938173955713,-0.01071720936787072
111.4,0.0045856010895620495,-0.016750507693319774,-0.007914791267219173,0.010813299012849206
111.6,0.005282329688445053,0.0003660288802164226,-0.002963538761149268,-0.0019200259981248444
111.8,-0.012100110700651923,3.410476002547203e-05,-0.0073621084196775,-0.0013080226801959426
112.0,-0.005720588745437544,-0.016291802625552052,0.009375635293286815,-0.011687142896475192
112.2,-0.02126729842229669,0.012257078634347897,0.008904895920193065,-0.0004485320989040485
112.4,-0.02135135649468735,-0.0028136092595583318,0.0003985160030324838,-0.0056700625106570965
112.6,-0.022644457740510316,0.002190878778670065,0.005213269421791643,0.005440617655863718
112.8,-0.0026490162877913187,0.00705027787006456,-0.008861483926810484,-0.006875491924128858
113.0,0.017609768562160646,-0.0046087366706657916,0.01931809264536426,-0.0071189407849760605
113.2,-0.0064977745528156895,-0.009146169383184223,-0.006910216225143056,-0.012915832858596024
113.4,-0.002001289541311286,0.026879236658218664,-0.013067171114626477,0.009426989881799205
113.6,-0.01345521713927958,0.0012252643042791767,-0.0038438151058385506,-0.016504158301879176
113.8,-0.0005434945466910324,-0.01121832956755764,-0.020741664501095766,0.01300668434866934
114.0,-0.019091630186900525,0.007052197822620155,-0.008819877500904625,0.007737931328575718
114.2,-0.014852310234895541,-0.006825619004471061,0.0009053446808533616,0.009437511780736423
114.4,-0.024250948454506902,-0.014140646414005559,-0.013448696823389417,0.007717444962426853
114.6,-0.018416224209341536,-0.0004978295236617534,0.02312237879503747,0.007348801212002397
114.8,0.015241574417285783,0.008702621451479797,-0.00029121199950637766,0.009294624668861256
115.0,0.023695671986879527,-0.007510348362216456,-0.006743305774065116,-0.0024596097223225587
115.2,0.010986344344450437,-0.024962429383932516,-0.012667986027996701,-0.003737670128047651
115.4,-0.001491463060412331,0.004605209597795475,0.007332873865911117,-0.009753035424024916
115.6,-0.00667515912276655,-0.007460930093202287,-0.010522287960102683,-0.004305071759457746
115.8,0.0023608303459993537,0.0135376339442001,0.0065295093853631955,-0.019386650685001842
116.0,0.0076431126092618915,0.010239359531606344,-0.005614879494678313,0.0010517529104403496
116.2,0.009460140539556178,0.009548091094671385,0.016417529883087024,-0.021622664699250893
116.4,0.001986986526876823,-0.004220035991901278,-0.005415349883139802,-0.0007671924550262818
116.6,0.023373378420290535,0.006916075812674717,-0.013167868696358893,0.02028883011009855
116.8,-0.01975313809225739,-0.013172032266296617,0.008608248804114704,0.000467487202755195
117.0,-0.006583509539686196,0.009071195539383155,0.0036345476374930502,-0.012217480486415945
117.2,0.02361243027036043,0.01854746165699292,-0.0019349767717306912,-0.004601280577268591
117.4,-0.027210433929766506,0.00816104756166698,0.005439260780200618,-0.005708814900564261
117.6,-0.005723946225301226,-0.0164186307995984,-0.012731822256695835,-0.02594440099260138
117.8,-0.0004907008803158678,0.018788165288729616,0.003948289494262801,-0.010896148328318462
118.0,0.0011744285692191318,-0.012570381320864544,-0.019659545744281397,0.002545029269917477
118.2,-0.0025871149804443465,0.0077706927715067335,-0.019059199435288558,0.008866539099961665
118.4,0.00407487544775238,-0.027366186350392775,-0.00033681099432717734,0.017370433313981585
118.6,0.0005700849677480283,0.013856329973936522,0.004841255183729829,-0.0005728060168655793
118.8,-0.00047464831528322486,0.007800191727439666,-0.011818185632905423,0.009417870379680796
119.0,0.015147246882885391,-0.022361503984544367,-0.004055942452964415,0.01451317316516869
119.2,-0.021766126626739837,0.010547538382252433,-0.021895888806238162,-0.0254774433655471
119.4,-0.007140615337719807,-0.010629826676645644,0.007669989902749121,-0.004698679334726547
119.6,-0.0049858014063001365,0.022022348402029438,0.012874535240524052,-0.012914938844687682
119.8,0.019111778620378838,0.0063072760046724505,0.016299109110606308,0.006537016550393025
120.0,0.012538370405776959,0.00637821883709054,0.02011124289927049,0.010805591693880616
120.2,-0.0029933086978384386,-0.017080953387118254,-0.007377158039403735,0.0009002555830822704
120.4,-0.008024311787392017,0.0019654746472268342,-0.014596321574513502,-0.011893065592981603
120.6,-0.007351498998544055,0.011261775229908127,-0.0030087356968519358,-0.004381610829426659
120.8,0.00729654649571345,-0.017781102374516272,-0.005042725451409336,-0.013477063942442524
121.0,0.00188630267452508,-0.009986997603676157,-0.014343443695823794,0.00011746297827722504
121.2,-0.016059764245243247,-0.022898241564362504,-0.0018488980447420287,0.005187358711232275
121.4,0.0015728662433098655,0.0022204434958385893,-0.008541714532870165,0.0022735881068301645
121.6,0.007555356636156332,0.0063169124257027,0.00111664543427815,-0.008954948296655926
121.8,0.0022485176752688515,-0.0018336989160564505,-0.015756657239701693,-0.011431488962730529
122.0,0.0052572308637127306,0.011965021280610085,-0.002905280867547436,0.016855085957576173
122.2,0.0017654539446658978,0.005266386497751363,0.005322622462738534,0.01775160960590051
122.4,-0.002864421168389126,-0.006340853800046724,-0.009123693058902487,-0.002101563177921953
122.6,-0.026993686213736507,0.00121755518790841,0.008285877519546203,0.0024179787739220596
122.8,-0.0015999989671587913,-0.006662337415207925,-0.010240093270401021,-0.003965547248838156
123.0,-0.011728540991565181,0.019718025895689977,-0.013895228916985755,-0.020135340302972937
123.2,-0.008234578109145001,0.004227392410652992,-0.007239239074647939,0.00660665775732246
123.4,-0.00456902777812749,-0.015373179461543802,0.0117368287221873,-0.016986195685325025
123.6,0.0025000240914014042,-0.007117448507278111,-0.005460845959695877,0.008881504210092121
123.8,-0.015502690978971431,-0.026135914211602263,0.011217958284865976,-0.0024847926137428243
124.0,-0.005793031115257982,0.004744739959695345,0.017262896498710236,-0.0124904848805174
124.2,0.005122271807686085,0.01991588758161821,-0.004955619267154718,-0.005103457913535757
124.4,-0.01832703770903292,-0.005842253676049049,0.008702750565066667,0.002998559469545745
124.6,0.005873647430497657,0.0014743109970256935,-0.003502844993133226,0.004283781448277304
124.8,-0.009814677501139756,0.011506680549673284,0.010237977116284632,-0.00945694643901151
125.0,-0.015077055746530192,0.002616824164309433,-0.000689122123969947,0.01811952254211413
125.2,0.003302268667337327,-0.004071134618218861,-0.006214512234298641,-0.008907190593537341
125.4,0.015328612006961236,-0.008416830345843647,-0.0008104677686844398,0.0029317541619834487
125.6,-0.013091012168209753,0.023390229201325646,-0.00768805885140417,0.004357590174291256
125.8,-0.006560466245952864,-0.0011301397318688843,0.007250368582990226,0.012460138720066696
126.0,-0.017506634126586852,-0.004917603396408458,-0.011253504862851605,-3.7172745911531864e-05
126.2,-0.009796135618638678,0.0031613756286591513,-0.01378131946367183,0.003327646512348461
126.4,0.014316372458085128,0.007362490154068364,0.007100108297444951,0.01758713614100471
126.6,0.013952360237395045,0.004997686773196518,-0.010263758413122711,0.008667805359601271
126.8,0.013628640719781713,0.010702111923072263,0.010589406285370119,-0.0032788177605119033
127.0,0.012610340103823845,-0.011831097022962193,-0.0071358746144085106,0.009895657385329493
127.2,-0.002469250442978892,0.0070683002053549895,0.010825408144164732,0.004491807489335997
127.4,0.012242975484340628,-0.0015704630170427553,0.00771090913944654,-0.020662276701456348
127.6,0.001012187198601271,0.0003149176714542657,-0.010578108028313257,0.009599510779722233
127.8,-0.018344233751319373,-0.015813715698111255,-0.017614549797172654,0.01164120538774032
128.0,-0.02335077544279175,-0.007400811570823673,0.004840118475828438,-0.0053880762428961905
128.2,-0.00711108919339977,-0.00572306269393687,-0.0018730189471610318,-0.006585155634869999
128.4,0.01203169017506743,0.001722939899869889,-0.01036351986481428,0.005268161562862868
128.6,-0.00650549260236694,0.009413070465850479,-0.007670988745151905,0.00559657636086056
128.8,-0.004819264265348937,-0.0076204349965351996,-0.0024091933960757685,-0.009408373315306274
129.0,-0.0052952878463551345,-0.01320236102993246,-0.004078997669785596,-0.009831480383519128
129.2,-0.004552991118309058,-0.0084479657717193,0.021760329842161818,0.0030777767047537544
129.4,0.00025401075140199037,0.004525214255827466,-0.004295320055545495,-0.013586134606535521
129.6,-0.007020083933281526,0.013371772124350029,-0.004550867030153889,-2.197941505330779e-05
129.8,-0.019487843317820032,0.00966360493919848,0.004625313489463966,-0.010726764146391595
130.0,0.011496151495106214,-0.010400287894889167,0.004439932163465451,0.019823210500168383
130.2,0.011072718663649736,0.014373717755121427,0.003996420128506642,-0.008072966679822534
130.4,-0.0006597047181593306,0.00975188814372568,-0.0005548565005224354,0.01566486094020141
130.6,-0.012981508129646416,-0.004859571571411983,-0.004573733072489619,0.01327163437429855
130.8,0.0030544496794787726,0.017366138585927327,0.0015001306568832133,-0.006060922154111389
131.0,-0.014128511928621301,0.0007996967024291,0.007905530448206218,-0.005866179742809924
131.2,-0.008443065072574247,0.0028232636755876235,0.008580271363764758,0.022833383643037383
131.4,-0.014077689374354269,-0.001435944881472415,-0.011059166411522983,-0.0034943858872791707
131.6,-0.0020652305039106397,0.001002783604778903,0.01605571945679687,0.007068578718228241
131.8,0.0175854929490651,0.004433110037302834,0.003938717785231638,0.009330300819230891
132.0,-0.009266509379878681,-0.015832548350942558,0.002384099647793644,0.008178668945832253
132.2,0.006984266058702023,-0.015554392086203265,0.0046041303369446,-0.012828056403345847
132.4,0.005700606000049155,-0.009367021918592492,-0.009952724039063346,0.0013351605376733082
132.6,0.002624568304482327,-0.014171048176480404,-0.0030576843768003394,-0.008450911942953448
132.8,-0.005800977005005666,0.005121496334846029,-0.01536545958806774,-0.0012157003884793512
133.0,0.017950040948767343,-0.014661027705977653,0.0012612875586051253,-0.0015815483218280214
133.2,0.002744482139939438,0.025608648350173405,0.005009230234076382,0.007537929195377886
133.4,0.003645461731579235,-0.0064208755218096575,0.004047716386519713,-0.003844586063188529
133.6,0.026276256462817584,-0.007365830291597043,0.004241362435419692,-0.006396278829732032
133.8,0.0011496873972488958,0.024879645682704885,0.0024868836115118967,0.0011248067851198763
134.0,0.02173254297584794,0.008235588147676765,0.0018155899163785644,0.004707585701108994
134.2,-0.012813421895486747,-0.005455560761789218,-0.008650778755527838,-0.010989536496832769
134.4,-0.021792972956258937,-0.004793117329593651,0.007902286581192448,0.008786139814058033
134.6,-0.008126061413960106,0.0014049313810719246,0.008308522927732537,-0.0023149921301462545
134.8,-0.008926673347224528,0.00040532540704001026,-0.00857016491873218,-0.0033916548006745193
135.0,-0.006245233724114357,0.020474519111130688,0.007250193848470795,-0.0018736583645888646
135.2,0.005115646380434841,0.0016008791354371994,-0.00492811369909762,0.006225526259598375
135.4,0.009538071487368452,0.005844211435569231,0.005112613815862622,0.008513540930880172
135.6,-0.007211167173509037,-0.007574480492707414,0.0004255368301908516,-0.01487725920983623
135.8,-0.015254340582831892,-0.020103714596440683,-0.0017949534544373206,0.011273302659722179
136.0,-0.005209002171145299,0.0020741425153774514,0.012051811083671538,0.00884836550164508
136.2,0.013259973996613285,-0.00540440778431248,-0.015057063550764466,-0.006712521685573816
136.4,0.009468579686273328,0.0018226325994371258,0.00470334131261035,-0.00036134173532037815
136.6,0.0012066181241987774,-0.018324885123771676,-0.003099406845265686,0.008404936854704791
136.8,-0.014199608207593964,-0.007679347915732923,-0.00018525360811770994,-0.0001197228208378101
137.0,-0.0019996973134023396,0.0037561999918012943,-0.00849992620334829,-0.0007683462444986383
137.2,0.009656304837919337,0.0065620026162901265,-0.013371983588923345,-0.010307790556025846
137.4,-0.013570879212914883,0.011678354637688399,-0.002977695285492474,0.0028599732639297062
137.6,-0.004246668288557607,0.01756675785701095,0.002681942151662118,0.007501154822742908
137.8,0.005773821255875358,-0.008681172469571369,0.012091476944662075,-0.0007844635507768025
138.0,0.01122411025715536,0.012810607593685035,0.002268111500980455,-0.009173784128134002
138.2,-0.0047557310049771385,-0.01184142205764624,-0.005054731787532366,0.0042711569837593066
138.4,0.013001369707640641,0.0014975184945941165,-0.018951693226592712,0.006252682133155766
138.6,0.015408095800365241,0.004351145143505828,-0.008227166307849325,-0.016088280587589755
138.8,-0.0006943579004328928,-0.0017658987601155748,-0.00603779177090148,-0.006453301096770843
139.0,0.002426654281720607,-0.008562348122396554,0.007075250666037457,-0.00991668329830879
139.2,0.007603566268172889,-0.014435954420158046,-0.00046021182944749845,0.0012762070787384946
139.4,-0.011783500942172467,0.01544913747682296,-0.00816951619834049,0.006908267578444159
139.6,-0.002952232384924499,-0.013425013304250341,-0.014375001686311346,0.007427004199799518
139.8,0.0001674528987810712,-0.010394801864029147,0.004677428599184637,0.008648513861001721
140.0,-0.0015687905136586803,0.02105111041809078,0.004331781186385993,0.0024693926909337433
140.2,0.010741997939752739,0.006520749911923956,-0.015090988417036903,-0.01401655034599042
140.4,-0.003699192781968705,-0.008479843394218135,0.011328913941225963,-0.00032568413828017113
140.6,-0.00036080347175035214,0.0063716065168078736,0.003121472049776151,0.01209905403738777
140.8,0.009042791038417748,-0.0038046506680742107,0.017412206027210813,-0.011142963345143952
141.0,0.015910486298811855,-0.0065112527968689505,-0.011873071046680242,-0.005979304134283252
141.2,0.014085574893421049,-0.023350553243331736,-0.009789132166086447,-0.004180159434621718
141.4,0.0154787971817378,0.0061312115213631,0.0036705400344841706,0.0008038534170233114
141.6,0.003960869375364728,0.011412573532865622,0.01084457893995304,-0.008473400113107744
141.8,0.005194575342253166,-0.007179765395292092,0.008486558258715754,0.01174875605938113
142.0,0.0026153544593490925,0.0009629228510303263,-0.016161217218319812,-0.00016388461825346477
142.2,-0.001034216185577707,0.010534010948466855,-0.0026102310186572344,0.007645957353609889
142.4,-0.0044122347974917585,0.002254382337338378,0.009974088922261731,-0.02231346502213588
142.6,0.008253521812580414,-0.0008251725528725767,-0.0022033660778899154,-0.01952292134881736
142.8,-0.006195314363656518,-0.009488154330784272,-0.0010570725667830964,-0.010885291712778994
143.0,0.010387398343147811,-0.000652755767903759,0.0035811616697754133,0.006450466923135178
143.2,-0.02987218581620089,0.010441050121586316,0.00802309034513691,0.007851855165870615
143.4,-0.014590208883427413,0.0018089723353311195,0.014863526713094407,0.01301586372159525
143.6,-0.016731157473215772,0.004245915545299121,-0.001495762701428167,8.380188861823103e-05
143.8,0.0035324934076442793,0.005070456426589397,0.0007968795550848239,-0.013154414908304976
144.0,-0.0007087419351207051,-0.009351659234824042,0.0030888137814811902,0.005415618377481941
144.2,-0.011421226036577041,-0.010311255088096613,0.004936898585996829,-0.0057890193649111805
144.4,-0.0007127430792745309,0.008984521635770817,0.006619765592278018,0.010079502303689236
144.6,0.0010540532718280211,0.00790074894851818,-0.005758740518895544,-0.00022641052964010935
144.8,0.011352174710505633,-0.0200717904851672,-0.011969950034818051,-0.008727488636655121
145.0,-0.0016117693774399561,-0.010556402826882992,-0.012555916921689817,-0.007441071356062004
145.2,-0.005458524598499555,-0.005150537192217467,0.005469100099637296,-0.003557954907727375
145.4,0.0018433084049471326,0.002983274609151003,0.002978023766212621,-0.0010892989646490655
145.6,-0.011659524196706864,0.007399470852525712,0.0010306644408995317,-0.0016183708194105857
145.8,0.007890096054155525,0.017650480663310104,-0.005011932077227569,-0.00015167858823250438
146.0,0.004765733818557799,-0.013850424005339375,0.003738920326069555,-0.0023408912416540448
146.2,0.0019302966095033648,-0.004825063014479716,0.0015333806792093292,0.009436292574974267
146.4,-0.02154633162150894,-0.01090200286341828,-0.0037566297031110794,-0.031496626044538435
146.6,-0.011016953172333492,-0.005171777639334746,-0.010196289914459152,0.010266659539110821
146.8,-0.004627898778899276,-0.0007105210523171939,-0.013365356415374756,-0.009950396987137532
147.0,-0.00903502049481201,0.009969946832903604,-0.020889132085112214,-0.009939252673039667
147.2,0.002595786520535106,-0.017699699337280734,-0.014292448172848695,0.006496804950649145
147.4,0.009714890032449778,-0.0021855292811485765,-0.011650169931772003,-0.0060702303599653755
147.6,7.682293216088969e-05,-0.016460533580121717,-0.005947977156990428,3.8505448037814915e-05
147.8,-0.00475371725845771,0.017797432111765914,0.011568361177770414,0.006193611374331998
148.0,0.01090704250243779,-0.00881325874015957,-0.015108183560536295,0.0064620194982964565
148.2,-0.0025535383087843602,-0.010289450766812898,0.0162065990308391,-0.0008811800702395381
148.4,-0.003476939373998725,-0.016872648665441383,0.009048784316846982,0.0232883483268574
148.6,-0.006286446935090041,0.0070741874720022776,0.0029365185379742584,-0.008203388275409111
148.8,-0.00385554983303356,0.008058571943453241,-0.01622569370236089,-0.015481524075565092
149.0,-0.006855740342677795,-0.0008510985975691063,-0.006495058400095431,-0.01332234385089638
149.2,0.0014296491513706249,-0.008576195404318974,0.0048310223719016014,0.0067741341168226854
149.4,-0.010770642556158255,0.0021791582536260148,-0.006163503453726835,0.0026717792498603733
149.6,-0.003736621614489189,0.0011325348303842717,0.002738175413799903,0.014704444273101644
149.8,-0.008410044992869818,-0.003381397206134273,0.011372072611992448,-0.012642054587077711
150.0,-0.006300172380964701,-0.005554228078912283,0.009801260359881004,0.009444478581398333
150.2,0.005438341342971387,-0.006172445661050533,0.00469594068376362,-0.01504710145155153
150.4,0.0009572540303282237,0.006075547338424625,-0.012202303498278883,-0.0027293976225707963
150.6,-0.01061489445636355,-0.009000645296682791,-0.009906756819010964,-0.013334948858483327
150.8,0.003310712703423257,-0.0069639170081695345,-0.014318305674691228,-0.009921609416308541
151.0,0.0007671933596861263,0.013369922474588214,-0.003191716379856338,0.001458016431638379
151.2,0.025126250240598263,-0.0033533369892752127,-0.014040056751706905,-0.0038586625555081648
151.4,-0.0031670963114839856,-0.004169800841014311,-0.008373053070848145,-0.014219097776493014
151.6,0.005403657991688773,0.0030108367187154984,0.006868994467534807,0.002467016761120117
151.8,-0.0058478971583344,0.00358082302374957,0.011965182633494798,-0.000555369420014694
152.0,-0.011553436379974675,-0.01388935306723673,0.003912216629999157,-0.00942563035763438
152.2,-0.005865300773623899,-0.009110357199056516,0.004171918205089724,0.0024717364298646113
152.4,0.0015618364481467379,-0.000491810853254116,-0.0076749809773865975,-0.0025257338544319922
152.6,0.004194313261441332,-0.005543038736277849,0.012635547808728371,-0.001546363151831977
152.8,0.007846672632467237,0.0018925583695015749,-0.006307394017613206,-0.001437207974771873
153.0,-0.004190071535090945,0.004573134003321394,-0.0014609762425724668,0.0123825936423926
153.2,0.0012176936704552355,0.005648983940381187,0.0026828029735253708,-0.006176139891693363
153.4,-0.0017351944414057713,-0.004605572739516588,0.019430331804685452,0.01451685723652747
153.6,0.006533257881503146,-0.022976427965140864,0.006522477418305171,-0.013722291403562964
153.8,-0.003470512129067512,-0.003671932964814495,0.017571671969681953,0.018840322096540074
154.0,0.01926326998530097,0.0004308712705418666,0.01548878554789169,0.0072033262675194635
154.2,0.006282701351786654,-0.015177110400847465,0.00010010505197885951,-0.0004461597446923828
154.4,0.008605432108817944,0.0010510361921543903,0.0027393478346414107,-0.00019454668034109743
154.6,-0.010625091473365251,-0.0024892669181376505,-0.0032687959392267937,-3.863948414859741e-05
154.8,0.006861607976852854,-0.013254979314095318,-0.000775716511804421,-0.0012438182520910798
155.0,-0.0031421359036590477,0.004014513850226452,-0.00792711156741064,0.007510292274868446
155.2,-0.0062396408687807855,-0.005252508178502859,-0.011647574189393904,0.009709158439084896
155.4,0.005168089701930557,0.0055735403041957815,0.010009570331959147,-0.011262266852661016
155.6,-0.0034285993163470745,0.005678886715203154,0.009643483722431113,-0.00621071838507964
155.8,-0.002085950701198538,-0.002137170268372192,0.018996151319637597,-0.006741754878430693
156.0,-0.007734261538093134,0.002371453787251395,-0.004751170008377314,-0.00787925624594305
156.2,-0.001981859246161142,-0.0060447053810967375,0.000790985298977877,-0.0027185257964063895
156.4,-0.0033185440808271155,-0.010361041397812406,-0.010263714251340447,-0.01671974691229786
156.6,0.009724124960921168,-0.00752938266404814,-0.014807357480654584,-0.005081504416129115
156.8,-0.0009306901890289489,-0.01682554830572119,0.004881797964687447,0.004817681365895721
157.0,-0.007020952159572939,0.004152544583325059,0.014868627037012201,-0.0039817972873154505
157.2,-0.0015330666841996965,-0.006587561333981171,-0.004212210710247785,-0.00720311529403904
157.4,-0.005262697012187803,0.0030082991134286687,-0.009810475029539021,-0.010199342435624651
157.6,0.005386514897525607,0.006108183901458949,0.004681901961252178,-0.009444219953343286
157.8,3.4450864431355886e-05,0.006433046225528013,0.003780755918197857,-0.011753772112952166
158.0,-0.0038218534593788232,-0.005292540115794604,0.0025990489535414976,-0.0077122062476798195
158.2,0.003861481800371462,0.01031973830017791,-0.010099074271450804,-0.0013206693231399712
158.4,-0.00014422278022105655,-0.011487450207499009,0.014120195279578354,-2.9161620330471368e-05
158.6,-0.0005714268863095314,-0.0031841031180063766,0.008555844153304138,0.003956012206829371
158.8,0.0027814594083410606,0.006167252629574439,0.005700108375819568,-0.0068749285077748185
159.0,0.01341783844558519,-0.000848988714019038,-0.00610398761781096,-0.006472645118174076
159.2,-0.007778525144562072,0.009134890340565992,-0.008466240598618247,-0.006043643990716046
159.4,0.0012863532153992475,-0.016138767683718563,0.013692675513379826,0.011784370889543531
159.6,0.01085606204447316,-0.0020135906909792816,0.008154121349976362,-0.0012482237029286074
159.8,0.003668662396204701,-0.011849459627954884,0.014664483189831939,-0.0016343708733198466
160.0,0.00592216679239761,0.002814573427114907,0.004801815493422964,0.016950413191207606
160.2,-0.004952297210649992,-0.009703813158841704,-0.0164876916730973,-0.005232411997170959
160.4,0.015512607299465882,0.003666918359089978,0.011368078228600498,-0.006209116509035749
160.6,-0.011719210912931982,-0.00028184987195620584,-0.001602805328210638,0.0028394586461955146
160.8,-0.01541388913557023,0.0014038367257701648,-0.008104571852863307,0.007930329978662453
161.0,-0.017084524739396912,-0.0023391899227508646,-0.0011535125786488593,-0.004325383850490634
161.2,0.008474196824415095,-0.001013801491619409,0.0022494502217317042,0.003610511535655872
161.4,0.010878939613522154,-0.00019538184731532292,-0.007076543834147347,0.007147764850925879
161.6,-0.00224521827433105,0.0041328089553690954,-0.009320395246109206,0.00612547103660694
161.8,-0.010835644893434406,-0.0033520674414416717,-0.008708658652161696,0.002556710737837054
162.0,0.003410988677179628,0.009272833189990086,-0.0030815305945313294,-0.008645058420535713
162.2,-0.00041175126984518425,0.00020729691631135005,0.0026783863164119193,-0.0036606291189562727
162.4,0.0037620088926387987,0.013549021930842406,-0.004403842386917544,-0.015081961986590916
162.6,0.0003305123213449412,-0.0008713775937785138,-0.01250128182055466,-0.0006428390489916781
162.8,-0.010581198853848112,-0.005127186210876603,0.009858895281351645,0.0008083074083309119
163.0,0.005931916327883498,-0.02101835871871528,-0.01695835730369519,-0.008876542973783458
163.2,0.016021164873706677,0.011627477611084716,-0.006582250715062227,0.0014257423702404768
163.4,0.0011031380908686171,-0.01632978062926037,0.000498311489284229,-0.00384708928541269
163.6,0.0003783047721218202,0.011531458724925133,-0.006372255227927975,-0.0018311256179055905
163.8,0.01127834926513175,-0.004233317424303544,-0.004560644545401381,-0.00243330584559366
164.0,0.004310563164508167,0.005408007005193485,0.007760444257544211,0.0109919492881563
164.2,-0.0016320174408863814,-0.0032667399271777073,-8.355970209781653e-05,-0.011308778476690378
164.4,-0.013076039926325477,-0.0006367681970879847,0.0065788815496148345,0.0006019452287379507
164.6,0.015022082490966612,-0.0006383311053966018,0.005767744552561445,-0.0008147325772639055
164.8,0.005365032803546936,0.011257132412752753,0.0004744264660112047,0.0024741777920149976
165.0,-0.001950087701134779,0.0025873629409073813,-0.0017491883291400046,0.005187609449297152
165.2,0.003225155947518601,-0.010004402819065339,0.007824252427324879,0.011926903633774412
165.4,-0.0022961052666151532,0.0021437298944256135,0.0017169565409044648,0.0035166381388349525
165.6,-0.008284307092877363,0.003550758474050451,-0.00240838603128168,-0.00574683322748084
165.8,0.0020521817596370054,0.014805736933519923,-0.0068262105063369785,-0.008386366838350144
166.0,-0.005606660812438755,-0.013205474846968596,0.005018663073870528,-0.00730717012167188
166.2,0.00026202313647585417,-0.01351972255837097,-0.007379086982495813,0.002080278186153343
166.4,0.005131045399347471,0.001654055243909466,0.003107742097519468,-0.0007426861080068165
166.6,-0.010773905370839726,-0.008254290135934617,0.007257030050820491,0.01640182786704593
166.8,0.0019609006267721223,0.007665709469426849,0.002983803134270895,0.001125587189509031
167.0,-0.005008298766875322,-0.0008595657841694455,-0.003195328683722012,-0.000647137591265967
167.2,-0.009431212074220197,-0.002118583318918964,0.00037190920261489114,-0.008310781901163864
167.4,-0.0009432899903111675,-0.0066556147908068035,-0.0006189468850821359,-0.005766464337871248
167.6,-0.0018348431180526877,0.010502824045258716,0.0023427826307728904,-0.01396954333543479
167.8,0.004614349927618232,0.010671084765854438,0.006300970419070071,0.003287669677026766
168.0,0.0032314849037237883,0.005295605112655098,0.014532315929603523,0.01065282738191447
168.2,0.013226235469424119,-0.0036263634344123902,-0.0004375375130009201,-0.002631786876647712
168.4,-0.0062034365758133585,-0.01751699480108836,-0.013973938756564145,0.0016764360315821509
168.6,0.005759330826508135,-0.010066517126840266,0.005777564800770893,-0.010031630431313726
168.8,0.008060033403464078,-0.007612066446249332,0.006910449795707246,-0.0033193157047075508
169.0,0.006591028559152473,0.00036668137270085926,0.006764271495190384,0.005058351067021149
169.2,-0.010743728554767745,-0.0013816914613541578,-0.010052822560901599,0.0006688714511843234
169.4,-0.0013152080433492036,-0.0034011424975601474,-0.0101126232289342,0.004659396892836463
169.6,0.0030848056856947834,-0.00619804578877966,-0.005231184923369612,0.001558478765424666
169.8,-0.001693616418294414,0.00792279500896322,0.008323052911204146,0.0004611940380546695
170.0,0.0018858739217564782,0.0025716970260554212,-0.004889657423753017,0.006311683448104989
170.2,-0.01934936402225832,-0.00594865048993607,0.004567260152304575,-0.0009733936089893045
170.4,0.0015690135327811508,0.005965881042825141,0.005851836551224517,-0.004676901761888906
170.6,0.006560191952011879,-0.009311097999386151,0.010126491742900262,-0.0037420917089894625
170.8,-0.00028604906587749516,0.0005853076073161822,-0.005457506455599626,0.0052286665639840815
171.0,0.019013615314297055,0.010072549530540067,-0.005644586335811307,-0.0016128369159124744
171.2,0.0012847002886732458,-0.00022140377440843574,-0.004554020902369564,0.0007757072428817158
171.4,0.021605241658055583,0.006700093106791081,0.004969990772933113,0.0008507883721706697
171.6,0.002699467484355724,-0.0006858337707033446,0.005494456799339235,-0.0013908280101509786
171.8,0.006415700831825084,-0.0014430670171814777,-0.001785353659754274,-0.005274427368928774
172.0,0.009552960215178001,0.0014521086600031159,-0.0054343834331200816,-0.004428664643820958
172.2,0.0019983428894928975,-0.0039623500254682776,0.007169436205990992,0.0001540183343429419
172.4,-0.0037070813867415256,-0.011572860047086174,-0.0007706251299267435,0.001687518320897588
172.6,0.0005313985399213443,0.004662990189074202,-0.0017407636267218931,-0.012053106452010088
172.8,0.006665350831738239,-0.0002493167184147822,-0.002244285650983183,0.013946888855764542
173.0,-0.008249292398396122,0.010118181688722075,-0.002757979057100908,-0.005448558384843938
173.2,-0.004108806245451866,0.006796209503434472,0.000864944875351057,-0.004828708750022355
173.4,-0.002448525956534345,-0.0066706836036149325,-0.0027248399738643396,0.009088573302701353
173.6,-0.0036034204133266272,0.0008463520609238365,-0.003715192913788325,0.00032760150491697564
173.8,-0.0025833067953997873,-0.00554407765249502,-0.0018478880006416426,0.005815904912940322
174.0,0.0020422964064587177,0.009284622044301824,-0.003670733233647628,0.0035628903838545423
174.2,0.008906886188598752,-0.00026367723890098155,0.0001511437504275209,-0.006767948079152073
174.4,-0.0002858491525645947,-2.902072723026874e-05,0.003302541529036289,-0.0065143675368636725
174.6,0.0018409379600870072,-0.0013006081430758526,0.0020708295473621154,-0.0020865040011798903
174.8,0.009701244739851431,0.0010376098059518115,0.009735052996039727,0.011989799266395323
175.0,-0.002072302829708287,0.008652594486526562,-0.004325601337462508,-0.006033746762217246
175.2,-0.0009088490478479228,-0.006655237408398203,-0.006114208103425935,0.007584412608559046
175.4,0.007373592032214581,-0.005933485559444461,0.0036335025227566694,-0.001088780183794139
175.6,-0.00830146037993839,-0.00645877644507697,0.006095560035876754,-0.0022463917110242767
175.8,0.003997806338766328,0.0004426129770589115,0.002073591479062908,0.004156188417802935
176.0,0.0033347334578217314,-0.003822483353865524,-0.0016449977287581446,-0.010912553509820976
176.2,-0.0013123323777428613,-0.009284962558900323,-0.0034790125601382913,0.0033134119620901563
176.4,-0.005010034116303652,0.00625281836839352,0.006907742052081126,-0.0006864852001218785
176.6,-0.0045927107305452465,0.0017461121350218045,0.004257929656339047,0.006428372180762258
176.8,0.005135989222288521,0.0007005438056478817,0.005849831941608166,0.006300824059450655
177.0,0.0005833551492049101,0.01078864489488743,-0.0014715770620869805,-0.00637931645386199
177.2,0.012575637019769825,-0.005069506774647132,0.005380988179967399,0.0025596979565417712
177.4,-0.00020767601415638275,0.0029295716087477963,0.0024831540671061904,0.00016124304937887028
177.6,0.008122674993493144,-0.0044886006596655545,0.0004691814623124378,-0.008442695982553568
177.8,0.0024629746986354092,0.005031270007652816,-0.006232797391620112,0.007912575966081678
178.0,-0.001694130053144477,0.0043473390407734475,0.001931127048098259,-0.004075439705721981
178.2,-0.0010303123405053381,0.0015232766282835934,0.006832224235206641,0.005333509953903334
178.4,0.0013861554673757785,0.0006901302255858478,-0.002501177476458515,0.0022622373391069
178.6,0.003130924480630301,0.004105209762969767,-0.004246349967150002,0.013163196104284847
178.8,-0.008950944668968744,0.00086086188473849,-0.011122540181931756,0.004276718819699253
179.0,0.0008622096514590494,0.011696187870031722,0.0028769165067352204,-0.005689744544474941
179.2,-0.0017661095303045246,0.003560018232326177,-0.010525550743231776,0.004732044189637597
179.4,-0.010204351830753158,0.006354288248425075,-0.0010539208431868668,-0.0034702605101974483
179.6,-3.4283189289834977e-05,0.0028167148211289197,-0.009456895303108954,-0.0006919969909510449
179.8,0.006155741842089825,0.00049760911756828,0.0044641943772612555,-0.003007422104591146
180.0,0.0019922198379469605,0.003943965719857921,0.006759922827938113,-0.007051636272278754
180.2,0.008866002367047649,-0.01115585681443537,0.0005693180236529023,0.0026681933387898184
180.4,0.0011940308202305217,-0.0065092620756910516,-0.0006902848363768803,-0.005252411603418969
180.6,-0.006326928287322294,-0.005101984362324615,-0.0018073898433903042,0.002669491450631336
180.8,0.004077015232855789,0.0019321334093333961,0.006439285850588475,-0.012345004597687025
181.0,0.012256864136008959,-0.011480425762938897,0.003306411768740292,-0.004773873910078704
181.2,-0.0100199403059944,-0.005821455012459482,-0.0012847855004616139,0.0022793519089496853
181.4,-0.005662676134074098,-0.006289612691280397,0.001213683521100953,0.011998796634606977
181.6,-0.004243138485778048,0.006275848587626638,-0.007025975800360774,0.0030518439735773444
181.8,-0.0074014639072369935,-0.0016293211330162295,0.002033090570447899,0.005278833507451532
182.0,-0.011815087385084648,-0.001799972762137978,-0.001776753395782791,-0.004367420709362415
182.2,-0.008011066159234666,0.0039923951954492784,0.01180153914557247,0.0021922782185905573
182.4,0.0037748680693021155,0.00577237991588456,0.006247212015438184,-0.002181803975977751
182.6,-0.004182218552633323,0.002386672598683885,0.0025564858337613124,0.002223886472645822
182.8,-0.012719578979880969,-0.006267593128480277,-0.004185335257833164,0.00044627771327441595
183.0,-0.0076485596679770505,0.0019556174016471246,-0.0034501932500472787,0.00045530155052993124
183.2,0.0056010286553793516,-0.006009237904743697,0.0034141457818728685,0.014201469201178284
183.4,0.002481631970089611,-0.008605656176629603,0.001773058890465088,-0.00020030616267315061
183.6,0.0008142224958933769,-0.003229048533767638,0.0018645304606649234,-0.0003290146560596966
183.8,0.00012096809443978638,-0.005222646119713801,-0.0060742557193393595,-0.0028918836728019574
184.0,-0.0023248740348825125,0.0021903750638987028,0.002919624612567722,-0.0006045217160222917
184.2,-0.006000743979832535,-0.009773137281516646,-0.0012800636234470118,0.0017289092255101835
184.4,-0.00857494764933526,-0.0031911568361349917,-0.00905196622531288,0.002290977727413644
184.6,-0.0014681276322854617,-0.004446454178645189,0.0064064518971303245,0.008781886682485671
184.8,0.00387254947611656,0.002969232846432366,-0.0023034358943124235,-0.001971515902363014
185.0,-0.006426241193261183,-0.006122600098967114,0.0017780909812404623,-0.003592390527041259
185.2,-0.007245859438875381,0.0009113618976565281,-0.0009403196174536359,0.0011591426180399859
185.4,0.004653034989985777,0.0018963583120737242,-0.010749676960326462,-0.0035254564108478745
185.6,0.0003084672031690878,-0.0030492776831183444,-0.004821502485180565,0.001614080228008865
185.8,-0.0027770678886057127,0.00011571502454800356,0.0014521558183778177,-0.00230888040050643
186.0,0.002489917874526777,0.0085673891517267,-0.0037637861042861044,0.0004413681000272472
186.2,0.001018971692380244,0.0024787748704868094,0.002861623593743859,0.003973481736923585
186.4,0.0038720586808424426,-0.0017074430240365292,0.005517779255218249,-0.0024449758759045696
186.6,0.0063742459354285755,-0.0016893686520198733,0.006473290072002219,0.006534099186162883
186.8,-0.005372109566697667,0.0009446194490671839,-0.0006778582102725943,-0.004997186041986151
187.0,0.0034663924936645277,-0.0029948854027652978,-0.002501950550270407,0.0007338428823084466
187.2,-0.0013774891207899577,0.004982302255912803,-0.002842759095825652,-0.004937674137284025
187.4,-0.0032275142793657466,-0.0017985724521433237,0.006145352488074306,0.003496480249712407
187.6,0.003022311298488583,-0.004127560944119327,0.001975615857592381,0.0001713773026368634
187.8,-0.008324084793974111,-0.005964799022648214,-0.003107773858526408,0.002082624555434579
188.0,0.0007027247491087453,-0.0013538321362131817,-0.003803923080258962,0.005753623813149676
188.2,-0.0003191444001344119,-0.005475714795138476,0.004379856009696721,0.0029634847478033546
188.4,0.0050798411479545105,-0.003048177392356194,0.0011557599439430165,-0.004534710572600614
188.6,-0.003245916264126588,-0.0022209723275613377,0.001806960156072986,0.004118983749155949
188.8,-0.00022190961282620605,-0.0021882025464035246,0.0021655819414081756,0.0016993404137520616
189.0,0.0035137697780903733,0.002966033724769602,0.002921523313357469,0.002233430279703252
189.2,0.0016447304860989968,0.006008686062811526,0.002001237874113227,0.005277804363342925
189.4,0.0004734414510774998,0.00794374274722547,0.004247607916023767,0.0021142157390245703
189.6,0.0036275177912941984,0.00016940789301229977,-0.002532804354638719,-0.0004026167285538485
189.8,0.0024485922836007166,0.001125550673264756,0.00601390940953696,-0.0028586541800964885
190.0,-0.006803733578135023,-0.004060197349391596,-0.0027999399301771844,0.00020457532173923595
190.2,-0.004791090727169898,0.00022526902225721043,-0.0010852364759750103,-0.002957708834203544
190.4,-0.0048335074595702585,-0.0031051006164514636,-0.0007981643063049888,0.0027315993910221894
190.6,-0.0003605493286310821,0.005415464613752043,-0.004813947327693868,0.005700733429406042
190.8,-0.0035261100896385733,-0.0033959244838140056,-0.003967926081066363,0.0030920868333295017
191.0,-0.007298712035013173,0.0033960719698114066,-0.0014390507428430875,-0.005427878069710947
191.2,0.003045143141591941,5.1552551023598125e-05,0.001749777486068882,-0.0015306173595938625
191.4,0.003938537287867414,0.003538540500387231,-0.007020946496326896,-0.0001951562274507425
191.6,-0.007835792969580391,0.004321236700394241,0.0029492400628690074,-0.002802241681443754
191.8,-0.0008962822599616558,0.0007107691283532512,0.0010477067018367567,-0.0027261687097390286
192.0,-0.0005320965373644443,0.00040464200070074234,0.004451452257291475,0.0027823381395316905
192.2,-0.0015883802846822406,0.002755248478637852,-0.0018914299312009243,-0.0035299632932503516
192.4,0.0008319151980483106,0.0024027547952834632,-0.002570911154929218,0.0001799897385245224
192.6,-0.0031545705707144316,-0.002570933522233024,0.0015059691391129872,0.0005235975677363973
192.8,0.005057136342621323,-0.0027964323110374755,0.001545474521910645,0.003570353377961438
193.0,0.0014398922478470273,0.0032750837229414565,0.0021955404857647146,-0.004154971917044815
193.2,-0.0017180579413387986,0.0004452390644200294,0.0005679598923763384,0.00370841141794019
193.4,-0.0021798987361720938,0.0021379148593835585,0.0020024687681307446,-0.002195624426482102
193.6,-0.003833925291614097,0.00038938066876232556,-0.002986147584893406,0.0030136476483761166
193.8,-0.001172809172135111,8.120443725832324e-05,-0.005095207559694165,0.0013345118486699215
194.0,-0.0008778746500302305,0.0029368532665992007,0.0039007510465609435,0.001083598210117669
194.2,0.00153669373309035,0.0008111884471154459,0.004388765050171784,-0.00015290263862691904
194.4,-0.00252485200744614,0.0018545364652873396,0.001576786331024522,-0.0026407269069606797
194.6,0.003069392993521354,0.0027702846708545395,-0.0005842342720742367,0.003613592229284207
194.8,0.0027591245635570174,0.0026064091210641752,-0.00031827107142652026,0.0011359348750212413
195.0,0.0015059859751298495,0.0010520413536922047,0.00231832780107713,0.0031804287779567063
195.2,-0.004831160190692638,-0.0010689826928576998,-0.0006445730634836595,-0.0008047412725726804
195.4,0.0025788091649459363,-0.0005433058919833211,-0.004622361087189056,0.0006633698787759036
195.6,-0.0014838451872335515,-0.0006805722607187478,0.00018904876023438915,0.00039668016703596097
195.8,0.0029903271435191454,-0.002683196189949647,-0.0021433626896312894,0.0019398512250036063
196.0,-0.0016155793780489559,-0.0038597617802858656,-0.001086011225970466,-0.00030330487677208783
196.2,-0.0029476323100943633,-0.002183600418967034,-0.002071514732356442,0.0014521317853939512
196.4,-0.0019432010534213735,-0.001008629196222237,0.0008648052216854172,-0.002457504266695488
196.6,-0.0036903749546424555,0.00040374110579012877,0.0009459081806775255,-0.0009929702887719405
196.8,-0.0007632931748831178,-0.0007150810091620063,0.0018758992786386132,-0.0001772445617513049
197.0,0.0019319484699900139,0.0014544889096056422,-0.00042482155837843955,0.00326018686036147
197.2,-0.00018684327104279076,0.00044389917936082604,7.392862877379173e-05,-0.002485598253651119
197.4,0.001167882295635428,-0.0003831133437478689,-0.0012197047887672924,0.00027291897497372315
197.6,-0.001357526812334721,-0.0003373275901448105,-0.001218688058070011,-0.004069334254892023
197.8,0.0015314681261606612,-8.795839149643995e-05,-0.00015269990678525936,-3.641543224663259e-05
198.0,-0.0006995575081704111,-0.00018242058367294893,-0.00024023784863664582,-0.002647606601577488
198.2,0.0005168947989245685,-0.0006168169727360977,-2.2639458820921402e-05,0.002991507383969267
198.4,-0.0004737287878085069,0.00011978876884077123,-0.0009455720116374141,-0.0009420091842772035
198.6,0.00082361357480579,-0.0005494029935293445,0.00029308111767786083,0.0012059340149391498
198.8,0.0012860287369698155,-0.0005607088769529773,0.001540482856689949,-0.0008620695262891084
199.0,0.0007568591546895743,0.0001972194751441446,-0.0011322669533549716,-0.0003309865794519867
199.2,-0.0006087863838322177,-0.00015608687279305647,0.001676121735804876,0.0007842023187532199
199.4,-0.00016387069179972977,0.0002049635673103499,-0.0008491827667468909,3.2637971296831186e-05
199.6,-0.00041437536300371886,0.00020822576101616052,0.0013885663125130577,0.00038622163749652206
199.8,0.0002515761727132708,0.00016865252074026694,-0.0006050983047150303,-0.0005885214775557175
