time_ps,kappa_FT - 600K,kappa_FT - Multi-T,kappa_Foundation,kappa_Scratch
0.0,0.0,0.0,0.0,0.0
0.2,0.06778059500457705,0.06725603127902163,0.08435866276842123,0.06450695935216195
0.4,0.0653456269749994,0.06357035841488293,0.08338148675776491,0.060453568906508645
0.6,0.06499850792981632,0.059461574926479285,0.07865591531472416,0.05912362187509837
0.8,0.06556631886705443,0.05582386267538592,0.074642437633842,0.05921616899003131
1.0,0.0649055263211572,0.0565145505010129,0.07272008818044999,0.05897162898736265
1.2,0.06487582934661901,0.056557158387947164,0.06995963498331394,0.05867874627442904
1.4,0.06469473064510387,0.05433584583927688,0.06608546016527224,0.059373572825292695
1.6,0.06536785071062923,0.05338159032425263,0.06471090091642326,0.06101400260746559
1.8,0.0678373998256924,0.050909378054759556,0.06344161565982971,0.062408946030549715
2.0,0.06706602985982728,0.051563324315865196,0.06209868330885653,0.060164197289518224
2.2,0.06497481727664776,0.05434933194766157,0.059738723992283436,0.05625200545500124
2.4,0.06482597165954869,0.05447234157707524,0.05822622292700808,0.051954767070302464
2.6,0.06302926763223682,0.05425947588043658,0.059958297900559024,0.04979224319451833
2.8,0.0633109387854391,0.054062071433530416,0.0633411795728264,0.04765864019022276
3.0,0.06477979878900259,0.05387981933453222,0.06389328199009284,0.04589875616673788
3.2,0.06741676230463084,0.05424317642444501,0.059661321961567315,0.04437272065860509
3.4,0.0713409605598034,0.05526863475881128,0.0547066696894216,0.04600640619264598
3.6,0.07370210294922634,0.05644943878267485,0.054615159907400145,0.046125001386121064
3.8,0.07485723256240995,0.05658161519294858,0.0589772350588493,0.04334525899799295
4.0,0.07433935817075939,0.05901727281126459,0.0606945141224212,0.04553738298792457
4.2,0.07401311871822647,0.06258211450405497,0.06034601475851021,0.04608525529105045
4.4,0.07195969331118965,0.06392638456958015,0.060565875223487796,0.04584710267795446
4.6,0.07034166572418975,0.06372500750428095,0.05779781836165602,0.047252117345913974
4.8,0.07188555283532991,0.062141660958422655,0.05306201799419323,0.048922817422587146
5.0,0.0741472566475383,0.06215062877396885,0.05150368431607301,0.05143328276102394
5.2,0.07270349174426037,0.0628293032015992,0.051059239127363897,0.053743494219834036
5.4,0.06895249565957066,0.06094020978524393,0.04930022120350016,0.05605020225312034
5.6,0.06690077454444505,0.05934951616940345,0.04731220870963666,0.056690712226626416
5.8,0.06471918748451885,0.05800476407761244,0.04776844202468963,0.05525110963109699
6.0,0.06247080344777944,0.05506739307898024,0.050332102284114735,0.05660138699876597
6.2,0.05925117272468249,0.05456702686246418,0.049541417531059374,0.06002592453941838
6.4,0.05899998640820995,0.05506119920036384,0.04602410868472421,0.06219837732835172
6.6,0.061096952129434626,0.054740616998138446,0.04463636413766422,0.06368913377553563
6.8,0.06341381219347267,0.055308831331222004,0.044490564605207644,0.06527233914108825
7.0,0.06604603637154412,0.0559596127981232,0.044133289670679136,0.06551962006501463
7.2,0.06729412234632275,0.05814926516397195,0.04455177288133608,0.06469139242186582
7.4,0.07076135971321047,0.061501556024277315,0.04466785866336112,0.06321205582593499
7.6,0.07328622534653982,0.06360852311519233,0.04351797855779522,0.06191389508497966
7.8,0.07097097293693017,0.06405995861176923,0.04475541702112973,0.06322728691042084
8.0,0.06967074361885417,0.06394052278218847,0.04878659269434604,0.06492452959752253
8.2,0.0692241360816515,0.06466160355499319,0.04877943056838313,0.06614027858892443
8.4,0.0693209314121653,0.06499270418197346,0.04579758888889883,0.06780395211306495
8.6,0.072130173868147,0.06414146340882003,0.042913796739907764,0.06663683268299013
8.8,0.07517953603414528,0.06444785129728842,0.03943770322503493,0.06286378797982115
9.0,0.077562906309005,0.06381784587094516,0.036213740620766516,0.060843945909489654
9.2,0.07833098636296898,0.06311190352221287,0.03230805293886313,0.058394881503632895
9.4,0.07785255103308782,0.06551596662516856,0.02916695853728269,0.05728937811441518
9.6,0.07725958330089282,0.0668557638151619,0.02979788068831027,0.0569980566016991
9.8,0.07555596232761982,0.06560683559129149,0.031708023163925875,0.05447254473616615
10.0,0.07296244715528166,0.06099424575730618,0.03135276774389911,0.05452068934287437
10.2,0.07170501038188178,0.05900131307107198,0.03446669684841823,0.0571243138161462
10.4,0.07071510030586123,0.061954252732037925,0.037095388019392946,0.058435225324658176
10.6,0.0684347875556987,0.06283612281976574,0.03429582088117853,0.05762975625085741
10.8,0.06544071792359779,0.062143397174445794,0.03146594233225603,0.05656295395903051
11.0,0.06401166950316999,0.06115331424995472,0.0328205167244243,0.05717191252179978
11.2,0.06297759855892127,0.06150835034541381,0.03564525091792674,0.05887331728879381
11.4,0.06427600155685373,0.06470689903210504,0.03554285201614219,0.059868475241432295
11.6,0.06697058906452835,0.06702248215378469,0.03465371716922978,0.06220937775546962
11.8,0.06929142381184027,0.0664279778134696,0.034786679573022665,0.06368813803562937
12.0,0.07306628416137527,0.06643791952584567,0.03700607661449343,0.06406653026207537
12.2,0.07372744774638282,0.06711803815413923,0.03887436660645875,0.06674067746320814
12.4,0.07157065613817255,0.06726474799289354,0.03706461033789651,0.06984583187595936
12.6,0.0697865952346612,0.06716996311210864,0.03429659323482487,0.07038632903993647
12.8,0.06787196855332839,0.0665721876879272,0.03511451011094467,0.06891756599007168
13.0,0.06743341541334309,0.06623691282533195,0.035991172124300065,0.0675718190790186
13.2,0.06657266104460445,0.06621150103337099,0.03482427836432146,0.06757617822719465
13.4,0.06391307384749555,0.06602297680881841,0.03341879897977594,0.06901424338124963
13.6,0.0624335410974947,0.06565265369338621,0.031195096672315594,0.06904557213443023
13.8,0.06317755461040882,0.06590207331595738,0.028401440045056958,0.06850397368829912
14.0,0.06473258993154045,0.06753536974641429,0.028576971228986146,0.06929293190996598
14.2,0.06335950576099765,0.0673264129005629,0.030525002174724848,0.06869430453263116
14.4,0.06113733229683645,0.06721604234593143,0.03142081807461385,0.06563586383762705
14.6,0.06183971346074839,0.06999448754441394,0.031735060457305064,0.06292939208140588
14.8,0.06264916407312329,0.07028544949586436,0.03228723849270874,0.061626424205336205
15.0,0.06255460441727648,0.0710925868299046,0.03538710317017292,0.058968177361049014
15.2,0.06323936206313908,0.07060741421757462,0.03818978459054876,0.055375617218262764
15.4,0.06344464062210257,0.07176811689449178,0.03947327632646918,0.05674502029329697
15.6,0.0665036559335233,0.07464676668085037,0.03970465093917507,0.06000657432513542
15.8,0.06911861101851347,0.07346128517319345,0.03658064296615295,0.06058629723444806
16.0,0.06886308459812655,0.07376038782312701,0.03532343377411662,0.05949034816787237
16.2,0.06727302174079595,0.07451378484182966,0.03751213398460382,0.05816604139061915
16.4,0.06345632944663707,0.07315728842003676,0.03981559077679028,0.05755897887478667
16.6,0.060943784244626625,0.07248198268266676,0.04159434623828642,0.057142496633934864
16.8,0.059057462486536504,0.06965472764236166,0.041016890156955296,0.05637861179891115
17.0,0.05754781092585867,0.06434371423622713,0.038893331086064374,0.056337863057128124
17.2,0.05701240289366215,0.06277245748288855,0.03789238879765861,0.056776619095494245
17.4,0.05705084889300737,0.06213944818022493,0.03574217969437899,0.05913537760858031
17.6,0.05932265269141905,0.06481269329473414,0.03357015650100722,0.060954645164944726
17.8,0.062299874885807315,0.06983906444994661,0.03464606657323811,0.059760321174636075
18.0,0.06251621808266591,0.07182997113231655,0.03582096472513714,0.05889450603821627
18.2,0.061789432912604705,0.07347468099139193,0.036345158013455815,0.05896866610097377
18.4,0.06351534337862744,0.07517033305395426,0.03660860902447251,0.0606463040301573
18.6,0.06783016019508192,0.07506098034222732,0.03524130392563365,0.06338946489453998
18.8,0.07241863537299513,0.07197647160035513,0.035172971380552455,0.0643847718734383
19.0,0.07473215107824727,0.0703360006738832,0.04053382187054532,0.06257607097248542
19.2,0.07393775189069972,0.07040239719066685,0.04570151792355876,0.06321199842759546
19.4,0.07057239654946851,0.07025586892574315,0.04494837420376896,0.0643447680896408
19.6,0.06665266203236615,0.07097911819768854,0.04386671432430122,0.0655793311499322
19.8,0.06507139298124437,0.06964583971324471,0.04077695833721763,0.06674412283150083
20.0,0.06587109119798047,0.06943982683099989,0.03727431765978868,0.06526538640431889
20.2,0.06836715824174674,0.07123406124485775,0.034979848639629656,0.06264507229108425
20.4,0.06959974716369495,0.07110349578200019,0.0326103840493887,0.06060075093591536
20.6,0.06913642908526446,0.06961063500971358,0.033253759856942205,0.06090827207129633
20.8,0.06839109013567304,0.06740805619239523,0.03556726323336302,0.06236154433414116
21.0,0.06933323776603119,0.0675578177091804,0.036922755665498824,0.06413628635950416
21.2,0.07138526599113529,0.06836102402206366,0.03603094876819763,0.06437764117223338
21.4,0.07220821600870363,0.06685405908778125,0.03682412629296293,0.06430593172702377
21.6,0.07402987681588881,0.06805928192441317,0.039086330215177364,0.06621938612030415
21.8,0.07454205549103296,0.06951665485528505,0.04216569954673247,0.06883666409499391
22.0,0.07340396115520594,0.06970369624141835,0.04469640392119722,0.06882340996328237
22.2,0.07248988299301116,0.07253628282300992,0.04609473926286538,0.06853201072771302
22.4,0.07381196863894128,0.07474286633120591,0.049890278352101136,0.06727555158978274
22.6,0.07583749325177672,0.07550132281273784,0.05309360113267554,0.06656211082066113
22.8,0.07733110448903972,0.07807225583638225,0.05364694940220837,0.06628654322580223
23.0,0.0790357400389769,0.07992255011290574,0.05337038172731192,0.06465545042650088
23.2,0.07792596619195348,0.07844514996935016,0.0514269236457901,0.064565945557657
23.4,0.07752338461937919,0.07571424062178461,0.05249043786164889,0.065372478292621
23.6,0.07849926324733912,0.07548951659300106,0.054529164469372254,0.06588189662390838
23.8,0.07680020962214495,0.07566682055243054,0.05488131953231583,0.06370846538703792
24.0,0.07393303322916353,0.0759651490761842,0.0529539280947267,0.06268746086848802
24.2,0.0727945666062066,0.07931025306732026,0.04820055491505884,0.06189396665007836
24.4,0.07059136392109021,0.08220604636743012,0.04813007118591224,0.06033382809935259
24.6,0.06705756441775876,0.08240746063315746,0.049766775768222915,0.06085965601032131
24.8,0.0654445768653114,0.08125100170002078,0.05051980520993674,0.06091481737161886
25.0,0.06627946988931124,0.0811753282898308,0.05354495622562501,0.060629618611037245
25.2,0.06741928729244992,0.08163342477774042,0.05496631367750681,0.060539975781430985
25.4,0.06670931502263773,0.08074104824545304,0.054428348129087416,0.05846058901478143
25.6,0.06579640372019098,0.07913418368041872,0.056303349585256075,0.05751032471430683
25.8,0.06620817915878494,0.07729094224179667,0.056963622166932466,0.05913629999187624
26.0,0.06927820065082081,0.0774469722900667,0.05460398351339961,0.0607120484257397
26.2,0.07112643800812775,0.07782168018264737,0.05608087358786599,0.059280325903812756
26.4,0.06854763942387013,0.07806543405973561,0.05949183712637246,0.05465972373909038
26.6,0.0666732985303856,0.07872651033025141,0.06038368709596275,0.05361055139863621
26.8,0.06585838317656352,0.07761965246310006,0.06079471487696103,0.053474819673870855
27.0,0.065609685103725,0.07762213260458004,0.060256305742340886,0.05293393455483198
27.2,0.06664740143751087,0.07727258265943313,0.058625906428119975,0.05421134194248825
27.4,0.06700075378095205,0.07765945827102042,0.058706107233086176,0.05450689519352903
27.6,0.06816850271429899,0.0783852340662722,0.06059596519049858,0.05443004644903348
27.8,0.06671752336174994,0.07748189656416858,0.059724176197841636,0.0550570843549036
28.0,0.06413795308455883,0.07582671787784953,0.05621895840074352,0.05504562967246104
28.2,0.0637839524739927,0.07397335015337536,0.057129516126847184,0.054382114786925666
28.4,0.061211438500911985,0.07320832533895448,0.06183851440173112,0.054376519623888654
28.6,0.05860899680744062,0.0715757965351127,0.06291629955851491,0.054408055278324666
28.8,0.05808364069095147,0.06911108335805974,0.0641589087445109,0.053791469433761105
29.0,0.05714788469059333,0.06825441708941732,0.06625969669280096,0.05219259318162937
29.2,0.05665934920481547,0.06878626467013152,0.06472149365200162,0.05117580205190431
29.4,0.05739997557396299,0.06921788577439358,0.06435954608077477,0.051372894354218844
29.6,0.06108788757546451,0.06923588637943297,0.06112303058164975,0.053930260368802115
29.8,0.06487210304240922,0.06746399693397472,0.057021158371785244,0.053823490741456786
30.0,0.06593641761390853,0.06545847272731914,0.0564143136370683,0.05129560613621259
30.2,0.06886420442147824,0.06356894683062815,0.05424687096721351,0.050421721542434315
30.4,0.07130634703952396,0.061674469040945576,0.05404783232802874,0.05048684754823451
30.6,0.07250211209696482,0.060573021636398015,0.05471309389733314,0.050182177492515405
30.8,0.07530466859099558,0.06023540933076671,0.054853584388012834,0.04928201310780979
31.0,0.0749248088549617,0.05903266402846022,0.053431348238944874,0.050829024481026025
31.2,0.07205487992755655,0.056095913465084975,0.05061650905409272,0.053326338886467824
31.4,0.0715385277086973,0.053748014980098985,0.05037862687775736,0.0518174694874489
31.6,0.07150203640726437,0.05416276914413056,0.053241057738426155,0.05071541365624089
31.8,0.07054565943197878,0.053087500897214965,0.0540021431486293,0.051132367386445284
32.0,0.07264952889959445,0.05136940701671527,0.04942359927269513,0.05042805473696126
32.2,0.07466712984872759,0.053262397531689376,0.047258366761472374,0.049506372725624186
32.4,0.0754165275936905,0.05396280019351025,0.049259427969752974,0.04803413942833029
32.6,0.07567890461474426,0.05313932554456497,0.05137724828952431,0.04623809577353747
32.8,0.07508867524520936,0.051945165954292896,0.05170020832986601,0.04543719032507414
33.0,0.07740304824190175,0.052047679209273556,0.05096607017338998,0.04634298960637342
33.2,0.07801649833131753,0.05332441350445515,0.05131667900794266,0.04827634620499702
33.4,0.07850753951835235,0.053315359221901004,0.05090934238934385,0.049300429658093815
33.6,0.08012808489301089,0.055215665709466115,0.04823799009023902,0.04876918437290085
33.8,0.08013531875181733,0.05680635428791299,0.04556117600396637,0.04835873365925949
34.0,0.08060199160165257,0.05548688960699651,0.04500053879241677,0.0478774857470353
34.2,0.08208404887131036,0.05596592599240149,0.0463614135813892,0.048434413492979264
34.4,0.08400102533309899,0.05456996050308086,0.048053592889238085,0.04797213409271178
34.6,0.08598561738695552,0.05403195707693404,0.04843809234472064,0.04596720064291098
34.8,0.08821917124139003,0.05656163262454681,0.0486338564580183,0.04442636775289714
35.0,0.08892320395991839,0.05690810318622998,0.04911445485458397,0.046610667974534704
35.2,0.08727103131063518,0.057288976932769846,0.04880313849770706,0.04916122497326164
35.4,0.08746254215270373,0.05824576598932446,0.04874543425316109,0.049492521843286626
35.6,0.09087936169982086,0.05949429837679246,0.047953441090748734,0.049092752809644924
35.8,0.09152435327693803,0.060156570867055996,0.04731887439087109,0.04818305855876279
36.0,0.09047453876172447,0.05971636706252324,0.04517943096116876,0.047285535305248906
36.2,0.09112218484972259,0.06044399304884147,0.040590932293330786,0.04884489801816957
36.4,0.09044317994704124,0.06219702533385042,0.039152749746716065,0.05146305518794771
36.6,0.08887836507322408,0.061896389524617734,0.037804806254789644,0.050721744139442394
36.8,0.08888326742235193,0.06184448968941208,0.037088159596026356,0.05060082354907999
37.0,0.09202960428755055,0.0644699969588226,0.03868606915883558,0.055209775889971134
37.2,0.095316254718964,0.0652845768354094,0.04089987582058237,0.05922600033712268
37.4,0.09791647609477656,0.06156121652117333,0.04114239423847082,0.059067065146536334
37.6,0.10167019619905536,0.06025287684699877,0.0385112231790883,0.05681836966271025
37.8,0.10520754226918227,0.06235136459630344,0.03785324492613073,0.05282424266198267
38.0,0.1087546487828265,0.06217311443406361,0.0376063765443258,0.051195966401556756
38.2,0.10984361648529063,0.06195185845089601,0.03797752967907056,0.05150460521660756
38.4,0.1101844619240544,0.06178611303724722,0.03840688289105337,0.05025365564997298
38.6,0.11132799782494184,0.06105255136492073,0.037115772013692816,0.049347605069595415
38.8,0.1114126421906574,0.061008923836800615,0.032737663752054225,0.049952264577003726
39.0,0.1123720369222933,0.061662603359347985,0.02941760826067732,0.04990450931080561
39.2,0.11319948089409673,0.06077150248763181,0.029451090449230777,0.048724815222782096
39.4,0.11275968719201429,0.05799769702315846,0.02727667721694116,0.04852051702484365
39.6,0.11220169496316401,0.05630120095521429,0.026305639917629173,0.050414250374945783
39.8,0.11261367747827292,0.05754769886583086,0.026948555640431165,0.05165030924197677
40.0,0.11364114663044428,0.061102010235082924,0.02731986124262966,0.05093135799639464
40.2,0.11301875681066542,0.061874307395866024,0.026412179676611927,0.05019453940963046
40.4,0.11002084259333174,0.06097000322908958,0.026990854132979854,0.05058167184292478
40.6,0.10954762901210492,0.05879604764117314,0.03109166763076416,0.05010008271404149
40.8,0.1099156814913002,0.05624868767902633,0.034879346008686425,0.05021496494331177
41.0,0.1109111290691468,0.05746072235170245,0.03447695639422071,0.05122155773384426
41.2,0.11386873499112733,0.05776846608429592,0.03328686931289493,0.05170544022708804
41.4,0.11389945740225743,0.056541519771810635,0.03388116349661754,0.05164485878735283
41.6,0.1131785703303235,0.05660107367350241,0.0345716665632988,0.04933757206315568
41.8,0.11348308896561478,0.05581323892539712,0.03584326568766884,0.04847209958924289
42.0,0.11319984443781916,0.053732639771672086,0.032013988040970984,0.04656313039668326
42.2,0.11245473627806717,0.0535189489905324,0.027150001680511078,0.045514247477620035
42.4,0.11384822556925298,0.05372105680905223,0.026964230307160292,0.04565723025164134
42.6,0.11343269602146645,0.053050470388357265,0.029184337871430696,0.044455179779687694
42.8,0.11053078315084061,0.05301815420144393,0.03392105545614004,0.04243474596336491
43.0,0.10696566250220339,0.05228561105177701,0.03722950345367356,0.04166675749375335
43.2,0.10461212131338418,0.0503727316874341,0.03703526571933181,0.04230318467096538
43.4,0.1057961950702849,0.04874640897577867,0.03806799662476924,0.043381047715107916
43.6,0.10708251774177699,0.05028359563782718,0.03832998215197113,0.04521352479837281
43.8,0.10912556233499633,0.05093693367664312,0.03570520683087223,0.04390014774164793
44.0,0.11155162810189158,0.04808874351659396,0.034946319128160215,0.041555501834613824
44.2,0.11089456486623675,0.04336735720436293,0.03806078574055422,0.042871165799747986
44.4,0.10914527435774524,0.04146813787291588,0.040759331665705445,0.04329583394721783
44.6,0.1091846205917115,0.04435853313369244,0.04020154034839457,0.040684972556034156
44.8,0.10910924242149796,0.04589504628435319,0.041361964910916024,0.0412216078329226
45.0,0.10733283797721267,0.04546462587389402,0.04178500711862687,0.040963494094073946
45.2,0.10476585063286453,0.045495011657257604,0.03889344851801407,0.041313209651419054
45.4,0.10221153092209738,0.04836286120024361,0.03822340830653217,0.04192487359550039
45.6,0.1013839556848018,0.05152875990162566,0.038096236630356016,0.04046644611029453
45.8,0.10056765452707457,0.0525601843640332,0.03724478398750551,0.03926867917627201
46.0,0.09770386221256169,0.05174138559800702,0.0362044591205048,0.0377709746275571
46.2,0.09544302309881449,0.05224956337312735,0.033833295973029726,0.036616796865775535
46.4,0.0929714378790041,0.05220235933042066,0.03219438876296736,0.03545199116366022
46.6,0.0920138219192431,0.04972555056567681,0.034989482280437745,0.03385847758510324
46.8,0.09257934168241282,0.04844124691325297,0.03539222435483886,0.034790876282794696
47.0,0.09258898471276741,0.04970383285897605,0.03375222929645113,0.03961955173289031
47.2,0.09389271978879184,0.05274007606488637,0.03423289128993095,0.04100836992806421
47.4,0.0966478441146051,0.05427833327074079,0.035895669271950245,0.039338737246860704
47.6,0.09847780874692762,0.05475500983782589,0.03950990633102677,0.039247465457336386
47.8,0.09933472400988755,0.05296743360167554,0.04233137191422457,0.03908172248628318
48.0,0.10079924183086196,0.05094696773184605,0.04288289553632723,0.03760088177581242
48.2,0.10006446731643083,0.050916444249239634,0.042697610946299154,0.03618215349198307
48.4,0.10089510525745422,0.051853570269540475,0.04220763907619539,0.03695170954721095
48.6,0.10142913550208697,0.052890532246529516,0.041159892831802554,0.03915577509663647
48.8,0.0985102312575397,0.05147938774568735,0.039279189385533174,0.04107638815990044
49.0,0.09809433145851391,0.04988625792475844,0.03797634200696529,0.041098079686599856
49.2,0.09899114365935675,0.050702171318951376,0.04002082939138804,0.03928821145418795
49.4,0.09722467767735572,0.04926134178060184,0.041536933063050945,0.04008471952234786
49.6,0.0967556806876276,0.04766845960093835,0.041920309824676524,0.042325844536946954
49.8,0.09612512406180011,0.04751539827449092,0.04285117628045357,0.04007824500549196
50.0,0.0940168563373907,0.04629587046059112,0.04411593939995111,0.037098371653192984
50.2,0.09401833596122394,0.046406383039716934,0.04347267898648846,0.03683126273272594
50.4,0.09417411892458184,0.045327301498567486,0.04200411328859282,0.036489023642123954
50.6,0.09380861554659418,0.0433530783585399,0.043894145620281204,0.03444380510967557
50.8,0.09334195514361504,0.04394522249490728,0.04600403942514186,0.034822495891019774
51.0,0.09419295230130798,0.04541379168223109,0.04258401531018228,0.036028692616612464
51.2,0.0955997837360583,0.046292350770883534,0.0384340494673646,0.03585276208164134
51.4,0.09430708721145764,0.046778784228575954,0.0380188253597696,0.03477434210053013
51.6,0.09160580107188505,0.04305677686943948,0.0381915788701911,0.03379286111965854
51.8,0.08878735197195813,0.04047087939573668,0.036398906605950326,0.03700266538193155
52.0,0.08751794975950286,0.041060545545452395,0.03413363167767508,0.03907008898612615
52.2,0.08799048185729307,0.03946103352160726,0.034483367818648025,0.03880577497496686
52.4,0.08856020720805133,0.039753222585186564,0.03520588622352571,0.039154428921748884
52.6,0.08930055958114279,0.04091388579176991,0.03751536870476226,0.03807345408592979
52.8,0.0880538518954889,0.04242382572594405,0.0400051335772682,0.03748685785608367
53.0,0.08759591865726181,0.043800997428601045,0.0398232649996723,0.037151997903850036
53.2,0.0888262128846828,0.04484221062524806,0.04192465912227669,0.03457399501114994
53.4,0.08753591035837893,0.0460419500496049,0.042887795103070246,0.0329434596240078
53.6,0.08579716916998224,0.04430109938084848,0.042403609264317445,0.032174838388834
53.8,0.08497373373163854,0.0423620339999386,0.045016526096186525,0.033636023186025245
54.0,0.08272316795157464,0.04109450293032555,0.04497889840312934,0.035167404017318805
54.2,0.08313118490793005,0.04130722968137256,0.0447252032651783,0.034389792771239255
54.4,0.08475933124747519,0.04160453357338,0.04676586558069337,0.03377861954172319
54.6,0.0839129755747561,0.03947988869540748,0.0463839890681251,0.035584200039141596
54.8,0.08336170355159102,0.03944422460758856,0.04545655080749508,0.0371772470256097
55.0,0.08370768211659281,0.042523740531005425,0.045607677093044564,0.037131718808410895
55.2,0.08267356895678077,0.04408930365533273,0.043356174864735475,0.038320732825836645
55.4,0.08379902000993966,0.04403373386203162,0.040237234430301444,0.039946742935496014
55.6,0.08729228510197791,0.043234293032277805,0.04075449085473485,0.042685159809372694
55.8,0.08928411236544294,0.04342676553989445,0.044417347431297396,0.044559565289375755
56.0,0.09113205408482296,0.04495345117053349,0.04822080460247228,0.04389936908673608
56.2,0.09324919941123734,0.04532648233134271,0.04886108320328298,0.04266386112407938
56.4,0.09349744135688497,0.04848141117462477,0.04802243674612947,0.04128621639674736
56.6,0.09122451798488827,0.050850100658123676,0.046044604408113636,0.0420926223818603
56.8,0.08916390601423067,0.05050834329822648,0.044763081432697485,0.043815916568047085
57.0,0.08793391599587862,0.050573090916846954,0.04627882556934729,0.04335827246585659
57.2,0.08735163335869901,0.05067680807808574,0.05002346598689404,0.043668916453545384
57.4,0.08479780056212848,0.052404633378880634,0.05025497029247358,0.04514290508018312
57.6,0.08251889840456947,0.053257795934123504,0.04662991598947304,0.04346566557001081
57.8,0.0825444697063191,0.053972159641512085,0.04501330546230975,0.04112404723108875
58.0,0.08304005713628025,0.05537537786659268,0.04170608348962706,0.042018293580025345
58.2,0.08263310857744949,0.05689602743917779,0.040808867910676914,0.04296395237461154
58.4,0.08086777364048106,0.05839294330841064,0.04137485370320744,0.042121990279354066
58.6,0.07998110500681321,0.05776074706741292,0.0396641448182539,0.0403993291218871
58.8,0.07950741904032434,0.05552827904711314,0.03883516951651905,0.03898132094254693
59.0,0.07952651989172022,0.05308755081071981,0.035598309763289884,0.04003703296586812
59.2,0.0801664924782664,0.05269345829867922,0.03320039196195101,0.04067510953271814
59.4,0.08163299296426933,0.0542843312947567,0.033577870292311775,0.038866666742302707
59.6,0.08460061214359366,0.05551502681759047,0.03488034877543131,0.03838163642840274
59.8,0.08586724132037774,0.056998413589936854,0.038300020397954326,0.03645270743551034
60.0,0.085206935848003,0.05996720822762256,0.039726277272471515,0.034573447914698734
60.2,0.085021021805847,0.06045765583110654,0.038964851387638666,0.034439791816969725
60.4,0.08417175848999918,0.058942347236148815,0.03982746781481847,0.035687813876137384
60.6,0.08424704901082242,0.058327224371347,0.04213374940693398,0.037199427609118214
60.8,0.08468421539786514,0.05755331049216424,0.04397012671023342,0.037454366965184234
61.0,0.08510476972706794,0.059315771193771724,0.044570109698032365,0.03645963377918589
61.2,0.08727023854698596,0.060743417794545916,0.0443501192710268,0.035489686111284696
61.4,0.08550133846055082,0.06049810023526781,0.04400052123742734,0.03466685366621488
61.6,0.0818470056363189,0.06029985541443915,0.04142111829596767,0.03281820185240055
61.8,0.08066452570455891,0.05829974265075032,0.03808454028318225,0.03210151300026537
62.0,0.07959995697194681,0.058075735404584605,0.03654470594336558,0.03129422276178402
62.2,0.07988188183201247,0.059757871622934826,0.03380390455805164,0.030707858731426802
62.4,0.08098900901022313,0.05832535959307316,0.029591042518144352,0.029913627169681902
62.6,0.082932281458816,0.05470709199150508,0.02864275727243731,0.026928129569681117
62.8,0.084680801966616,0.05239273676504264,0.02943028602458055,0.024816686221646605
63.0,0.08586433557064788,0.05278904224579764,0.02985209708763552,0.023404689164635162
63.2,0.08365026586130353,0.05365493124580437,0.029149990644415518,0.02174690266878793
63.4,0.07971864412587387,0.05226249071732756,0.031850351889463384,0.02104521389928662
63.6,0.07902158976717451,0.05079836703864972,0.03577767514300532,0.019587318767022886
63.8,0.07653982766652247,0.049456239956544704,0.0346588777393947,0.018150284929317768
64.0,0.07307364789374099,0.04744376039132861,0.03712165603708712,0.017219352118649105
64.2,0.07354774020010184,0.04685886209179391,0.04079338484921962,0.01510391800993298
64.4,0.0762029277575479,0.04664607393480758,0.041063081089582544,0.012875116073634098
64.6,0.07689416989945685,0.048259769358023015,0.038168778354213506,0.012082140977664899
64.8,0.07643739394822777,0.05077251741990339,0.035861407105522665,0.012520746470154697
65.0,0.07761104828290882,0.050373915296803344,0.035509602131610474,0.013493664961452611
65.2,0.07898952029507103,0.05031487532743943,0.03475346004144964,0.012700239574858914
65.4,0.07738242875420956,0.051272377236132344,0.034813506142087294,0.012093842015955574
65.6,0.07565024100641496,0.05246789250856864,0.03660946606069662,0.013245525272464599
65.8,0.07520306510954972,0.05387719134241246,0.038911924300934986,0.014217112450292679
66.0,0.07475890205632409,0.05165170992146579,0.03859232935971469,0.012645658713812975
66.2,0.07320230260827407,0.048633611428806726,0.03814639575596371,0.00982569594170591
66.4,0.07180925622157548,0.04732809712966866,0.039219026461972145,0.008536606243105127
66.6,0.07245132516696799,0.04484459219120111,0.04318500888371635,0.007974525491927132
66.8,0.0724494951138042,0.042733342854208434,0.04581183949192214,0.009592846871793414
67.0,0.07112587726118849,0.040331854017738616,0.04392259683641882,0.011734944196400155
67.2,0.07101261347094757,0.039119804422335105,0.04359750197784135,0.013799755885136268
67.4,0.07280321771812989,0.04159324984350497,0.04264922164606078,0.015150960818996091
67.6,0.07597260228138857,0.04388418951617435,0.04104809262110303,0.015066125034203234
67.8,0.07819125958121155,0.04371928322274845,0.04206050369433981,0.01542546815279875
68.0,0.07856420636407249,0.04054187776896364,0.043127360771690555,0.015535356185699638
68.2,0.07998234173001918,0.038578360819561036,0.04443436921889035,0.015782520245593266
68.4,0.07995895897575679,0.03866431989628702,0.04614599180407279,0.015809757946274615
68.6,0.07980289021081034,0.04040861839243725,0.04614430378875741,0.015133668202803636
68.8,0.08085623120451257,0.0441769481030772,0.0454876496313077,0.0124252717713905
69.0,0.08123479381285859,0.04697873866998519,0.046081199218168827,0.008645671739628411
69.2,0.08148153337536501,0.049955221501303514,0.0501550425320371,0.00786119831181491
69.4,0.08164530966384283,0.05105363478693588,0.0531187374401825,0.005650622315026567
69.6,0.08135405492067889,0.051186243465158154,0.05108810375697811,0.0040318245874411815
69.8,0.08109070000516048,0.05170059165388078,0.04866413210455688,0.004342489298201316
70.0,0.08154338559276703,0.049778711419410246,0.04617884729224667,0.004103507207590537
70.2,0.0799398974045729,0.04780718083292738,0.04628820856622385,0.004012727812611089
70.4,0.07884790380002792,0.048556710939572346,0.04773337053477081,0.004546721870556979
70.6,0.07976226548111177,0.04897453753099304,0.046443622314089515,0.005804297457212065
70.8,0.07969347233032267,0.049143150999460844,0.04436541398076433,0.005221648943129363
71.0,0.0804885721692178,0.04816791925415776,0.04390356707222944,0.0035214500702215445
71.2,0.08118096253620535,0.04698117002627232,0.04578303508199024,0.005248542055831117
71.4,0.08217103829279591,0.04747333608891082,0.045257762263397165,0.008752992470306477
71.6,0.08352013993246857,0.045744500819872316,0.0449583986015018,0.009569639617615155
71.8,0.08416055510608096,0.04544074722129052,0.04323505996868244,0.00982755397521857
72.0,0.0846298797277899,0.04524141888148365,0.04020370185660264,0.011049328626153394
72.2,0.08144823564754962,0.043550725343216405,0.04222758295720083,0.012043620037099276
72.4,0.07720385609079389,0.04454731781152253,0.04415017833683836,0.01029397537132176
72.6,0.07706662581661569,0.045914438460327105,0.04315076729804803,0.010071965499647919
72.8,0.07690901740693282,0.04586631819513007,0.04148653673665083,0.011138992946949929
73.0,0.07606272363829164,0.04639452588401558,0.040811656902843836,0.010817689821332221
73.2,0.07803222897000175,0.047917826204728085,0.0401005500864627,0.01111887945701963
73.4,0.0800063358774118,0.048133996129992154,0.037870198117382105,0.01242121121398477
73.6,0.08025749479215617,0.046124996325896464,0.0359154675319871,0.011784707610919464
73.8,0.0798052837569902,0.045558917924582075,0.034343460874335575,0.01054010330890059
74.0,0.08112076683113957,0.04731224737253019,0.03299948335545137,0.00973248087641784
74.2,0.0830406344895114,0.047727079038194786,0.03388462391458152,0.009979432851542746
74.4,0.08317724590731863,0.04604779914439552,0.03352437353631828,0.011338551515528643
74.6,0.08347544763801577,0.04696535079871298,0.03214174453780277,0.010579364360544533
74.8,0.08223557801532275,0.049195103910659475,0.03136421246926611,0.0095483347942416
75.0,0.0799846716110742,0.04994357134186506,0.03362721177340282,0.010454364590355755
75.2,0.07811563132858594,0.05098899229509039,0.037620151497886375,0.010925629224033642
75.4,0.07658930524548116,0.05134535842396557,0.03915879715791478,0.011084030484181764
75.6,0.07634458539819136,0.051734648638453895,0.03931814535670577,0.009724526109981752
75.8,0.07736129245876759,0.052700978791927325,0.03893172038741989,0.006777848197154766
76.0,0.07796422597409282,0.053847699574994703,0.03895175339156187,0.006202624092720196
76.2,0.07848562743881644,0.05429160451579446,0.04020712568906705,0.006713067282453464
76.4,0.07870526710128668,0.05317578510892064,0.039757804205987186,0.007388263645571299
76.6,0.0786755196527338,0.05098310148395944,0.03743634968889737,0.0065871036723373485
76.8,0.07882493811160847,0.0483590445284747,0.035205767310796394,0.00606510517763037
77.0,0.07800175727839861,0.04844728872192288,0.031769855129294824,0.0067343000719604015
77.2,0.0781321396011514,0.051596160530249575,0.029178649920887582,0.006768826685802351
77.4,0.0792389922059668,0.05239279587263118,0.029223166933533114,0.009288254838939606
77.6,0.08048068259394664,0.05297828587892014,0.02865215851728263,0.011621882274978004
77.8,0.08253371260334816,0.05329670380560938,0.026856685278751048,0.012631420082044468
78.0,0.08515440352529653,0.05223557471468394,0.026610455876047698,0.014143006742584986
78.2,0.08681670249726978,0.05093167449757119,0.027556242896669476,0.014521952756780315
78.4,0.08630009662870572,0.049901581404045235,0.02659487777091266,0.015111016085520287
78.6,0.08532221568452222,0.05100664781898328,0.02406740021400019,0.014737982574209515
78.8,0.08476763592327341,0.05072395960705639,0.023273397328517877,0.014600029513636
79.0,0.0838124069105976,0.049784041712699234,0.024132400001984203,0.015774988286814173
79.2,0.08269603369604214,0.050916371956731786,0.025727343724896545,0.015033282389291648
79.4,0.08246409796533524,0.050573720796261434,0.02885712654590512,0.013961262156571069
79.6,0.08248959756305219,0.049653165952699,0.03280754192296032,0.013751475711282471
79.8,0.08139778268978164,0.04869876564823281,0.03514226763279991,0.013388900924598645
80.0,0.08159091330081832,0.04803359582821333,0.03370246046534047,0.013624469848054621
80.2,0.0806305102408875,0.049632751561182444,0.031248847060732755,0.014556284347896471
80.4,0.07914201892356477,0.05075148115442162,0.03182455621316107,0.014489047364873992
80.6,0.0784817426098021,0.05146497849814583,0.03313048626228492,0.012626088853641412
80.8,0.07808448934201488,0.05088647883199862,0.033042871051247105,0.011369309598287865
81.0,0.07903200232042107,0.049272354926137366,0.030975425530192526,0.010096859213721485
81.2,0.07832918262544804,0.05078816788896728,0.027559381855558906,0.008307823723180858
81.4,0.0759671317515029,0.05297433272599545,0.026848047688941633,0.006570874495817454
81.6,0.07534131413185831,0.052672625353544895,0.028686976685756902,0.0057185066526134675
81.8,0.07488930036252979,0.05148041907439309,0.03025745310257555,0.005881429499082832
82.0,0.07293359353330281,0.05150597290869198,0.032039227651373285,0.004552612157183392
82.2,0.07206336505582057,0.0536105668987678,0.03323034480165737,0.003983389898271208
82.4,0.0712595604548124,0.055506857742203694,0.03327623231811596,0.006082279176611998
82.6,0.06990368743762868,0.05640939953543044,0.033518905112796246,0.008376171741440954
82.8,0.07090863311161268,0.05774070784583199,0.03195871279010864,0.009351278810081142
83.0,0.07300325045187789,0.05826353686134212,0.03176590185318645,0.009196379079913549
83.2,0.07229346051444444,0.060167151195486206,0.03409599128690377,0.009488330693023723
83.4,0.07149762901225366,0.06325880308679341,0.03538105505664901,0.009021131697929665
83.6,0.07142203615020667,0.06441003737075339,0.035217975067535594,0.008049400952333915
83.8,0.06891154129902677,0.06295990277334206,0.03398079642636491,0.008191526385407362
84.0,0.06456669726079733,0.060795798721658696,0.032094182121539104,0.009909253315514932
84.2,0.0618776889634143,0.06235193424187001,0.031204659070754412,0.010768749022715227
84.4,0.0620392048830406,0.0643973858005842,0.03184501578314465,0.010233193577626669
84.6,0.06266955781108784,0.0650356553329586,0.03210334535165784,0.009154275284239247
84.8,0.06088029409407259,0.06448529401186245,0.031867262069264574,0.008157570583567867
85.0,0.05671545598487844,0.06295107656302819,0.02941228840438717,0.009281907740363752
85.2,0.05553371044568869,0.06339542850518863,0.02904789467367911,0.009594677862086575
85.4,0.057238232603993064,0.06380602339644993,0.031299746133420556,0.008990792472629029
85.6,0.059426039399570404,0.06110636603516212,0.033677243973608405,0.009761117093429335
85.8,0.06201674181144399,0.05951308314921832,0.03700810790115318,0.01010161059994381
86.0,0.0629338576222135,0.05895322281519111,0.03934471171728423,0.009116900689500296
86.2,0.062467547509144794,0.05852070233849559,0.04010471462238149,0.009809420864616872
86.4,0.06075925357920295,0.058560443120303333,0.04098019651319795,0.011667925841827815
86.6,0.058405232792587976,0.05748575811815625,0.03939574103354469,0.013095412968410563
86.8,0.056844802643378455,0.05663784467649363,0.03677044658244916,0.013534827979591862
87.0,0.05610008150115053,0.056628926365509626,0.03605167078904451,0.014288211895755304
87.2,0.05489223940772899,0.05719559090152678,0.03486264266062271,0.014472275746804892
87.4,0.05427995278500086,0.05833053212228082,0.033986808203740705,0.01336342687040322
87.6,0.05372354097148312,0.058555860718367214,0.03329139631817609,0.014158011914384481
87.8,0.050200864917876765,0.055750973306546464,0.03207725604971442,0.015797890103581985
88.0,0.046765415547241,0.053009685443086776,0.030345337717132197,0.016716498844562482
88.2,0.04596271273818787,0.05259302945928054,0.030285482496768722,0.01717622651245659
88.4,0.04641711607223885,0.053716484120521116,0.0319683054217189,0.016208684126782308
88.6,0.04668720691934322,0.054488047248384804,0.033192059502453186,0.01327909710096691
88.8,0.046562251441838655,0.05308579631985286,0.03330480108907506,0.012712393499887172
89.0,0.0475832587642591,0.050009810661722914,0.03302252824879166,0.014428461197739472
89.2,0.04995893913231894,0.04809596591458827,0.03339998438489113,0.014437185059822178
89.4,0.04977441683701985,0.04824858321688141,0.03248547368264967,0.01476768947440926
89.6,0.048097112323257224,0.04921876830995156,0.03187185834631678,0.01626893550513003
89.8,0.046343525441478815,0.0503869329814857,0.03191834163896356,0.015633655397512283
90.0,0.04656769065259101,0.050536610695287955,0.03272230300417261,0.013638074113009551
90.2,0.04913563000477186,0.05061752075446447,0.03276154229487019,0.011451331058147404
90.4,0.04853931370141845,0.051008634946253885,0.03279687697763734,0.010196392807511676
90.6,0.04908347441912297,0.05181954399383115,0.034008192699963524,0.012263424778131788
90.8,0.05078361291277955,0.05410599885850878,0.03271923485657184,0.014984709998254176
91.0,0.04998890602636631,0.05516252031796621,0.0316216929190982,0.01722938457263264
91.2,0.048064141168645755,0.052929314034527296,0.03415660860024881,0.019319928735771565
91.4,0.04692574263378889,0.0512427366228286,0.03546635445711845,0.0194927288533866
91.6,0.04795724719851584,0.051725639943766125,0.033479604785476624,0.021066447053626106
91.8,0.049562902018500846,0.05377540925622406,0.03424742285149139,0.023675809245168194
92.0,0.05018018337206673,0.053497927721513294,0.03501604068980873,0.02282830174882537
92.2,0.049699199207832334,0.051211419472897646,0.03356665469518307,0.022542748301975772
92.4,0.04857596621567197,0.05103967980428497,0.03351967067077492,0.023063496367940858
92.6,0.047382074723550396,0.05094029779102468,0.03463365708185866,0.02365931793496137
92.8,0.046360203695186175,0.05170523873155432,0.035577107205509544,0.024589222327084756
93.0,0.045935205246988374,0.05341387564929274,0.03615918646782733,0.024083502124192125
93.2,0.04561339810832618,0.055741950102337616,0.03594080200721686,0.022647065886738958
93.4,0.04394328287834221,0.056690557684526036,0.036624091311010395,0.02111825426877998
93.6,0.04166890711367829,0.05739146482438729,0.0385960593713553,0.021383839215893246
93.8,0.040862460530530054,0.057434708520753316,0.040108270153203875,0.02077753628475743
94.0,0.04058241899736468,0.05478678375943184,0.042585392160699086,0.019984272297005307
94.2,0.04000363361724165,0.053381946665629385,0.0432009929000827,0.021002165763874064
94.4,0.04031872163682887,0.052102285365491406,0.04103054065975671,0.021690645736298076
94.6,0.041836740987927466,0.052512890633206966,0.038381861147734654,0.021252585878265125
94.8,0.04452563381507733,0.05517680004354576,0.03497300850144671,0.02013563963479568
95.0,0.0466443793277579,0.05637923748430275,0.032281935646820734,0.020024668326814748
95.2,0.04600637903228339,0.05675353222365906,0.029283317727426535,0.020950536684814502
95.4,0.044484284132411255,0.05657065797581338,0.02751366340661469,0.021020613639652574
95.6,0.044908053804883094,0.05611943692130847,0.02860488162746328,0.02057227457804058
95.8,0.044848615032379906,0.05459216541555954,0.028782553976666844,0.020900809755541244
96.0,0.044435111983711355,0.0519134644207038,0.02807772005356018,0.021679550409598233
96.2,0.04532512759428857,0.05136942932178319,0.029655371104009565,0.022079994175008607
96.4,0.0453539805327626,0.05356807880794174,0.03055663554355641,0.022838423696232173
96.6,0.043795592320646386,0.05417674691061627,0.03049657551248761,0.024276524764372115
96.8,0.041647718795582,0.05315258660283639,0.030511083755058725,0.025028676772775423
97.0,0.04068315648699141,0.052714423193900184,0.02875127373088534,0.025197909313338887
97.2,0.040952500201190845,0.053149002171423515,0.026451193052062043,0.02520258579783868
97.4,0.04126192494585809,0.05285295807667475,0.025028128992415813,0.025215273675042275
97.6,0.042538684648958554,0.05218752775641514,0.025588714347940553,0.02559845413374243
97.8,0.04418752503485701,0.05377372579278217,0.02639216040271288,0.026926559993744253
98.0,0.04513099872808255,0.054990460325749425,0.025569121799788094,0.028573627870485088
98.2,0.04601566111481626,0.05477203682993744,0.023994513772542265,0.028913318745989233
98.4,0.04619448953071857,0.05498074816954153,0.022510449983631064,0.028773397146607125
98.6,0.04576144151777979,0.05689759276409038,0.022000595450631436,0.028959933396773416
98.8,0.04503675548303927,0.057116121021573193,0.020656674520768005,0.029272185043965147
99.0,0.044769272754844144,0.05463184812034112,0.016689038353227888,0.029341375154539204
99.2,0.04585575411664273,0.0524069150797565,0.013223794424622402,0.029722606857416223
99.4,0.04521259966483039,0.05107620189895428,0.011752407367585661,0.029076317489221015
99.6,0.04382196568124872,0.05124067809518891,0.010647162448812239,0.029219767980406198
99.8,0.04318853142433082,0.05134486744360151,0.010257283377684057,0.031219353115810592
100.0,0.04249483932977524,0.049935372177931314,0.012270538270058882,0.031723555440109345
100.2,0.04194224306479723,0.04777328012090961,0.01265361287566411,0.03045185954491302
100.4,0.04190800718988428,0.047194026089389995,0.011412966549390478,0.028944892823862638
100.6,0.042837781412079216,0.0485373393863029,0.011802608932723635,0.027026333921065022
100.8,0.042956232383652294,0.04945375049728149,0.013450231599596482,0.02633654186407249
101.0,0.040724139302560296,0.04889214321686447,0.01602753252491798,0.028039095051085372
101.2,0.03974558537955101,0.04776500388980987,0.01746422650257999,0.028006860996970487
101.4,0.040637362110360314,0.04411117094608449,0.016848812275026277,0.026694307756039336
101.6,0.04047240633963826,0.04072923394846197,0.01439136328281394,0.025752097954460127
101.8,0.04043667454512421,0.04098054095799269,0.012819545724364625,0.02504116692591067
102.0,0.04014706946659821,0.04270003360527469,0.013370644612526192,0.024220993928293025
102.2,0.03944128159193931,0.04490960404315362,0.013462735877544653,0.02244530892288382
102.4,0.039301132356801605,0.04504213964673449,0.012728558360119453,0.023167141847108132
102.6,0.03918005927581253,0.04533475104154396,0.013222550863626736,0.024610465504389487
102.8,0.03788641736770523,0.04571913135423542,0.012583715142752791,0.02347795944717342
103.0,0.03719393185328481,0.04369475465567896,0.011071304003650095,0.024200111921493427
103.2,0.03785443053811846,0.04232687636122054,0.010153696618567446,0.026325206389473072
103.4,0.03895222479242979,0.041703169123300486,0.00905726740987016,0.02726961756022853
103.6,0.04000734216164105,0.04092480385770693,0.010414668137982622,0.028066456146658793
103.8,0.03936328429877688,0.040686990132022934,0.01220228101857428,0.02732487268709603
104.0,0.039777434295436516,0.041409972828315336,0.013627311500367157,0.02666556783896655
104.2,0.04038810088902565,0.04255918769858862,0.015185229437614984,0.027456608421170304
104.4,0.039796806058553964,0.04290320360774491,0.015424762451419133,0.02869191401529356
104.6,0.04029081270082544,0.043078638987139366,0.015532432410477364,0.02976051685784164
104.8,0.040571655851049264,0.04257546913321301,0.0151662497266029,0.031071696666136555
105.0,0.03974930850421589,0.04062421907974419,0.013785301901957179,0.033318952427382864
105.2,0.03740225109156865,0.03800517620405155,0.012586068045566378,0.03254107769910247
105.4,0.03579185023625431,0.03661850303875802,0.011064538164664357,0.030793831612154807
105.6,0.035402913384537,0.03660430274855689,0.009336969691290255,0.02938357024668831
105.8,0.03543068709395909,0.03771305721290668,0.009560586253451457,0.02911499511873453
106.0,0.03533571162625255,0.0378526396651325,0.009841433887842095,0.02947816289593538
106.2,0.03467776205966964,0.03606808131251882,0.009071114394041476,0.028749843076378283
106.4,0.035188243714565734,0.03436336289488022,0.009070258917871171,0.027106834771143975
106.6,0.03573154288522425,0.034074888952597526,0.008584674120160746,0.027847919493281408
106.8,0.0353318336797152,0.03558500071579577,0.008507526201956925,0.028791558062815574
107.0,0.03507489593178409,0.03469795693406334,0.009085892402582356,0.027141458614261333
107.2,0.03484636374548374,0.03280811851454061,0.010283054831565927,0.027087571839072504
107.4,0.03421935721601081,0.03238249760271135,0.013025330600342321,0.027743193169744038
107.6,0.032949865126810036,0.032532876829469405,0.014940474493119459,0.027784823722985248
107.8,0.03137430097859809,0.03398881543565988,0.015788921149978992,0.02700370251578696
108.0,0.03212999621328399,0.03322501571434238,0.0159502889653518,0.027069903020240656
108.2,0.03304229904668709,0.03230391740497385,0.017231258575439463,0.028421360647524888
108.4,0.03213019755233059,0.03324664907729979,0.019795193134210753,0.0285983925457735
108.6,0.03315813860669139,0.03426057515786619,0.020603932172120358,0.027026359517687486
108.8,0.03484421164602472,0.03502852124500052,0.020761778652261243,0.02676841716880201
109.0,0.03395185989394476,0.03462036294195949,0.021540885375377218,0.02856825340103235
109.2,0.03405204979395987,0.03529587835400478,0.02387228733402003,0.029601951188287116
109.4,0.034132159728268836,0.035697065811864666,0.026696545960307242,0.028318896176264166
109.6,0.033562434392647944,0.03440672871718883,0.03002580910094757,0.025910421649428684
109.8,0.03575552061938054,0.03396712186834045,0.03240964279437256,0.02604667811546466
110.0,0.03685893226648454,0.03376303847998941,0.03204115519481315,0.028561374512102288
110.2,0.03629845721838983,0.0354497431723704,0.03030234232639708,0.029124705574452757
110.4,0.037041011291579835,0.03629592315346455,0.028122541025819986,0.028163713729093622
110.6,0.037593051114524885,0.0348978011621074,0.027315429108857998,0.02810199724222062
110.8,0.03640382137044022,0.03632261283328209,0.028115587382690408,0.02820716178017349
111.0,0.03429403966828118,0.03684888194107703,0.029833944550320384,0.027528375936201666
111.2,0.03332150615395868,0.036153909466548444,0.028290836274010557,0.02637399882283211
111.4,0.03380926990955254,0.035248855482153674,0.02516016515196984,0.026380547695133344
111.6,0.034485396040822555,0.03411703137853919,0.024262139715714476,0.02698665784702825
111.8,0.03401825860306273,0.034144672227165426,0.023409739228691225,0.026766654135065092
112.0,0.032797228496136546,0.03302160602998076,0.023575959443041177,0.02588098450943517
112.2,0.030948085433384252,0.032742891161063215,0.02508504971472392,0.02505389241380085
112.4,0.02802796094961972,0.033395236980668055,0.025853062868326598,0.02463688707706551
112.6,0.02501347692656439,0.0333522193554897,0.026316325707490068,0.02462124954344205
112.8,0.023280430847719896,0.03399058960575059,0.026015159130094546,0.024523457441563663
113.0,0.024305504470925964,0.0341592489333355,0.026878370724313774,0.02356968398594671
113.2,0.02506687072786998,0.03320907319736704,0.027902662927824264,0.02220423847716943
113.4,0.024484535945163036,0.03443405650027502,0.02625349417358951,0.02196646064856767
113.6,0.02342549446017528,0.0363754885087178,0.024857462269929825,0.021484124885460157
113.8,0.022466337470941605,0.0356851771315304,0.022827887326718078,0.021245758823210777
114.0,0.021120987445512204,0.03539738474084522,0.02038752960788637,0.022659582748139073
114.2,0.018795232874087887,0.03541303658858935,0.019734170887388908,0.023830154079370173
114.4,0.01611597461696261,0.03396470705463844,0.018698694922738932,0.024999329187357287
114.6,0.013192525817571703,0.032953495157365134,0.019497274525502446,0.026026150779604608
114.8,0.012975006691188725,0.03352027432531885,0.021382027834908234,0.02716046312692599
115.0,0.015642890198461597,0.03360263540838485,0.020801315917179708,0.02762629521603328
115.2,0.018019215899793814,0.03135944702359387,0.019198879353537302,0.027203927182889127
115.4,0.01866978160539772,0.029953189778590697,0.018758456382885178,0.026284484635944034
115.6,0.018110224917529293,0.02975591934193192,0.018495164593073123,0.02532637152435644
115.8,0.017814617815038892,0.030175692223788003,0.018165553640647432,0.023711691140015576
116.0,0.018500063163202626,0.031818184159868375,0.018241057960193957,0.022462098593298792
116.2,0.01967193563006416,0.03318508229702436,0.019132835907954927,0.02106011324456505
116.4,0.02045626437250257,0.0335531392403968,0.02004108537900857,0.019534159897780855
116.6,0.022193893651128987,0.03373937908899152,0.018507007728453415,0.020864633250478205
116.8,0.022441943535377876,0.03330722360903148,0.018130603019990515,0.022279254686078265
117.0,0.02063742178967469,0.033023941735652866,0.019141267578501743,0.021478448256079728
117.2,0.02180420118368862,0.034931812122065434,0.019281570167611742,0.020332186153688852
117.4,0.021557674900797436,0.03677681035790271,0.019570855027260452,0.019629514198630925
117.6,0.019301092893792424,0.03620638441680904,0.018968841144222294,0.017472227959784523
117.8,0.018875280694735038,0.03637006958981557,0.018243744937334164,0.014961405351749859
118.0,0.018922128019421454,0.03679958815102053,0.01694675287042232,0.01439224504006266
118.2,0.01882533425187211,0.03646803026309668,0.013750451789238952,0.015169986533725883
118.4,0.018927271907460384,0.0351143923349211,0.012149276729993058,0.01695813531862749
118.6,0.019245533069429027,0.03418114439596229,0.012521126586333824,0.018102957074990107
118.8,0.01925207215204564,0.03567715617281935,0.011945168604363687,0.018705781625140538
119.0,0.020257402198269808,0.03467127466869316,0.010634731178553687,0.020336772646551555
119.2,0.019803892981876868,0.03385517724011626,0.008492361483260819,0.01958951621288925
119.4,0.01782327474977393,0.033849492843554,0.007317988299544631,0.017532899455124155
119.6,0.01699240276417231,0.03463647733276637,0.009013975285261617,0.01633246483758031
119.8,0.01796027967160358,0.03659346065311509,0.011422311365088386,0.015897785339473315
120.0,0.02012886934826281,0.037469762486817736,0.014428050496242968,0.017079749606148463
120.2,0.02078287329199795,0.036730427835011716,0.01547927178496772,0.017877547319021046
120.4,0.020027973274753957,0.03568626504102652,0.013665322073488346,0.017128345789525615
120.6,0.018974460872234426,0.036599990793688246,0.012211993373661264,0.016019165110815498
120.8,0.01897069566309603,0.036149641918647155,0.011547330976831511,0.014802028960750408
121.0,0.0195998817025185,0.034231448168000646,0.009946968332899538,0.01389152168674241
121.2,0.018628751284794878,0.03195976734323455,0.008610261805551382,0.01425306532480238
121.4,0.017636144980545075,0.030531364857528904,0.007752498309809183,0.014761557035524451
121.6,0.01826158816206994,0.031121117227644483,0.0071395456875683804,0.014306197098545683
121.8,0.018933325303195293,0.03143081332293984,0.005930986749379871,0.012916784385877974
122.0,0.019447600568812028,0.03213067536826287,0.004390410662202037,0.013286423009691722
122.2,0.01992877750625064,0.033321004513622215,0.004589966497972659,0.01564500004537151
122.4,0.01985347899898663,0.033246781341487446,0.00427618137916711,0.016711609830308876
122.6,0.017807675569121238,0.03289286878037531,0.004207018220550861,0.01673317474849322
122.8,0.01584850721102947,0.032516748439039775,0.004045694244570909,0.01662770211070889
123.0,0.014935268725626371,0.03341862289473952,0.0020532805946843835,0.014985135578607093
123.2,0.013567445340025809,0.03507274945679872,0.0003085927805881222,0.014063104756084738
123.4,0.012690174034661442,0.03430280916258175,0.0006798767823417363,0.013355700035716376
123.6,0.012548411035937606,0.032749178123663326,0.0011979702896650108,0.012803334694746683
123.8,0.011657500564769822,0.030452067676588007,0.001673230122185225,0.013239294754768677
124.0,0.010198370528687368,0.028974385847394684,0.004024375194567507,0.012218673021725461
124.2,0.010152411765310886,0.030677918378389558,0.005040362756643796,0.011019579356021285
124.4,0.009247653971194408,0.03165011152908229,0.005349695090718807,0.010876122575430176
124.6,0.008394378570338574,0.03134837823236177,0.005778956517568769,0.01137244161933496
124.8,0.008124348968912835,0.032245092695419315,0.006334953618903054,0.011019870882653432
125.0,0.006418829171503887,0.03322073087379178,0.0071232285331454485,0.01161025816852216
125.2,0.00561204997802533,0.033120268500551275,0.006553321273468248,0.012238113392061729
125.4,0.0068885916923776,0.03225761184160919,0.0059733967156167635,0.011830864825963397
125.6,0.007041906481094732,0.03329195989326126,0.005271828271229575,0.012327661179292338
125.8,0.005695435942051561,0.034829665553449664,0.005235696163340575,0.013473852935444399
126.0,0.004046417943056369,0.03441189325058099,0.004905230163987974,0.014320524996575745
126.2,0.002175699907423429,0.03429057471847206,0.0028385610172738736,0.01454478321411604
126.4,0.0024854153194417885,0.03501755328715065,0.002287015186561016,0.015970204661302518
126.6,0.00442231873954879,0.035871382470904115,0.002025850258866967,0.017759578107341654
126.8,0.006312100487439868,0.036955909527823454,0.002052733068248369,0.018126857970091382
127.0,0.008109930345779767,0.03687792031844713,0.002337828232427917,0.018577820586826783
127.2,0.008804772645903217,0.036548910876018297,0.0026424057685936458,0.019558380669276516
127.4,0.00947444403385425,0.03692869620324539,0.0041726116339951625,0.01845630210560904
127.6,0.010382654890394338,0.03684196433331361,0.00393591928082231,0.017702332816451
127.8,0.00919510606721059,0.0357713222101358,0.0016085653784396134,0.01914996786389662
128.0,0.006338267496503131,0.03416768490090487,0.0005540134177665763,0.01957614223743995
128.2,0.004251096117712969,0.033261100236534426,0.0007989527459259614,0.018760121253929108
128.4,0.004588243487318887,0.03298477558517463,-0.0002111952341613764,0.018670363132739384
128.6,0.004966884832654541,0.03375404051534398,-0.001699975903609867,0.01941083606574654
128.8,0.004190940592590809,0.033877874056606375,-0.002532112816288842,0.01915104770355116
129.0,0.003497916579485953,0.03243945525084272,-0.003067724495400786,0.017839778991961708
129.2,0.002823136941703471,0.03094387141172525,-0.0016080991672238643,0.017379488572921136
129.4,0.002528581474172148,0.030672891494156803,-0.00016633163563311348,0.016663304284699056
129.6,0.0020649869286419155,0.03190919817184894,-0.0008966000680225677,0.015735859907024786
129.8,0.00024872952843609105,0.03350045995647901,-0.0008904543807778109,0.015003292427996516
130.0,-0.0002988413651940462,0.033449570603483185,-0.00014210227516928538,0.01562324961047175
130.2,0.0012475216171632974,0.033724051332539744,0.0005543335681674559,0.016424073115491825
130.4,0.001960995494535489,0.035390625080908296,0.0008384407491742307,0.016941489389085324
130.6,0.0010263334386185978,0.03572858162394029,0.0004150665845121556,0.018913620857594102
130.8,0.0003461560259676898,0.0365925232947109,0.00016133525415606983,0.019405058135164688
131.0,-0.0004126112408886524,0.037847401797480806,0.0009377892590576722,0.01859218108411274
131.2,-0.001959159689373375,0.03809767243038004,0.002298721435743539,0.01974856012658358
131.4,-0.003502225902547488,0.03819350708392553,0.002094084253300177,0.021066585880187543
131.6,-0.004608298716618982,0.038163584717806565,0.002506558568434383,0.02131018062377423
131.8,-0.003544888844842722,0.0385390910441886,0.00415713482233814,0.022427826213974714
132.0,-0.0029748927328646494,0.03775162876368411,0.004679094614773961,0.023621128646752292
132.2,-0.0031312663822221326,0.035583448980201264,0.0052559853934442055,0.02330425532762377
132.4,-0.002262130424169678,0.03386190157008619,0.004814449497753214,0.022520971057892955
132.6,-0.001691710138367048,0.03223591423230985,0.0037404172094288282,0.022036005718589873
132.8,-0.001909349780793784,0.03161077985860739,0.002219554002199272,0.021377189570832653
133.0,-0.001076926065261143,0.030951798168301906,0.0010552295878131677,0.02118654650411412
133.2,0.00034101130673885177,0.03170804931694503,0.0015728719521866624,0.02159249636194867
133.4,0.0007788344052258662,0.03303352228618302,0.0023205389579579712,0.021844211648676625
133.6,0.002828996290108364,0.03208114985328169,0.0030048171151581403,0.021146258019511484
133.8,0.004708153910454001,0.03329098744604401,0.003560245758688215,0.020786987285735564
134.0,0.006275987557146409,0.03557855608179951,0.00391542257873184,0.021184486866585715
134.2,0.0068871036022481475,0.03577059771095035,0.0033511656180441503,0.02075634818865596
134.4,0.004515959297054843,0.03506262884441942,0.003289376261622862,0.020606178380996824
134.6,0.002465981301145541,0.03482857620424647,0.004627607336001136,0.02104721154158193
134.8,0.0012975702288516246,0.03495362700933391,0.004606008325629375,0.020658281995359337
135.0,0.0002580288029029313,0.036395986670264266,0.004497042372847583,0.020299431012477307
135.2,0.00018063228099828087,0.03792093403766984,0.004688734207322431,0.020596027249487416
135.4,0.0011846686685215658,0.03843523376352496,0.0047039650191671705,0.021600550358000924
135.6,0.0013441023782788004,0.0383157084342822,0.0051611491767539035,0.021166838917197485
135.8,-0.00019517846874178135,0.03640372522726139,0.005048101405800338,0.02092121566371188
136.0,-0.0015972759378418907,0.035158259656340556,0.005894823193343282,0.022292583362136603
136.2,-0.0010456433255165657,0.03492820812123793,0.0056467342724537024,0.022438149186736766
136.4,0.0005116607756859416,0.034680782522034374,0.00479201613965775,0.021956038671808994
136.6,0.001243098840920758,0.03354082272324984,0.004924423774469895,0.022504240065325115
136.8,0.0003528514003636414,0.03174447521132402,0.004653269228789802,0.023068908700622216
137.0,-0.0007570848180361566,0.031473467910267866,0.003936292232430204,0.023008383438978604
137.2,-0.00023247306906216958,0.03218623946382354,0.002130727289858907,0.0222535028739201
137.4,-0.0005006899918676408,0.03344626587260266,0.0007810323030784346,0.02174590598999178
137.6,-0.0017215041353696914,0.03546649023323023,0.0007566173573708415,0.022452056010127012
137.8,-0.0016168674034267255,0.036080297961321395,0.0019761893040172924,0.022909823893823178
138.0,-0.00045221131371111416,0.03636555538458751,0.0031615987965329067,0.022231131695430253
138.2,-9.014017565739108e-06,0.03643250579314649,0.0029315583498850358,0.02189699913498359
138.4,0.000555956686151346,0.03571795884223809,0.0009497853902467892,0.022614238526500085
138.6,0.0025025027693673994,0.0361219789246005,-0.0012938776652673682,0.021943905336084805
138.8,0.003510651580562379,0.03630056526865699,-0.0024714752531717664,0.020407611389408675
139.0,0.0036293442302010952,0.03558709986624459,-0.0023858311814740052,0.019291935112317964
139.2,0.004316590053945521,0.03399839915401539,-0.001839747993927448,0.018703054016998254
139.4,0.004030191301900012,0.03406838886915909,-0.0025521473472022416,0.019260856883213173
139.6,0.0030205354186137287,0.034208213428326285,-0.004413237280651133,0.020237859808972934
139.8,0.0028297292381931458,0.032562763410743815,-0.005213789137367634,0.02133346709298293
140.0,0.0027337130620093786,0.03329889099921458,-0.004470062891987617,0.022091194424392852
140.2,0.0033622384730474675,0.0352035287029202,-0.005358254530030454,0.021304212008731824
140.4,0.0038447940069020223,0.03506819640155208,-0.005668820449942334,0.02032673454825345
140.6,0.00356661313780677,0.034922561417296515,-0.004475915459030384,0.021129134182904068
140.8,0.004161481382957824,0.03509988426873732,-0.002780823917872292,0.02119429537538537
141.0,0.005871218028671918,0.03438727153778825,-0.0023235585017287847,0.020027348164211454
141.2,0.007926473711296284,0.032324446577696765,-0.004111811794253205,0.01933494234278614
141.4,0.00995215112678392,0.031134950943956363,-0.004616912425868706,0.019104834333082396
141.6,0.011284108842957444,0.0323468588123426,-0.003418663612372055,0.018582125752649496
141.8,0.011911417197285971,0.03263925714436948,-0.001822843953391687,0.018805353633635356
142.0,0.012446534208241954,0.03220980361580535,-0.002456400661299661,0.019594906386287747
142.2,0.01255486987942751,0.033004000791093245,-0.004006017003899681,0.020104837908080365
142.4,0.012181692572535393,0.03388741075075582,-0.0033981174743614364,0.019105191851316917
142.6,0.012444888027290515,0.03398613919379219,-0.0027566305223992757,0.016253884075647738
142.8,0.012585911294589221,0.033273704450610564,-0.003025785514813628,0.014181449482995337
143.0,0.012873142486900531,0.03257318009379651,-0.0028174174829603007,0.013879199420231284
143.2,0.011538093197526172,0.033249346092675366,-0.0018594658993134334,0.014853956700196097
143.4,0.008491640238790354,0.034095565911121443,2.986492761774457e-05,0.0162761705739455
143.6,0.006345577934826285,0.03451383176663952,0.001133397554135769,0.017168962271629038
143.8,0.005441238223356435,0.03515739781938384,0.001075703510955445,0.01627815061774129
144.0,0.0056347146675812445,0.03486165642985933,0.001396474387057244,0.01575072239946722
144.2,0.004803599360670925,0.03350336114126035,0.0020590111763685976,0.015725273711584404
144.4,0.0039722099052913636,0.03341171166509801,0.0030130342997053455,0.0160176863319346
144.6,0.003995595632780306,0.03457812998461556,0.003084113446516915,0.01668921175816582
144.8,0.004845639590125846,0.03373736609249495,0.001620578599971831,0.016078969705015145
145.0,0.005513027994341784,0.031621599833697715,-0.0004040752132258473,0.014977021261862419
145.2,0.005028588994876174,0.03053657946103701,-0.0009891045101573792,0.014227396071181361
145.4,0.004780883351855343,0.03038686703756861,-0.00029177945429393926,0.013910668163939936
145.6,0.004108300603120812,0.03110409714963183,3.914486649940065e-05,0.013726130239445722
145.8,0.0038500287400060353,0.03283452380789836,-0.0002895158375460964,0.01360549468563423
146.0,0.00471717479953456,0.033097028082196805,-0.0003946052152548676,0.013435616635595754
146.2,0.005175970189372673,0.03180694332595383,4.06325830090334e-05,0.013919195040618702
146.4,0.003831928144298358,0.030720532678243616,-0.00014290056678391551,0.012415699977782798
146.6,0.0016007726706327068,0.029610171316326206,-0.001294738826326388,0.010968797560413647
146.8,0.0005288262350482253,0.029203827756679557,-0.0032397945167738623,0.01099035204806941
147.0,-0.0004073230913108054,0.029843460021070883,-0.006067563291864776,0.009634797286992491
147.2,-0.0008485234253335715,0.02930949612150322,-0.008971865135706423,0.009400181470244953
147.4,-5.02641483193116e-06,0.02793584357429962,-0.011113474268749287,0.00942925414006244
147.6,0.0006658774609860621,0.0266477914107472,-0.012566232520747475,0.009018169301386764
147.8,0.0003454282666883736,0.026740143080852912,-0.01210225985223848,0.009442911605775633
148.0,0.000767038843946454,0.027360761172464304,-0.012394478467711632,0.010305440658671516
148.2,0.0013394002234557835,0.026041164295995713,-0.01230380232262907,0.01068579594832024
148.4,0.0009262068562650048,0.024164832482644873,-0.010218925637562748,0.012212929112124762
148.6,0.000257243852595459,0.023487964168213277,-0.00922951763129841,0.01324102612578597
148.8,-0.00043766060026788497,0.02453332069471529,-0.010326562609098386,0.01162680987504249
149.0,-0.0011715716248116561,0.025031206050244975,-0.012202200989773487,0.009663717464052394
149.2,-0.001543353929291677,0.024379977609907656,-0.012339570115022163,0.009217432233632968
149.4,-0.002183375619256679,0.023938076410518802,-0.012449568791444706,0.009861206913212382
149.6,-0.0031773773628514857,0.02416684499687497,-0.012732335695863992,0.011045462188117914
149.8,-0.00400963681884241,0.024011495737882978,-0.01156750969720526,0.011186021836269142
150.0,-0.0050175444123247695,0.02339423130159255,-0.009819613510064254,0.010968094952062506
150.2,-0.005076594936556813,0.022584163911258576,-0.00862284385353148,0.010586255038544044
150.4,-0.004638384611191037,0.022577470267939263,-0.009242507416193875,0.009374719472713908
150.6,-0.00530010216934469,0.02237540730259535,-0.011067649555185239,0.008279873574066333
150.8,-0.005800566578936538,0.02127259062918146,-0.013067471426510022,0.006694851271799394
151.0,-0.0055211585741420915,0.021715111351230932,-0.014512954800646492,0.006118025437146426
151.2,-0.003747004068950655,0.022407047482829186,-0.01593546823272394,0.0059544123349313536
151.4,-0.002242417329738323,0.021887356327055227,-0.017785710197598222,0.004722344676308083
151.6,-0.002089173673068792,0.02180729619552433,-0.017909872902707534,0.0039213959595065795
151.8,-0.0021196118384612917,0.022262641737146358,-0.01635507818113209,0.004051681947395237
152.0,-0.0033119080339735337,0.021550538355089317,-0.015044370713807879,0.0033714391075231474
152.2,-0.004505396682021217,0.019961740398652547,-0.014377011046184638,0.002897504966758187
152.4,-0.004800259379267561,0.01929843182640364,-0.014666195090621434,0.0028938248382889176
152.6,-0.004405862284100587,0.018881550196842272,-0.014256691501267868,0.002616296044231767
152.8,-0.0035808438083660657,0.018629378509477733,-0.013734291183007846,0.0024129544009761244
153.0,-0.0033303025744250213,0.019076022345854437,-0.014375583924973196,0.003158923782391269
153.2,-0.0035339625302455296,0.019782156462822505,-0.014274719961457556,0.003581917051498911
153.4,-0.0035694203989784412,0.019854234309215485,-0.012449241468491225,0.0041503684471121795
153.6,-0.003240668997664265,0.017948896118141832,-0.01030679104055326,0.00420452111024433
153.8,-0.0030308172584046812,0.01610805286847919,-0.008317776278275981,0.004553334236253968
154.0,-0.0019487366772136063,0.015884163430876473,-0.00558857687840506,0.006328307256839564
154.2,-0.00019839010930142875,0.0148655073554696,-0.0043016863129249905,0.006788833681784457
154.4,0.0008217078529770574,0.013889691678863563,-0.004067284441444339,0.006745167118534445
154.6,0.0006833258047691349,0.013790340077827283,-0.004110991321439245,0.0067292746005217135
154.8,0.0004254612540502899,0.01270274262769469,-0.004444872997101395,0.006641870261081773
155.0,0.0006803102512504168,0.012064420123822316,-0.005163306889262387,0.007068954138468932
155.2,3.749418613107151e-05,0.011978900661356371,-0.006779231913643405,0.00824252475420299
155.4,-3.592584094441541e-05,0.012001077253119745,-0.006914452037028597,0.008136674548670862
155.6,8.325972401791466e-05,0.012778384134223176,-0.005292057570697897,0.006945824597368351
155.8,-0.0002945835597400096,0.013023042514170255,-0.002927804906384719,0.006063064614158243
156.0,-0.0009674401351429064,0.013039226595261383,-0.001751856436064901,0.005066587472527845
156.2,-0.0016331646223323797,0.012785481893340831,-0.002078776707102462,0.004344308591310273
156.4,-0.0019963351062229277,0.011652188619018606,-0.00286076728173941,0.0030195168746340127
156.6,-0.0015574405987089804,0.010416335259990521,-0.00493042871605895,0.0015336792384460871
156.8,-0.0009549362675937375,0.00873391995536658,-0.005749801256803773,0.0015156987009335662
157.0,-0.001499763070633875,0.007858480996226005,-0.004119368646088036,0.0015726673585915504
157.2,-0.002085863216425414,0.0076902723713112185,-0.003239662579457819,0.000810373313149368
157.4,-0.0025514920823376274,0.007443020365276202,-0.004397260156117533,-0.00037566992204732784
157.6,-0.0025430083880678966,0.008072778280321378,-0.0048206329582852715,-0.001714452905952321
157.8,-0.0021715772652890456,0.008939114445701753,-0.0041220255420500035,-0.003159176144505409
158.0,-0.002431080693281373,0.00901789951540342,-0.0035953613354827102,-0.004485856106023638
158.2,-0.002428365457687735,0.0093651735510097,-0.004214501726560911,-0.005101480699490262
158.4,-0.002173668093390816,0.009284509130867959,-0.0038825510559945256,-0.0051934767775174105
158.6,-0.002222702632775143,0.008271012279323801,-0.002010603785489413,-0.004925847075661774
158.8,-0.002071276688195923,0.008477085390369498,-0.0008337496216778216,-0.005124782248303542
159.0,-0.0009613409951247407,0.00884446596790699,-0.000867090569372732,-0.006034469813776656
159.2,-0.000574949240762402,0.009416848116163312,-0.002069888748530519,-0.006887502199085148
159.4,-0.0010197767520971671,0.008933026977501288,-0.0016384372773810482,-0.006496249974299675
159.6,-0.0001878085878870087,0.007679079447018945,0.0001650545483712028,-0.005778171741337185
159.8,0.0008073894900855082,0.006721433208797334,0.0020487708212882654,-0.005974631451228993
160.0,0.0014645293080312928,0.00609731192351443,0.003655748300526323,-0.004930785308155031
160.2,0.001530982365201594,0.00562140984125161,0.002691058497320182,-0.00413215925992026
160.4,0.002254548608823416,0.00520438693052713,0.0022684253279859536,-0.00491194265005402
160.6,0.002514462716542643,0.005438224219453267,0.0030745659243510506,-0.005141597562896394
160.8,0.000655370027521879,0.00551572999669347,0.0022732047222919186,-0.004407595783295004
161.0,-0.0015713406517488993,0.005451116693712544,0.001508933433517216,-0.004161905086326459
161.2,-0.002161298955378039,0.005219495258249996,0.001599405029568412,-0.004210626335141442
161.4,-0.0008352700682595325,0.005135966031333065,0.0012009198911482103,-0.0034774091580681305
161.6,-0.00024370890525048797,0.005407959724752004,-0.00015267650943906586,-0.0025727879902922757
161.8,-0.0011399771915061223,0.005461892600752235,-0.0016410068827633327,-0.0019810645038576763
162.0,-0.0016486962123868115,0.005870893427846159,-0.002614307914648168,-0.0023960083982641233
162.2,-0.0014431959073481011,0.006525771735670769,-0.002647588189772008,-0.0032346874910327518
162.4,-0.0012136445681447685,0.007476045066047506,-0.00279002764844025,-0.004512065878391236
162.6,-0.0009332351694774921,0.008351804594404622,-0.004185575632531264,-0.005583770472235819
162.8,-0.0016355867753004405,0.007937429552108594,-0.004403709327540973,-0.005572493178460304
163.0,-0.0019541440775534846,0.006131320350161846,-0.004989782508182438,-0.006122373911459695
163.2,-0.0004499734265626338,0.00548260727768414,-0.006933101448739693,-0.006630174119333114
163.4,0.0007233413214429446,0.005157776688980032,-0.007435341421523441,-0.006795198058676414
163.6,0.0008248461104594707,0.004826313207585392,-0.007920245894423144,-0.007182189854817606
163.8,0.001623531121031963,0.005330461818588009,-0.008822776159902944,-0.007472826968713414
164.0,0.002691644719401578,0.0054116082497367825,-0.008558627018910407,-0.006889523086284839
164.2,0.002875172026015699,0.005559524928614367,-0.007924886584118615,-0.006911116192362792
164.4,0.0018674124308274245,0.005289874326108443,-0.007388686246334756,-0.0076408273252027885
164.6,0.002000750438573696,0.005201791687562754,-0.006369450365204604,-0.007655329586847387
164.8,0.0033976249912971964,0.005935328311354955,-0.0058541480773060045,-0.007542232126608758
165.0,0.003631608556092704,0.006891692790347088,-0.0059593819298617385,-0.007020052382331324
165.2,0.0037189730684638422,0.006379330779487435,-0.005457874614600592,-0.0058536336625626744
165.4,0.0037826293158336553,0.00583632302268154,-0.004670230893206452,-0.004801097949997268
165.6,0.003057685714505532,0.0062296928250849615,-0.0047273096238679225,-0.0049530941702523295
165.8,0.002630675950660733,0.007497741946278917,-0.005489641945346594,-0.005916325145448859
166.0,0.002387131865814964,0.0076082865185121635,-0.005638858191531433,-0.006985898974438308
166.2,0.002020930554092898,0.00576213547872274,-0.0058337153713341255,-0.0073421314053701055
166.4,0.002390450228159427,0.0049424665453882445,-0.0061863224666994145,-0.007250969452249301
166.6,0.0020038154647370196,0.004486528640647749,-0.0053306921442209144,-0.0061837397861409064
166.8,0.0013999702476879703,0.004445870051938647,-0.004485293202960864,-0.004989180237067751
167.0,0.001191170088742842,0.004916031938899441,-0.00450275501220269,-0.004956572089517908
167.2,0.00020181063517024558,0.004710304251282207,-0.004735833297623435,-0.005567088143082162
167.4,-0.0005090245036794989,0.0041041910496505424,-0.004756226696425515,-0.006526505653606889
167.6,-0.0006993752907865134,0.004369952580151898,-0.004613920998444342,-0.007871589132868246
167.8,-0.0005089303810817716,0.005832625920788586,-0.0039003638547259268,-0.008599599175391444
168.0,2.8646753419583716e-05,0.006935589564952963,-0.0021805391193932275,-0.007649501638084785
168.2,0.0011562889162750702,0.007050899181312687,-0.001016990164408027,-0.007102837426724901
168.4,0.0016374736705507098,0.005590336245178444,-0.002206683088810049,-0.007167948195826096
168.6,0.0016070446465833207,0.0036848936602486442,-0.0028833082949003704,-0.007737386257420312
168.8,0.002553913193153052,0.0024636740392873866,-0.0018358901881226687,-0.008647303672195121
169.0,0.003557767604643131,0.0019631697779219004,-0.0007070176938239584,-0.008528781842733984
169.2,0.0032732349051821617,0.001893053853158342,-0.0009784934164516054,-0.008138449992503134
169.4,0.002446986491736987,0.00156266026419927,-0.0026431867292557227,-0.0077753083763642565
169.6,0.002568234931226475,0.0008995575313296521,-0.003909845304042303,-0.007351536661107958
169.8,0.002663555767822548,0.001018701555522405,-0.0036546061183053043,-0.0072138883298728685
170.0,0.0026767287749045543,0.0017436510138429853,-0.0033711732317855034,-0.006752291143425865
170.2,0.0014801737659820985,0.0015103743029507336,-0.0033977876983061015,-0.006388466524538268
170.4,0.00026190826944373077,0.0015115645730411596,-0.002537672787453663,-0.006773555499072602
170.6,0.0008189012579821145,0.0012804801896778237,-0.0012186334496560665,-0.00734734170837796
170.8,0.0012487899602916005,0.0006777109468176749,-0.0008332004338747938,-0.007246026016205672
171.0,0.002531956330273372,0.001413945509973765,-0.0017496978830563064,-0.006999593566241499
171.2,0.003922746548474085,0.0020944532235357225,-0.0025916109975123594,-0.007056647115866742
171.4,0.005491108573056762,0.002541994877430529,-0.002557271946986427,-0.00694579529532063
171.6,0.007156406935376672,0.0029574541520049893,-0.0016934132414907373,-0.00698260103674604
171.8,0.007780955650617961,0.002810391724605413,-0.0013872201993274916,-0.007436863370033644
172.0,0.008875088681965881,0.0028110163126315894,-0.0019832223003457424,-0.008098165745881179
172.2,0.009666555308048734,0.0026376112433747377,-0.0018399906168777634,-0.00838949904011886
172.4,0.00954947678616938,0.0015644538109412043,-0.0013117574144364795,-0.008263991360327645
172.6,0.0093318868774373,0.0010871266193138124,-0.0015190770101754275,-0.008970445349340078
172.8,0.009824990286839487,0.0013920189553203142,-0.0018480498954232343,-0.00884137692441991
173.0,0.009716462540981258,0.0020737506952263427,-0.0022609957184518965,-0.00826218359885186
173.2,0.008869716286483757,0.003242180638444124,-0.002417269047398435,-0.008962618178321632
173.4,0.008420424154939578,0.003250851847376936,-0.002570806686252559,-0.008672292316650555
173.6,0.008005759806581221,0.0028485126028604786,-0.003102442822346195,-0.00803054443221417
173.8,0.007581860609580177,0.0025239982184020212,-0.00356168501780054,-0.0076118412616346005
174.0,0.007544791920157784,0.002782391442353771,-0.004017256987811274,-0.0069726409320686735
174.2,0.008295002742984437,0.003405549669392587,-0.004307805341544441,-0.0071910777216862174
174.4,0.008885694809015169,0.003385330374233723,-0.004022697496710615,-0.008096317707258495
174.6,0.008992245635410788,0.003293480885370481,-0.0035791161848308583,-0.008682499593918334
174.8,0.009783087353992147,0.0032753132121376006,-0.002604519643471088,-0.008007552610111397
175.0,0.010305803523716886,0.003944703243537579,-0.0021579598155445686,-0.007601625131890004
175.2,0.010101542394302328,0.0040826787574576645,-0.0030197845995994814,-0.007495941396542136
175.4,0.010544490542400054,0.0032130618321188696,-0.0032245712447455796,-0.007053239508372366
175.6,0.010480915305565943,0.002357016241959101,-0.0024214198763105026,-0.007280544072217094
175.8,0.010186039609470933,0.0019414254317746417,-0.0017470419309908811,-0.00715038421204891
176.0,0.010688447041847727,0.0017079472233312376,-0.001711660756804214,-0.007610856016456617
176.2,0.010827016945600757,0.0008024974137817824,-0.0021346568934413122,-0.008128766220061086
176.4,0.010393824081336043,0.0005930397972413268,-0.0018516091931257337,-0.007949731237543715
176.6,0.009735867832053938,0.0011455982551681191,-0.0009298631915896805,-0.007558399948800277
176.8,0.009773091926252416,0.0013146109041812135,-9.544954584711354e-05,-0.006690857138197082
177.0,0.010164967210979509,0.0021082730554509493,0.0002659831591697321,-0.006696206691395379
177.2,0.0110665887025338,0.002503345639097102,0.0005887119801818558,-0.006956528121284947
177.4,0.01191401070158765,0.0023555209674328364,0.0012379108695137414,-0.006771085712886473
177.6,0.012456326791890205,0.002247824733808808,0.0014816314033516008,-0.007335498014963159
177.8,0.013181629242254973,0.002285311812607648,0.0010058346867758694,-0.007371627696709611
178.0,0.013234308569603118,0.0029331771429895047,0.0006507241710262978,-0.007110112365092397
178.2,0.013047636537043675,0.0033387136506251172,0.0013741543610211126,-0.007024370125091762
178.4,0.01307201802513094,0.003491613676124337,0.0017316899519458626,-0.00650669125276891
178.6,0.013381517134781107,0.003822871169632953,0.0011746695949250907,-0.005455389691247162
178.8,0.012982743792894193,0.00416592264263175,-9.405954317772788e-05,-0.004266793606756228
179.0,0.012428523740353288,0.005033351612747604,-0.0007747504009477884,-0.004363096647859004
179.2,0.012366590763532926,0.006087235718145548,-0.0014061587218091205,-0.004428367544926843
179.4,0.011546404453794377,0.006772106514069886,-0.0023620646371364388,-0.004342372220557765
179.6,0.010844878587701366,0.00740563062227297,-0.003229751150651133,-0.004626045792938813
179.8,0.011264305745203464,0.007634580945551118,-0.0036419074664950815,-0.004878175179522308
180.0,0.011822583861699551,0.00794140068125038,-0.002715336685548455,-0.00556373800781172
180.2,0.012566562304302267,0.00744321015187221,-0.0021102948550462955,-0.005862486202974598
180.4,0.013255850815985161,0.006222920658313788,-0.002120280879967913,-0.006038610440059263
180.6,0.012904157417976618,0.005420826875443879,-0.0023264683543387666,-0.006214646205918078
180.8,0.012749998958271905,0.00520185660764436,-0.0019440971244067515,-0.006874068977884429
181.0,0.013869155842804888,0.004542269717060708,-0.00113957250220946,-0.008040785217837165
181.2,0.01402242431308077,0.0033470723645639766,-0.0009726836684655042,-0.008210796315720496
181.4,0.012947890348427598,0.002510451407378744,-0.0009785532629590953,-0.007237686554197966
181.6,0.012269168510316855,0.0025095005962813832,-0.0014583682985495191,-0.00621192854024308
181.8,0.011471309248503425,0.002830478262475356,-0.001870539829020906,-0.005644161399275532
182.0,0.01015463883664904,0.002593585924721564,-0.0018493787406455037,-0.005582045174059672
182.2,0.008796199991114993,0.002745036366547174,-0.0010218148983236832,-0.005730289351798508
182.4,0.008505946209418122,0.0034195776786909373,0.00046814151897229346,-0.005729575492596106
182.6,0.008478035565073155,0.003983197211785856,0.0011949023895352115,-0.005726707411473962
182.8,0.007319966337161949,0.003715106938671831,0.0010604379808592586,-0.005544725635177104
183.0,0.0059243920171798735,0.0034172397854043573,0.0004301115611378292,-0.005483279602470698
183.2,0.0057841002728064245,0.0031372195635440583,0.00042713577871085674,-0.004484365307149019
183.4,0.0063379041230772985,0.002127636678317217,0.0008553487237745217,-0.0035301331541584104
183.6,0.006563727892968407,0.0013101066120159894,0.0011556381758731108,-0.003566208367559834
183.8,0.006627804831697175,0.0007262716402529726,0.0008081178899397258,-0.0037857247561956216
184.0,0.00647679866528632,0.0005168052599785294,0.0005476974974258364,-0.004024017991745427
184.2,0.005906347977562905,-7.004691364782496e-06,0.0006830461647932329,-0.003947386735397388
184.4,0.004907657754301711,-0.0009025657120162737,-0.00016988122278738049,-0.003673416253708253
184.6,0.004219531156236227,-0.0014301645657342423,-0.00038827312232439715,-0.0029187587144329
184.8,0.004384276174800185,-0.0015322096005042731,-4.9561874707844664e-05,-0.002454606218364644
185.0,0.004209303554905301,-0.0017500411900640877,-9.293002896642082e-05,-0.0028338074601877363
185.2,0.0032725251446489925,-0.0021100285337690857,-2.377051712177484e-05,-0.0029996424972186368
185.4,0.003094871247076347,-0.0019160739108709346,-0.0009888004664989566,-0.0031609157213752723
185.6,0.0034348210662037736,-0.001995716476774756,-0.0022742289447760813,-0.0032911832288037247
185.8,0.0032656786726621917,-0.0021983641755088735,-0.0025523744875625694,-0.0033385364852922934
186.0,0.0032460038662127967,-0.0015985436555516791,-0.0027432036672758505,-0.003465814503434203
186.2,0.0034864242726078323,-0.0008354852247383823,-0.002817678782481051,-0.0031649258091551585
186.4,0.0038215455374976783,-0.0007822023595550413,-0.0021259442166630255,-0.003060752360520376
186.6,0.0045235969052934,-0.0010168508567245126,-0.0011360601778754545,-0.002782063159526079
186.8,0.004592260802643098,-0.0010682974183554756,-0.0006576369996536265,-0.0026773167227840703
187.0,0.004461685797520765,-0.0012099278267246345,-0.0009201358521382057,-0.0029678796646631753
187.2,0.004604812273361711,-0.0010726389740256372,-0.0013613511121162603,-0.0032543866454198852
187.4,0.0042892888669377625,-0.000852709968507299,-0.0010887161705292752,-0.0033526094532275144
187.6,0.004275228867865335,-0.001262081587564274,-0.0004183158312846382,-0.0031026311050420348
187.8,0.003911964503429201,-0.0019592521477658034,-0.0005117774821122393,-0.002949012363516261
188.0,0.003389767824300149,-0.002464816178550764,-0.001082350322109861,-0.0024149424343568857
188.2,0.0034160497980206413,-0.00293659473933649,-0.0010348060373838585,-0.0018208385554794651
188.4,0.003742240926299249,-0.0035254170475994846,-0.0005778311231510849,-0.0019279235310280972
188.6,0.0038678969087576906,-0.003889404863543114,-0.0003332533245936673,-0.0019562568845288434
188.8,0.0036302900845055597,-0.00419398644079864,-5.312929254478532e-06,-0.0015597161130586352
189.0,0.003855840174822612,-0.004140254607991514,0.0004146366313650792,-0.001291682933549649
189.2,0.004209287812959174,-0.003520289560910092,0.0008210192977698398,-0.0007797639175836122
189.4,0.004354419698200984,-0.0025564691421284024,0.0013368725998985957,-0.0002759698229192382
189.6,0.0046354072496358305,-0.0019960204665481563,0.001478432675047007,-0.0001593178844819546
189.8,0.005051727235104874,-0.001906565969080573,0.0017658040709711486,-0.00038158581694503575
190.0,0.00475332376016659,-0.0021092885507092386,0.0020311229513771305,-0.0005624713174032531
190.2,0.00395887516940696,-0.0023742017265139764,0.0017103947487977537,-0.0007501077667356724
190.4,0.0032994215835009575,-0.0025731377347837574,0.001554916674062016,-0.00076551797945765
190.6,0.002943537700566732,-0.0024135400026803334,0.001091626905752651,-0.00019082264308867291
190.8,0.002677233441329768,-0.0022740321047878126,0.0003666676814530282,0.0004084412742798231
191.0,0.0019355434893553658,-0.002274021916596372,-7.968784448261735e-05,0.00024924827764810675
191.2,0.0016440995033062272,-0.0020358633167773337,-5.4036800764153935e-05,-0.00022499947282946862
191.4,0.0021226039574842146,-0.0017878631273202232,-0.0004891811508315207,-0.0003426174622072797
191.6,0.00185557366856899,-0.001244917246260545,-0.0008253077379707601,-0.0005469014529091921
191.8,0.00125727354104202,-0.000897311103186273,-0.0004953526940711868,-0.0009236835056348086
192.0,0.0011594045701351068,-0.0008202595707143632,-4.138736939079648e-05,-0.0009198553468042957
192.2,0.0010141147599011823,-0.0006019773628947825,0.00016994701375585465,-0.0009708088253189676
192.4,0.0009622836492080926,-0.0002456674369862634,-0.00019842715674109207,-0.0011991221782023242
192.6,0.000803141066358377,-0.00025728506236501403,-0.00028634000879155255,-0.0011511700453528018
192.8,0.0009335001521469726,-0.0006280575533492264,-3.4437922924205236e-05,-0.0008721518227660392
193.0,0.0013786604298633902,-0.0005949927722596522,0.0002743895005447071,-0.0009119957847064548
193.2,0.0013596012067675209,-0.000337996437375052,0.000502521357750752,-0.0009424305696831938
193.4,0.0010925228873596288,-0.00015955463842267753,0.0007147148022588304,-0.0008393284213898503
193.6,0.0006804705872859454,1.5028516057950813e-05,0.0006335103714082491,-0.000783577048587639
193.8,0.00033742156521379696,4.753608446288467e-05,-3.361982783440436e-05,-0.0004872335529078833
194.0,0.0001969137981519498,0.00025602061999742225,-0.00013222433132871513,-0.0003224302175550021
194.2,0.0002420544469725789,0.0005149317517657495,0.0005520899236811378,-0.00025899979848766845
194.4,0.00017434829396513317,0.0006990774755253695,0.0010445567699371421,-0.0004493962054585029
194.6,0.0002116588911425637,0.0010185556900295049,0.0011264937026667582,-0.00038309175856808243
194.8,0.0006110144516507229,0.0013899725474629647,0.0010519902859928278,-5.939354421513238e-05
195.0,0.0009032492425947776,0.0016426948022531264,0.0012170985160700639,0.0002347829445768521
195.2,0.0006754165562145724,0.0016415245107697207,0.0013552699380155419,0.00039669502265644017
195.4,0.0005210910527671601,0.0015301491595534123,0.0009204751831173463,0.0003870600281132737
195.6,0.000596115267547902,0.0014456048289758934,0.0005544973881720262,0.0004593064432654286
195.8,0.0006993356731066412,0.001213238926167947,0.0003931653073793085,0.0006185498843013174
196.0,0.0007935299787873275,0.0007612576563257492,0.00012657476344221538,0.0007300867002820427
196.2,0.00048087003677124224,0.00034378798383810145,-0.0001340846042014997,0.0008083835940052964
196.4,0.00014576227049766983,0.00012327181948786902,-0.00023370061437290397,0.0007398636614288737
196.6,-0.00024023637878724247,8.14867295530661e-05,-8.42230117583512e-05,0.0005047007856843361
196.8,-0.0005453906679810727,5.997966722457261e-05,0.00014872219840467204,0.0004249462229236983
197.0,-0.00046531730698528157,0.00011105725679402518,0.00026851123765783425,0.0006350603869440814
197.2,-0.0003457470289434992,0.000242196087733739,0.0002395444040201902,0.0006878515266394397
197.4,-0.00027852866926458337,0.00024639511503817,0.00014495855001080596,0.0005370490750028601
197.6,-0.00029152264097729935,0.0001966277453517969,-5.6335103917015586e-05,0.0002783090320335681
197.8,-0.00027960461376056334,0.00016724939707220689,-0.00016954561253395433,-1.5133193542585747e-06
198.0,-0.00022260416246455323,0.00014857187643221205,-0.00020198332110813366,-0.00018443956033628426
198.2,-0.00023511975805475994,9.336131153256724e-05,-0.00022368430904429605,-0.00016100142286910578
198.4,-0.00023216213008240853,5.9027079253231584e-05,-0.00030361188302655,-2.132037821130878e-05
198.6,-0.00020818889265861686,2.934974008945529e-05,-0.00035747616349723205,-3.3329039780882457e-06
198.8,-6.364143618442043e-05,-4.733572467586965e-05,-0.0002061122056388282,2.0102759933484682e-05
199.0,7.633217306347176e-05,-7.244522440842309e-05,-0.0001724132588590574,-6.120852065720725e-05
199.2,8.647775190451371e-05,-6.960382363416597e-05,-0.00012751708205659725,-3.0320155919700424e-05
199.4,3.35372063030239e-05,-6.62274683902364e-05,-5.92518036077657e-05,2.5350595608606414e-05
199.6,-6.082778550108776e-06,-3.76847453356454e-05,-1.4724735323161073e-05,5.3897460265527015e-05
199.8,-1.723737510953064e-05,-1.1650354599969576e-05,4.9951938179129006e-05,4.010996194139121e-05
