time_ps,vacf_FT - 600K,vacf_FT - Multi-T,vacf_Foundation,vacf_Scratch
0.0,1.0,1.0,1.0,1.0
0.2,-0.21990799725014673,-0.2183167689137224,-0.3252782659982103,-0.2411810248709406
0.4,-0.13049195037183936,-0.1290093827539779,-0.04049200193119527,-0.13858491005372287
0.6,0.0003932407904256967,-0.0007521991964174364,-0.03688168958854845,0.023329315934264905
0.8,-0.028469560769543534,-0.02876654076535373,0.03802596273803802,-0.035993077002657824
1.0,0.0031326443154383447,0.0017407386758624582,-0.022437479275365362,0.011987883608093363
1.2,0.017403652456805675,0.016703848875180376,0.006491694617914145,0.018645082898739215
1.4,-0.004644937585063971,-0.004618454440954336,-0.0032123741053678716,-0.006358726550255813
1.6,-0.007453718946541388,-0.008152226458681201,-0.007024502535921161,-0.013401275678128079
1.8,0.0014858341647930459,0.001351678379674282,0.005540930690412779,0.004538864680044691
2.0,0.00036473865856914207,0.0009458913704767949,0.004595756769425472,0.001572760514161741
2.2,-0.002047861356041321,-0.0012826198330257255,-0.005504794313598289,0.0013255892999823127
2.4,-0.000919092654133311,-0.00017950200334653074,-0.0017371205143688992,-0.0005628134464225843
2.6,-0.000995485261550049,-0.0010490474283530147,0.0024404055850775212,-0.0017098131350471474
2.8,0.00047675670237039085,0.0003706579878772465,-0.0002735769327310165,0.0005495598920008413
3.0,-0.00010840560187579783,-0.0009796146170664643,-0.0005153807268317831,0.0007102604655971368
3.2,-2.723669015422688e-05,0.00018695737078895216,0.0012781921100743006,0.00037470601584365396
3.4,0.0006010782781590227,-0.001505979325820248,-0.0006883293143154456,-0.0012460330197668224
3.6,-0.001043803832629995,0.0004947044058006768,-0.0012328243070579977,-0.001042749716403344
3.8,-0.0007143918856747961,-0.001489798622510478,-0.0007166585587114386,-0.0002470415014125123
4.0,-0.0001972058133675831,0.0007911393226373999,-0.0004466472762169324,-0.0004458704358950855
4.2,-0.0002319193371347948,-0.0012488238065669571,0.0003637252345007351,0.0007771981389649811
4.4,-6.281072778375515e-05,0.0008229250054578617,0.0012380476902591902,-0.0012166421256770976
4.6,2.414211274609924e-05,-0.0005978572701137656,-0.0008317592489369233,-0.00044169831087408133
4.8,-0.0010451447580716751,-0.0005283175248338709,-0.0008680576394178894,0.00013182574749368652
5.0,0.00014277531141898675,-0.0007227497018992645,-0.0009081053702635561,0.00022584422760073576
5.2,-0.00015858222145103329,-0.0009207143719920201,0.00016389351612047256,-0.000375079738358874
5.4,-0.0012128278740189992,0.0008517390643084959,-0.0005798775588522707,-0.00046425075454926116
5.6,6.903260379431415e-05,-3.9810036393443855e-05,0.0007557640716246953,-0.0005917262351485684
5.8,-0.000550263693252646,-5.9784973739637833e-05,-0.0013643640275639477,-0.0007602258033074012
6.0,-0.00034035278998239215,-0.0004863558729696279,-0.0003089202118068737,0.00045355937315548093
6.2,0.00023423254019509194,-0.0004902328163212479,-0.0011741299076961683,0.0003850329828407135
6.4,0.000135763723738033,0.00027706209970455777,-0.00014764482601572029,-0.0010654251622180318
6.6,0.0003634202290636092,-0.0014427255923323227,0.0003221633871457858,-0.0004326177319927638
6.8,-0.000606740478224583,-0.0005011429842258231,0.001308845324870771,0.0004708438389040448
7.0,-0.00024815467973044207,-5.582570124055963e-06,-0.0006758461577209342,-0.00018254378744822562
7.2,0.0002683509770539679,-0.00039196027186992935,-0.0018144202522457815,0.0001246002063032308
7.4,-0.0006043154321111649,-0.0005642222200885997,0.0008119683701268915,-0.0007446160784191908
7.6,-0.00024146763417893973,-2.1037520318834143e-05,3.8440326189606804e-05,-0.0004964139664436501
7.8,-0.00043593615903199406,0.00026067926570711065,-8.132864195753977e-05,-7.194696687442103e-05
8.0,-0.000804864781373394,-0.001258571802027433,-0.0005090366636422882,0.0006469136754643874
8.2,-0.000416615552599153,0.00028421089414020206,0.0001155161279599564,-0.0006171875964307447
8.4,3.176363213552214e-07,0.00023709933418920195,-0.0011736518021089328,-0.0008254160096961902
8.6,0.00017315847781059087,2.6755729492271762e-06,0.000867205453799896,-0.00033459751075413875
8.8,3.3756479286630296e-06,0.0004503487657061607,-0.0012417154587296881,0.0009155866329729837
9.0,-0.0003604197421356982,-0.0007867037875919197,0.00034156278962930916,-0.0014865649423874607
9.2,-0.0007300834903123452,-0.0009541034251245059,6.280353278169085e-05,0.000859734577165797
9.4,-0.0003714748105205005,0.00021327465573455157,0.00012775619749148663,0.0003006258046455398
9.6,-0.0006356558370247189,-2.9467056273945825e-05,-0.001009199571201059,-0.0014347735846925497
9.8,-0.0003573040427145094,-0.00024221747819533668,0.00020467831414300213,-0.0010612219140517856
10.0,0.0004865386114585122,0.00037063111825239964,-0.0004977461164891536,0.00032487694546347534
10.2,-0.0005369254086372298,-0.000788558031182132,-0.0008149239979569452,0.0006238852225175872
10.4,-0.0001584116877938536,-0.0008161646174794498,-0.00028648762546413506,-0.001129343006061398
10.6,-0.0008025551287901204,0.0003999462351916745,-0.0004093465972780724,9.373186426856008e-05
10.8,9.000937471510543e-06,0.00030077712583954013,0.000333574885588258,0.0007043169795550664
11.0,3.8256039752064475e-05,-0.0003033122419563011,-0.0013244019923450796,-0.0011356934939472788
11.2,-0.0012066781764848158,8.261790343657566e-06,0.0006662095790761269,0.0007303594065899911
11.4,0.0001659043094710056,-0.0003192069775309922,-4.122222864208287e-05,-0.0012526935118238683
11.6,0.0002664670377408233,-0.0007488988002025402,4.239075845664273e-05,0.00012019506371621981
11.8,0.000580383100748892,-0.000989959154777875,-0.0007938498431399707,-0.00047724476222959925
12.0,-0.0001604599033193622,9.891486319904433e-05,0.00027492100931627433,-0.001343752838728664
12.2,-0.0010882774115373584,-0.00016715661168745322,-0.0008832234658518145,0.0013213855294604848
12.4,-0.0003410797382847246,-0.0006688112382086256,0.0003816932829694771,0.0006477772011714071
12.6,-0.0016793677741863183,0.0005303169396909283,-0.00040910243750491945,-0.001250054893058597
12.8,9.991100924304785e-07,-0.00033467893068207826,0.0003330406678219294,-0.00030214175639745267
13.0,0.0010045468739953475,-0.00010875388195552304,-0.0011588603926361912,-0.0009325397363886141
13.2,-0.0006768623947127593,0.0007494941060193742,-0.00016319725357189017,0.00022917147379170443
13.4,-0.0006068169651316664,-0.00022926345913307876,0.00024832328265044266,-0.00010981883547111922
13.6,0.0008675960035673963,-0.0001463146856304277,-0.0005856450894538431,-0.0006202473325775657
13.8,-0.00022420825375234926,-0.0009448171341760389,-0.00036207270755780197,-0.0014982446517775878
14.0,-0.0002148436536313042,-0.0007382283157212074,0.00023822383406929052,0.001334108705204974
14.2,-0.0011357399497749496,0.0005037591475744084,0.00040901100808324466,0.0005948516098568593
14.4,-0.0014259693330232494,0.0009169283394656616,-0.000601114000354433,-0.0006016858023600282
14.6,0.0013266785297335595,-0.0011035700034511028,-0.00047592665120103645,-0.00019927907192432738
14.8,8.510352588198993e-05,6.700783068100192e-05,0.0005977745834183358,-0.0014088896781615904
15.0,-0.0005323511755469025,-0.00025426309260398835,-0.0007757472905198468,-0.00042680558215002024
15.2,-0.0006922760754519202,-0.0010938501097004013,-0.0005286265387392846,0.001290609858131366
15.4,6.6303270176793026e-06,-0.0003768550309557793,0.0003675980952701946,-0.0012077287861089728
15.6,-0.0003461762560571841,0.0005864945984810477,-0.0003699751126995962,-0.0001605145740510107
15.8,0.0006990590439517377,-0.0008145781958309089,-0.000707500472529796,-0.00031840871396511175
16.0,-0.0005212443686995765,-7.011050322481958e-05,-0.0006737745918844271,0.0002579252176720837
16.2,-0.0007002677869921603,4.1292179611506e-05,-0.0014950083597793878,-0.00025170650305838947
16.4,-0.0005257572469726399,-1.938495932384445e-05,0.0013500188458212745,-0.0008085708165734997
16.6,-0.0003240394318482637,-0.0004924168183397035,-0.001079750756508737,0.0003394411673083399
16.8,-0.0012050021231847635,-0.00042234579777683566,0.000958285935284955,-0.0007929520298470389
17.0,0.0006874996994851263,-0.001603793222963076,-0.0011458077608485957,-0.0005770174692637786
17.2,-0.0003075865870868193,0.00018944261978534607,-0.0007672206408790495,-0.0003801497123839203
17.4,-0.00012354910274536238,-0.00018266753967503412,-0.00024317638041115205,0.0001765432122565856
17.6,-8.336181976657375e-05,5.383237416771457e-05,0.0003537999153092303,-4.475235426192482e-05
17.8,-0.00015745499608018062,0.0002486248693602596,-0.0002731003196670548,7.638973972857343e-05
18.0,-0.00108691657871865,-0.0007297456840821716,3.631816813194517e-06,0.0005469455661891828
18.2,-0.000813675167406834,0.00023108525830103246,-0.0002907773887350663,-0.0018719269166016753
18.4,0.0007058299813473471,-0.0006534003446608781,0.0005414330679562552,-0.0005954714223706983
18.6,-0.0009771591659448846,-0.0002976281731692847,0.0002650850701199486,0.0003042012732306649
18.8,-0.000773265229344272,0.00013395364046808498,-0.0005122776180526274,-3.4823573681781097e-06
19.0,0.000793091444851374,-0.00018748716042600545,-0.0008547743128767886,0.00030372619124971386
19.2,-0.0006925817957261533,-0.0003503692838598081,0.00027578052358576436,-0.0005908671077364068
19.4,-0.00027167068938608224,0.00035186125840037263,-0.001180732457122583,-0.0006531635479777668
19.6,-0.0013920574237287371,-0.000730757426782473,-0.0009297881955898712,9.879539695350476e-06
19.8,-2.9432639230715844e-06,-0.000594428494414989,0.00017755743884858893,-0.0005629296516068104
20.0,0.00012213069690224105,0.0001978777730621416,0.0008249233483528716,-6.754400197255104e-05
20.2,-0.0004608006116206412,-0.0005243097928809362,-0.0010943902529420514,-4.177387234334702e-05
20.4,8.798197910685943e-05,-0.0005938451069981306,-0.000487571332900042,-0.000637214274982993
20.6,0.00026855822180726387,0.000365536891885551,0.0007104762603042343,-0.0002510058928143905
20.8,-0.00014907531404136635,-0.0008290435160987899,-0.00019548302665370806,-0.0005377669659601436
21.0,-0.00035290458730910914,-0.0004481289434424599,4.384908255140172e-05,0.00022629962522918178
21.2,-0.0006814764553590614,-7.282024641694993e-05,-0.0008216995069919294,-0.0013138733606136157
21.4,0.0001734425141627197,0.00035519036371780215,-0.0005659861115401453,-0.0006325857988989215
21.6,-0.00024690355656918763,-0.0006306011469133662,-0.000682328449826727,0.0014922204682772154
21.8,-0.0001878570844688389,-0.0001275219359779446,0.0005433868836744866,-0.00031906056573896313
22.0,-0.00038839549322751236,-0.0003430954586143404,-0.00026768594809259834,-0.0005271584215255741
22.2,0.00011695242558722527,-0.0006564500361509186,-0.0004236124659714152,-0.0003049305441757834
22.4,-0.0004801383358761382,-0.0006887026022854504,-0.0002384724451489969,-0.0005165366494375287
22.6,-0.0007508713850532853,0.0004847222573209354,0.0008307610758970105,-0.00044388212020107006
22.8,0.00031384954150096743,-0.00036055516988931895,-0.00047863614000159897,0.0005070642655670922
23.0,-0.0007872360337671812,-0.00036560710856604705,-0.0007873940079260959,-0.0017345102681960729
23.2,-0.0005876637740829586,-0.0003236430549789822,-0.0005607113725871799,-2.574187448534538e-05
23.4,0.00021940870086897173,-0.000553028784351906,0.0007125965628689499,0.0002956562661721761
23.6,-0.001282243604503656,4.412213174925971e-05,-0.00032030737490132,0.00037447600637689196
23.8,0.00018021336581518024,8.763802811820932e-05,0.0007828882105667755,-0.0008377419321805381
24.0,0.00045204885049245454,-0.0001538532094207606,-0.0016869038194344476,-0.0007015921404332641
24.2,-0.00023498451801860646,-0.00016832133881472685,0.0001757195711396122,-0.00019740138423910694
24.4,-0.0003120077072894766,0.000573030590617571,-0.0010800747257738161,0.00019485396751998824
24.6,-0.001081480934526071,-0.001011536072885597,0.0010507063072032379,-0.0007137428786713148
24.8,0.00031981571145668815,-0.0008538062001678444,-0.0008967556550404905,0.00044823472959462434
25.0,-0.0005969687630066515,0.0004641805340001671,-0.00043265360235823384,-0.0001146241633113881
25.2,1.7648019116407792e-05,-0.0006592431419890376,-4.462659563974678e-05,0.00020942523441101814
25.4,0.00017948192139636602,-0.00012085876605054235,-8.124346192889368e-05,-0.0003534210788142069
25.6,0.0004883674029742736,0.000530735602430436,-0.0012469654710435274,-0.001274160279051541
25.8,-0.0008196716578936291,-0.0011187508041826967,0.0003126729800330302,-0.0014137350401405699
26.0,0.00023991074521356943,-0.00012230033170308329,-0.0011427146358030705,0.0017820717251282618
26.2,-0.00021164363013876242,-0.0005073289668118447,-0.00039196087599628013,-0.0007892242974641008
26.4,-0.0006496038015096148,0.0004466102304470695,0.001427501472882144,0.000785526555211955
26.6,0.0006016935228781443,-0.00035005141236326326,7.734260573373828e-05,-0.0009707869794530257
26.8,-0.00025977050538689947,-0.0010552473369531933,0.0003619931065437649,4.6707747748766875e-05
27.0,-0.00019522652577383558,0.0004347353695686547,-0.0015355830548396583,-0.0009271507718445305
27.2,-0.0006885310998547791,-0.0004101076904029425,0.00045990533555091624,-4.0793575007474314e-05
27.4,-0.00041578359355658076,-0.00039358187154791435,-0.0002169242609579879,-0.00039066992379535045
27.6,-0.00036173387181472945,3.588990136385591e-05,-0.0004252053985283549,-0.0001512868863396185
27.8,-0.00023740962169596053,7.440138357193952e-07,-0.0009860250334546381,7.970773280398544e-05
28.0,-0.0006908434638218818,9.020720212018939e-05,-0.0004123330910711798,-0.00011582927728432838
28.2,-0.0008200413683230535,0.00026318457157190576,0.00040285539802618203,-0.00021767432728595884
28.4,-0.00026834268961127794,-0.00025801337445764525,-0.0004724734420387692,5.939302542062108e-05
28.6,0.0009320114753822282,-0.0010272847790392693,-0.001235887636357,-0.0008457555783002753
28.8,-0.00012610025320951407,-0.00063426568397648,0.0006758060783234224,0.0007882077526101062
29.0,-0.001322052517211958,0.00045751312318821977,-0.0007746677646983126,-0.0002562744073689253
29.2,4.541647355668047e-05,-0.0007325765480439587,0.0003982088140798011,-0.00048602141440039865
29.4,-0.00022779089425883906,0.00029580951131687335,-0.00037932123886524487,-0.000575323861309578
29.6,0.001015586854751778,-0.0005600069252548132,0.0004798919412099028,5.275863714500226e-05
29.8,4.32598765210807e-05,-0.0001928544528397185,-0.00037886212592028336,0.0005749437080556936
30.0,-0.0006904281916399986,-0.0001902183036840748,0.0005264705796777324,-0.00034159523204150053
30.2,-0.0010207067339497863,-0.0007475072470931937,-0.0009979132790317745,-0.0004545732432940446
30.4,-0.0006322698093298223,-0.0008199808331648166,2.1628096011040562e-05,-0.0007819223412672728
30.6,0.0004958909542512657,-0.0002660087637963745,0.0011259585769736898,-0.00011441955328350575
30.8,-0.00010953070421511873,-7.963257981240554e-05,-0.0010059716195750716,-0.0006987458909716067
31.0,0.00013991032290548589,-0.0010969731753352494,6.017834691157101e-05,0.00022269667981622367
31.2,-0.0002933677018135022,0.0004504497207397694,-0.0009644448128792105,-0.0001767735017867063
31.4,-0.0006285883989546563,0.0006254088302440567,-7.000351821458851e-05,0.0003434409573068138
31.6,-3.0385302668264236e-05,-0.0013560585350791707,-0.0007099786518466015,-0.00012454352692831884
31.8,-0.00018327815523705912,0.00017327441909140932,0.0008242823462488737,-0.00024636738583246363
32.0,0.00036976183752927307,-0.0007070547614151697,-0.0005258948618110313,7.638067953437774e-06
32.2,-0.0002711099407559613,0.0004879929448322613,-0.00018069887410986302,-0.00020753271954253183
32.4,-0.0006821495613610456,-0.00021508504400724753,-0.0010747145242909872,-0.0004884187173801029
32.6,-0.0003608670411193039,0.00015707050317309993,0.0011632054372349688,-5.977205830141188e-05
32.8,-2.6190386146939628e-05,-0.0014364374818143222,-0.0001015618065583036,-0.00010787120792330334
33.0,-0.0008472603987651116,0.0009111702138309268,0.0004073162502407464,-0.0006458795291920137
33.2,0.0005318345792784805,-0.0002514261202882641,-0.001089973890321403,0.00013954556929626915
33.4,1.4690284546457018e-05,-0.0006149550098988308,-1.2891898590282162e-05,6.128470469336287e-05
33.6,-0.0003054283683839616,-0.0004919671253993939,-0.000706138238424354,0.00010442005432632403
33.8,-0.0006530658355042426,-0.00020456620698906022,0.0003256633362225953,0.00021372170015794144
34.0,-7.061416019660967e-05,-0.0006194305532106927,-0.0011845006933762909,-0.0008698838533185825
34.2,-0.0006306355219865481,0.0001794112160519513,0.0002014784922689318,-0.0011464393499831971
34.4,-0.00016324828008816558,-0.00023731875683793402,-0.0001810789976098319,0.0007614452661456033
34.6,-9.802079810786548e-05,-0.0006410475753376418,-0.0006910879732622998,0.0002770439520858535
34.8,-0.0007280883556156016,0.0005921597993993554,0.00027202561226902315,0.00019664886718356606
35.0,0.0003761843750255437,-0.00028877085199996276,-0.00023422486030015015,-0.0002741960910709645
35.2,0.00019760424069298823,-0.0006225158029157602,0.0003406839502966004,-0.0004107859440855061
35.4,-0.00040909950220862924,-0.0002798770286649421,6.567910530725422e-05,-0.0002473013116609432
35.6,-0.0005259759979879625,-0.0007744360439563376,-0.0008514975878104383,6.179871106755203e-06
35.8,9.891918623044073e-05,-0.0006468646159843113,9.410934155243e-05,-0.0008225333246991434
36.0,-0.0001428174808731919,-0.00040248219354780047,-0.0005848817398844277,-0.00010119074265290528
36.2,-0.00010833401890855388,0.00028069465886500043,-0.0005872432930545056,-0.0008023792479107363
36.4,-0.0003775624245304821,0.0004666059321408532,6.5872268491949655e-06,-5.0092570374160655e-06
36.6,-0.00017479575210432107,-0.000867527483758371,0.00011208016245903517,0.00020945226800871803
36.8,-0.0014278820030919372,0.00011332677686140353,0.0007268766263607505,-0.0005484765130043139
37.0,0.00011868949971406127,-6.018989264259902e-05,-9.714665912063831e-05,-0.0007293003103014304
37.2,0.0004029267151821251,-0.0012713840503820232,-0.0007332346419160757,0.0002666628582899659
37.4,0.0003901710955163614,0.0002612997892971343,-0.000710691792825491,-0.00012652548418709013
37.6,-0.0007663157123021603,0.0007199851152871785,-0.0006775842408099237,-9.61958177868721e-05
37.8,0.0003164421867127133,-0.000987592363047874,0.0010693827071951996,0.00010485882712389016
38.0,0.0006781666025365325,-0.00015094765374970058,-0.0012477126131394862,-0.00032148614802212803
38.2,-0.0015041824378807334,0.00016361424711945508,-9.574953774194733e-05,-0.0006578318774321029
38.4,-0.00011067636157619015,0.0002176134603692186,-0.00020808685585748193,-0.0003287338639457147
38.6,-0.00015016256797881363,-0.001080455756963505,0.0003094702711356504,9.574787511289669e-05
38.8,0.000502638238433162,-0.0006732425708946547,-0.00015364753153792316,-7.340791035371308e-05
39.0,7.682994415186339e-05,0.0002472806163519556,-0.0005479827937466525,-7.626854368990066e-05
39.2,-0.0007084417420933868,0.00041143654319942695,-8.611185092244258e-05,-0.00044865002684652054
39.4,2.3876283905162884e-05,-0.00034197956121538256,-0.00022480534215372607,-0.0005815544566837088
39.6,0.00023576128430287122,-0.0005165096629897888,1.1645611192054013e-05,0.00037708507446377286
39.8,-0.001416843909890428,-7.111327423082125e-05,-0.00043526800514548657,-0.00014164653759880195
40.0,-0.00013212286669437155,-0.0007252350853714254,0.0003550935405256823,-0.00042632056288056784
40.2,-0.0003261560515134716,-0.0003164246180229259,-3.971308582579211e-05,0.00023576605194052812
40.4,0.00044382260929999394,-0.000770434904129319,0.0002503479135694102,8.481514503418406e-05
40.6,-0.00018704715233409667,0.00021408660358935766,-0.000784024749606212,-0.0004825687153439742
40.8,-0.00037626142240144013,4.4152899132763334e-05,-0.0002970356346028691,-0.0004662583470273205
41.0,-0.0009032431269516459,9.347570179915096e-05,-0.0005504577594334469,0.00024296200910676712
41.2,0.0004084174634842927,-0.0005848591432366642,0.0001353581816498013,-0.00012160891467636551
41.4,-1.758004911476127e-05,-0.00017088697568049538,0.0002715513447233024,-0.0004427419091049515
41.6,-0.0007146415991435027,4.072017738407735e-05,0.00044909227252154364,0.0002564222489211898
41.8,0.0003003444975785209,0.0005927184580707531,-0.0016215131101093275,-6.99549404967031e-05
42.0,-0.0009408251017667371,0.00019045865320460866,0.0003220168005933054,-0.0006284651919491619
42.2,0.0004202804467994457,-0.0005282431726555829,-0.0002719943287896221,-0.0005936995394821517
42.4,-0.0006269506805625064,-0.00031734895364722695,-9.138177628339828e-05,0.000894786979559329
42.6,-0.0003895013764209628,-0.00011770867581897551,-0.0003141792226078217,-0.00016335475676579748
42.8,-0.0008538640187123439,-0.000131895909133545,0.0006999231963227519,-0.0013618119942313083
43.0,7.018765468449695e-05,-0.0005827224416827012,-0.0005793787861987746,-0.00015479833878517235
43.2,0.0004995125153668968,-0.0005841602069307762,0.0004652953438264989,0.00040559326623598393
43.4,-0.0004356149262344197,-0.00019193087489819587,-0.00015519157874340327,-0.00017677801832316717
43.6,0.00031704271625149384,-0.00016675684488144928,0.0003488873689834391,-0.0006861585972678786
43.8,-0.0009080764717637307,-0.0007375647548233118,-0.000222534433994695,-0.0005098883497375818
44.0,-0.0005009529599964905,-0.0003330794041846744,-0.00027456153555610965,-1.4250302644107596e-05
44.2,0.0006824582651588524,-0.0008672081915018781,-0.0003823733807621447,0.0002679031661778066
44.4,-0.001916203985793256,-1.8481591479947416e-05,-0.00018657544748374097,-0.0004904905483683118
44.6,-0.00020050586431343657,0.0003163733561251214,0.0005925451504400167,0.00018066298371975146
44.8,0.00037057777102783676,0.00045508103611750826,-0.0006926259201450203,-0.0006512542745806613
45.0,-0.001100157468784654,-0.0004491785112082178,0.00045375043877854664,-0.00036282234812816746
45.2,0.001086018801921177,0.0003830490970231937,-0.0011449011223558835,0.0006953535110651507
45.4,-0.00028299694742637405,-0.00021094655368912859,-0.00011471240485840352,-6.650895731858578e-05
45.6,-0.00011391702423508257,-0.000540655997505754,-0.0007268630810160335,0.00038618108897199615
45.8,-0.000644565733423543,-0.0007126909741605188,0.00040122738703117787,-0.0016853857791069623
46.0,0.00031135222063724164,-0.000609090860111348,-0.0005037312821938429,-0.0003993920376460043
46.2,0.00031516828989874276,9.242735650024081e-05,-8.819761772154351e-05,0.00038133434640201194
46.4,0.00013104275104101572,0.0003254189490403945,-0.0003423214527685061,-0.00030953904253452246
46.6,-0.0004359034517324195,-0.00014117197582011728,0.0006566080700297195,-9.7574698539512e-05
46.8,-0.0007760359563290615,-0.0002874340699858455,-0.0008478973812563363,-0.00044425500347807477
47.0,0.0007250517108879804,-0.0007332540593643621,0.0002986237945304745,-0.00028337656411255317
47.2,-0.0007695799427234616,0.00031831024317395426,-0.00033323228019608767,-0.0001575342744599639
47.4,-0.0002632021944973057,-2.100053611209407e-05,-0.00022118336316605624,0.000629102221426322
47.6,-0.0001586970390899042,-0.0008483115557304249,-5.963739016640928e-05,-0.0013486211419970631
47.8,-0.0007107518839393881,-0.0007797045138585012,-0.00022563952830301695,5.169449167252265e-05
48.0,-0.0003406751523014149,0.00036166915006992476,-0.0002029076624055765,0.0005825477273515814
48.2,0.00013170696350967056,0.0003943184669267257,8.263900590496527e-05,-0.0013697124232861218
48.4,8.889505500795114e-05,-0.0004214454787379057,-0.0006747952403728183,0.0006157023844711165
48.6,-0.0008161522349659675,-3.2523589220075814e-05,-0.0009384105506034891,-0.00031389584780709364
48.8,-0.0004396198252720936,-0.00042420954057734536,0.0004830662028806251,8.791804853311968e-05
49.0,-1.3661047715728963e-05,-0.0008625699075014037,-0.00043495880396305655,0.00043757059363710304
49.2,-0.00025652461535022596,-0.000663301482141798,0.0006157711368537877,-0.0008762513213086408
49.4,8.705184864071889e-05,0.00036076016583572683,-0.0006036142005087958,0.0001747609179046206
49.6,-0.0006205670284209334,0.00012797555322744978,0.00047785025068888235,5.372070242226063e-05
49.8,0.00045241508763282126,0.0002466188698646056,-0.000987136335797152,-0.00043099479426398046
50.0,-0.0009787834223181984,-0.0010849670284587064,-0.0008865267582198183,-0.00037563057874932256
50.2,-0.0004689811594322164,0.0004193751335921714,0.0012506400835212235,-2.4520475126535435e-05
50.4,1.750119491757686e-05,-0.0007047061369380853,7.601811365492575e-05,-0.0005881169187652783
50.6,-0.0001902341074204425,0.0008876762677877916,-0.0004976439372572014,0.0003198019928036461
50.8,-0.0003639082983150014,-0.0003643844880961507,-0.0005369059654385842,-0.000810207339417676
51.0,-0.0002097415422845955,-6.548689681468529e-05,-0.0001565874829803956,0.00045316164424743025
51.2,-0.00010905821947622131,-0.00033763410070525497,1.4263274816523017e-05,-0.000491001920055549
51.4,0.0005552404224879231,7.347826936372072e-05,0.0004425130086187002,-0.00013173404853209698
51.6,-1.630923009663503e-05,-3.598202856714132e-05,-0.0002304821194368691,0.0005852080692313313
51.8,-0.0004971654477024835,-0.0011735507282680383,-0.00022358057404999626,-0.0004086394616972201
52.0,-0.0006141464608923334,-0.00024335027781482817,-0.0008674741149881874,-0.0005136026771970095
52.2,-0.00019308249462463193,4.651996908588215e-05,5.891464582422032e-07,0.00044566428621646174
52.4,-0.00047277918010065807,-0.00013447625395549015,0.00026889878285336617,-0.0005220908275452195
52.6,-0.00015816238186637296,9.164696989539975e-05,-0.0008565495503704482,-0.000871869381160525
52.8,-0.00032874645512830076,-8.497047196638021e-05,-0.0002572594336494692,-0.0004170296736019547
53.0,-0.0001081428493918541,-0.00028510000080052565,-0.0005263137047008907,-0.000556448033467182
53.2,0.0005081981446737595,0.0005229345375836861,0.0005846054416329084,0.0007262306132182253
53.4,-0.0002060474536763213,-0.0006227839149446188,-0.0002754685957503415,0.0007446391471320673
53.6,-0.0003909614347185868,-0.0003883895123246082,-0.000473672439025813,-0.0012777952807052557
53.8,-0.00013838150966034854,-2.110733665900123e-05,-0.0006579959185680021,3.0500119138531976e-05
54.0,-0.0006521094785481148,-0.00035383279849045566,0.0002456179298435677,-0.0007057411508520923
54.2,0.0002786913971579169,-0.00019586357356970768,0.0002758123306459539,0.00030277271648937156
54.4,-0.00033508220385463614,0.0003428070549081671,-0.0004363306318167466,0.00014621610600969328
54.6,-0.0004316359182160957,2.357529367495898e-05,0.0006688290332864784,-0.0003996967188038439
54.8,0.0006452716464598454,-0.0003438108602942797,-0.0009325708311477527,0.00010808762468372318
55.0,-0.0005258225560476549,2.872092397945993e-05,0.0001449300924645013,-0.0009649822252613847
55.2,-0.0007933650543388189,-0.0002480170386149386,-0.0005578204260727465,0.0002647941307173924
55.4,0.00048615843685406306,5.6620325596430016e-05,0.0003877617533899996,-0.0008967419493130622
55.6,-0.0007553476352572119,0.00020408040533989244,-0.0006811001213410739,0.00022733742704871834
55.8,9.458341511987161e-05,-0.0007157918866189998,-0.0009542796881293029,0.0003127642462277516
56.0,0.00017638877159677042,0.0004896357590045578,0.0001305279745077314,-0.0005138501281434941
56.2,-0.0007304356122321986,0.00011430362863313764,7.166178920120004e-05,-0.0008622491461713826
56.4,6.584726655082551e-05,-0.000728296693702087,0.00011642733988113853,5.46270125597085e-05
56.6,-6.805054792718817e-05,-0.00041167161713861615,-9.33718007300814e-05,-0.0009124033429361972
56.8,-0.0005594122335623905,0.00018656229354343962,7.021009478280072e-05,-5.525169279470098e-05
57.0,-0.0003001761620304747,-0.0002494792130915838,0.0004859992820594919,0.00035265061629898177
57.2,0.00015738949175035663,5.39580474299657e-05,-0.00036822614427075364,0.00024398991537398704
57.4,-0.0010738661130170384,-0.0004169445820956586,-0.000970189105640756,-0.0002990272859006766
57.6,0.0005329221460175122,-0.00024881327824343834,-0.0005220573683586471,0.00033757461757979226
57.8,0.0007215421135280507,-0.0003102554262570546,7.646880532525581e-05,-0.0007852665005648067
58.0,-0.0007470406652658928,-0.0007705988048143991,-0.00045607980415841674,-0.0007286655850881287
58.2,-0.0009184519049034997,-0.0004888565901723477,0.00036660557518825693,-2.883903117540443e-05
58.4,-8.085000421357244e-05,0.0002659001044460108,-0.0010418483989526452,-0.00038551050594157345
58.6,9.84823348837904e-06,-0.0010198802435266857,0.0006721581051089353,0.0001660056273801093
58.8,0.0002935826359164124,0.0006101920880324092,-0.0001381018316327715,0.0002029685472235562
59.0,-0.0004452768385216453,-0.00024148976198984872,-0.00023207801577944585,-0.000925765867984992
59.2,-0.0001577648124659634,1.7253884057104638e-05,-2.9135427994072198e-05,-0.0005725802784483934
59.4,-0.0007475003217967732,-0.0003324587520931907,-0.00029907463775817264,-0.0005643382423579031
59.6,0.0007756639802189879,0.00040580214199062615,-0.0008011409590363254,0.0009514839935725457
59.8,-4.315413381735415e-05,-0.0005174667716921526,-1.7331834102985453e-05,0.00011255475316102554
60.0,0.00019468319051219775,-0.0002781886440760859,-0.00010408585434614917,-0.00014150798786869185
60.2,-0.0001542272596496302,-4.584175635920753e-05,0.0003564446060318282,-0.0007423364337922443
60.4,-0.0009016655384515606,-0.000738050067479057,-0.0007848671188113847,0.00016867968379230167
60.6,0.0002508899168707595,-0.0002372447964333242,-8.5051253857153e-05,0.00026935303066643815
60.8,-0.0006410533359952399,0.0004139496718110567,-0.00011007254305958278,-0.0005722805180547673
61.0,-0.00014561311436407244,-0.0006672621114920716,-0.00017248024131849785,0.0002303850206889259
61.2,-4.8818134699428246e-05,-0.0005647559456825147,0.0002645369915484515,-0.0008330734534873095
61.4,-0.00017825800193210512,0.00040384995997032905,-0.0004983492000607646,-0.0002685077381903648
61.6,2.2811083678916737e-05,-0.0005165269883471518,-3.4102310165522673e-05,0.00022030662544815169
61.8,0.00041539406741516576,-0.00014724981115200696,0.0006681743853882265,0.00022146981538672436
62.0,0.00024352075875753914,-0.0001177466142541264,-0.0012133650775662554,-0.0007279000639531675
62.2,-0.001182960998180066,0.00022445356590532735,0.0002796220044708281,-5.627780303176029e-05
62.4,-0.0005417527876649932,-6.655972569648271e-05,-0.0005006150714158955,0.00013974656327306797
62.6,0.00016857346759003417,0.0004651206994147579,-0.0009989329232761046,7.16751529042053e-05
62.8,-6.937865695639279e-07,-0.0005925387080224193,0.0001368240494078979,-0.0005056638337471293
63.0,8.411372028494498e-05,4.722625532777679e-05,-0.00026334506539058976,0.0005970565855421076
63.2,0.00019831556873160666,0.0005047540454190917,0.0009733584870238736,-0.0008074955828750702
63.4,-0.0007707221117431344,-0.0012913717035634078,-0.0014404342347441085,0.0002856838124182485
63.6,-0.00024472899061938176,-0.0006083125294544937,0.0014574610571468913,0.0006656460479028663
63.8,0.0009018490866094476,0.00046386608403984177,-0.001626535624839343,1.4365778221527365e-05
64.0,-0.000525526247542526,0.00048768246728796236,0.00023381013326133877,-0.0006222847667374251
64.2,-0.0006415505178445708,-0.0005105612718329017,-0.00034980793327099943,-0.000885839054398126
64.4,0.0003871745364986782,0.0002979375876476791,2.6796716230157298e-05,0.0002905340406792368
64.6,-5.534948520943952e-05,-0.0007725350531115429,-0.0006422956267175456,0.0006062646353914005
64.8,-0.00012133415062729445,-0.0010049806472185003,0.0003393226523559103,-0.0007650056906113573
65.0,-0.0006423289280509223,0.0002094901990175427,-0.0004856421316259368,-0.0006978514166330074
65.2,-0.00019275374011285668,0.0001804006568343218,-0.0004912254134234988,0.0006765827276412048
65.4,-5.3950382913500675e-05,-0.00017456768568326823,-0.0005607631156797625,0.00018313707370917274
65.6,-0.00011786584393549267,-0.0008967469812773042,3.099435408939011e-05,-0.0014653755476136089
65.8,-0.00033732713197474093,-0.0005464770533114164,0.0002066032319995493,0.0006876977349483496
66.0,-0.00031138960173914546,-0.00019540784259291927,-0.000199513701508551,-0.0006054985790770917
66.2,-0.0003986933478342354,-0.00020412283868227708,8.929041579455385e-05,-0.000477586357573481
66.4,-0.0004145164476103879,0.0006959275524299159,-0.0005099457268859151,2.622085832929009e-05
66.6,0.00022206668665355586,0.00022650842383451744,-0.0001008815631389371,5.0697161027835285e-05
66.8,0.0007866395760328454,-0.0005151811109151745,0.0005573371829572824,-0.0010166141627345232
67.0,-0.0002529258029598759,-0.0008689578882399277,-0.0011020187774175639,0.00031383668347492613
67.2,-0.0013106024326925883,0.0002479469742465361,-0.00013415532930693188,-0.0006555850114732036
67.4,-0.0002815925149866872,0.00012095738852671923,-0.0005054476077425927,0.00020950640789257953
67.6,-0.00012903678281191023,-0.00025788648250403063,0.001008828357107831,0.0003149972196523348
67.8,-0.00029759542357879584,-0.0005651751665403616,-0.0006387422106789606,-0.0005726205804825373
68.0,0.0007884357566303517,0.00020383987816364929,0.0006390503217021886,-0.0005041007308537919
68.2,0.00033540387240847376,-0.0004752003219411934,-0.0007410393093372449,0.0005146737604616354
68.4,-0.0005259804927697405,-0.0004216208365558764,-0.0001312328871007419,-0.0006959111215259455
68.6,-0.00032541044090925,-0.00025957118006443287,-0.00011131821886321493,0.000174816900285023
68.8,-0.0007047229492350588,-0.0006177465163699339,-0.00018252142744476185,-0.0002341590787236888
69.0,-0.00021318237250130933,0.0002182871768618823,-0.0005101688308253243,-0.0006088995661836166
69.2,-0.00015029942430074428,-9.574274420955298e-05,7.341303019934029e-05,-0.00027768954394483727
69.4,0.00016111187706065327,-4.652956963928115e-05,-8.397836304335608e-05,7.373465606336478e-05
69.6,-0.0006348354110205405,-0.0007419097178823319,-0.0005153225491608051,0.0002332739831577475
69.8,-0.0001854277467484431,0.0003622971965005249,-0.0002592687948466072,-0.0003091719971727378
70.0,-0.0007448229446817369,-0.0003061555900254042,0.0005070914275005577,-0.00025552637055387123
70.2,0.0007193562881114413,2.6144037683279683e-05,0.00020313179902106075,-0.0001070903774982581
70.4,-0.0002644626403083458,0.00028378283394935396,-0.00029135093926111816,-0.00027593505710800603
70.6,-0.0004384474379194332,-0.0010160800695308285,7.160754396934761e-05,-0.0004797593698572216
70.8,0.00034725090898753125,-0.0003558684896978943,0.000249373484181131,-0.0005346242997258253
71.0,-6.542377884096741e-06,-0.0008764263260961916,0.0002419960004654643,0.00010436735135245958
71.2,-0.00023222211775847647,0.0009237591239581386,-0.00030266615996551565,0.0004405315424618682
71.4,-0.0004426617286466198,0.0001601092279880499,0.0004335399597587236,-0.0003314059366453272
71.6,-0.0006848972986188063,-0.00043630309243134066,-0.0016074866611979401,0.0007482307587671086
71.8,5.055475413335499e-05,0.00019976677062061432,0.000298730658556167,-0.0002898607983074976
72.0,-0.0006437350266893241,-0.00015237123783574678,-0.0006270737693443399,0.0001628265891601574
72.2,0.00011028358519865925,-0.00017960380564115535,0.000496088161076573,-1.338103097571504e-05
72.4,-0.00011160907054521538,-0.00036379806820627334,-0.00046449017136748874,-0.0008012944863615886
72.6,-3.735398696513479e-05,-0.0006744008233944948,0.00029072122586936317,0.0003118177359421449
72.8,-0.0006595297353610888,-0.0007914773086165767,-0.00039633456499143274,-0.0007083431367572458
73.0,-0.00014055944799364086,0.00020550604732750167,3.6523486479617063e-05,-0.0004883655281480563
73.2,-0.0003018105716627924,-0.0001676693835521605,3.181438827412012e-06,0.00018318000870886644
73.4,0.00014872838987515504,0.0006784607376989693,-0.0001133692724740613,-0.0012987594682238963
73.6,-7.076939044489104e-05,-0.0008425960430523361,0.00028854316115646284,0.00036444660022453835
73.8,-0.0003291557177513345,-0.0003346018881832901,-0.0010998088134884267,6.905493666644171e-05
74.0,-0.0005279937249001284,0.0001140914099469539,0.0005302023089751915,-0.0007116866310589998
74.2,0.0008404354396532786,-0.00013850480987120806,-0.00044826538836331844,0.0003606887598965113
74.4,-0.0004927052241502718,8.476094720269503e-05,-0.0001459304128189073,-0.0014041392962856074
74.6,-0.0003549994332396334,-0.000284955766322601,-0.0008530380125093204,0.0010094419903505963
74.8,0.00012053329158709618,0.00025183934971545555,0.0006065284117166863,-0.0001084811580134419
75.0,-0.00011598134978008178,-0.0008884138479643649,-0.0003701627430112231,-0.0008105871353978894
75.2,5.659559898628951e-05,-3.953999410242686e-06,0.00039959898474016954,0.00018952353787582193
75.4,-0.00047714479846602294,-0.00036433388249940303,-0.0009386636579240749,0.0003310534446452117
75.6,-1.53378414008828e-05,-0.00017204786458693586,0.0005029730146025095,-0.0007788278769289338
75.8,-0.00047151505776868544,-0.00027498430109317295,-0.00042751225247330453,0.00010370352296231167
76.0,0.0002582331437590505,0.0003090669069110738,0.000316328398058311,-0.00011507744078392676
76.2,9.071332898973701e-05,-0.0004207664463076429,-0.0005580635924077727,-0.00045525950196558445
76.4,0.00012694362268253552,-0.0005646753871983163,0.0002119549194677834,5.324090949441013e-05
76.6,-0.0010022009092588411,-9.906297429027406e-05,-0.00017276916073356778,1.8677008594133998e-05
76.8,0.0002707464474653281,-0.0003861997391912514,-0.00014673822649410084,-0.00030139690223931803
77.0,-0.0005897475997011527,-0.00068082225784775,-0.0004156151714371131,-0.0006706960371531019
77.2,0.0001181363275410522,0.0004343491758992823,-0.00030476228136990636,-0.00031382291238977485
77.4,7.11220447731529e-05,0.0005248484782487803,-0.0002181142658758273,0.00044901200055765916
77.6,-0.00012672480913636318,-0.000501687707226761,-0.0007170164943029539,-0.00022259262739678416
77.8,-0.00021483266934776093,-0.0002062681278677697,0.00047673457781378996,-0.0003951690309150369
78.0,-7.106070319413603e-05,0.0003151213536032998,-0.00022138041442911982,-2.110074681536088e-05
78.2,-0.00024449329951125323,-0.0006713154478023599,-3.291041730500616e-05,-0.0009851991501188542
78.4,-0.0007238791574175011,1.1707935368131814e-06,3.928716501832224e-05,0.0003313631644684405
78.6,4.9770731670304055e-05,-0.0007138919678509914,-1.9998667884100107e-05,-0.00015372660889077702
78.8,0.0002918955488305758,-6.541724504074551e-05,-0.0005455675786458944,-7.489928030795434e-05
79.0,0.00033639130759241406,-0.0002845093569486665,-0.00016584745705138038,-0.0003758725468176345
79.2,-0.000284822581053794,-6.913738613228118e-05,-0.0004535907254184139,8.540591127135225e-05
79.4,-0.0006698886540355949,-0.001124662825226546,-0.00023051527349498627,-0.0005050841313426029
79.6,-0.0008170572523698736,0.00014695999644042114,-0.00010808425343331915,-5.8850537072737995e-05
79.8,0.00014555982341161135,0.0005182458586188349,0.0005129848809040285,-0.0003801168508608266
80.0,0.00031816667379440383,-0.00043912931458563333,-0.000812677102590701,-0.00041742811619674457
80.2,-0.0005716158388734966,-0.00025732913563384453,-3.216777344765141e-05,0.00010702834736454638
80.4,-0.00023659032461680347,-0.0003299979598507365,-0.0007942976527116763,-0.000736185120409147
80.6,-0.0005290077733043082,-0.0006128796701900556,0.00013039044945478044,0.00046942347862405625
80.8,0.00021722433418101524,0.0007090557782570643,-0.0004329850373713759,-0.00017355263162356649
81.0,-0.0005041125650707879,-0.0012237117751835653,0.00045005777936299674,-0.0005275160896321386
81.2,-0.0001717134581120952,-0.00028766254118652766,-0.0003260169262475487,0.0001650083543550948
81.4,-0.0006101488453971104,-4.4476643471953346e-05,-0.000711907681744318,-7.40287599864593e-05
81.6,0.0006030374121457554,0.0002296094849515459,0.0006021640320676632,-0.0003757495044022601
81.8,-0.00043287771074155694,0.00028184340566602626,-0.00020081907437902958,0.00019259194843020545
82.0,-4.478415891004379e-05,-0.00041173727420149134,0.00010132916888099788,-0.00014237422042048508
82.2,0.0002468343718408612,-0.0005997954454605203,-0.0005032020398715997,-0.0003580937488043882
82.4,-0.0005392164181362266,0.0002346616933317266,-8.67809580576508e-05,0.00011357792659771056
82.6,4.601795571499692e-05,-0.0007191993907770108,8.55406893545681e-05,-0.0006593169483081616
82.8,-0.00022548399621535943,0.00019883800783740763,6.843949216555138e-05,0.0004648228622837181
83.0,-0.0006208257926018487,-0.00024302550388831056,-0.00047303360613004636,-0.00017280258354543303
83.2,5.999324640100412e-05,2.303380007090352e-05,-5.44569545558453e-05,-0.0003969960342176688
83.4,0.00037611741173770283,-0.00023535410185665325,-0.00032015478517116773,0.001201891066318507
83.6,-0.0008698771664047886,-0.0005490980259136891,-0.0008524745836246584,-0.00011086526289385662
83.8,-0.00045578688883955075,-3.771912882472617e-05,-0.0003609134183519674,-0.0008853182835781245
84.0,-0.0007397588192532145,9.317069904819802e-05,0.00012919755491026466,0.0004454195593552627
84.2,0.0003723196446721213,-0.00025534148844709296,-0.00024190803270463063,-0.0007974119673548901
84.4,0.00044460875268586994,7.272370189865739e-06,-0.0007035661812010872,0.00038121694868662424
84.6,-0.0006484599761228039,-0.0006183735203439442,-5.311093211025185e-05,-0.0003929187699253963
84.8,0.00036229536117057126,0.0002364052850654971,-0.00041378622697617177,-0.00020347471986918437
85.0,-0.0009457923436197597,-0.0007718462746508519,0.0003795438587671582,0.0004666158785130551
85.2,-0.0003997176794577071,-7.812072063551115e-05,-0.00027580299489848793,0.00017980940956229943
85.4,0.00021011812329556012,-0.00028786173742971103,-4.197632669839782e-05,-0.0005587207215642034
85.6,0.0005537659057006591,-0.0003151280122525427,-0.0004755012022277339,8.393422267181629e-05
85.8,-0.0002555936442350907,0.00018787229357425245,0.000198406611921707,-0.00033242818589250496
86.0,2.6087796158506133e-05,2.2955718984646874e-05,-0.0005214737173640009,-0.0005843457441432953
86.2,-0.0008137379426234806,0.0002277910668156105,-0.00015499066984965795,0.00024378145251708984
86.4,8.526810359900444e-05,-0.0006493890357942585,-0.0002353679447405832,-0.00019236898391800604
86.6,-0.0002958124601428013,-0.00020854874965036752,-6.276378376910529e-05,-0.0005428303800296859
86.8,-0.0005753698483810534,-0.0004513809881553187,0.00026403057784487926,-0.00012940027529820082
87.0,0.00010397492161875092,0.00033176683168492085,-0.0005494656189243235,-0.0004213917465206533
87.2,-2.149366783823861e-05,-0.00047338273964187065,-0.0003493005898189433,-0.0003517847523556847
87.4,0.00021688093002629051,-0.00011308662716320839,0.0003232346609186461,0.000457401903246974
87.6,-0.00010840175341949524,-0.00031911320668548756,-0.00024909412857925434,0.0001752134626422207
87.8,-0.0011979035821576827,0.00025652314207753505,-7.679067366476137e-05,-0.00018011901810417112
88.0,0.0005622483459696495,0.0001498621019566873,0.00019018786046299366,-3.411252074210728e-05
88.2,0.00016465689808352452,-0.00043474527458855773,-0.00047191943634084015,-0.000938129143339338
88.4,-6.941357980340054e-05,-0.0002221623971414398,-4.366001044417043e-05,0.00015007785346130185
88.6,-0.0012146783925783768,2.55665642941627e-06,-0.000838243831398291,0.0005833888893276691
88.8,0.0004996787493194386,2.277759835905598e-05,-0.0005743366910118528,-0.00021959116780438334
89.0,0.0003063237213127233,-0.0013934632768406931,-5.140753198871558e-05,-0.001347459622277044
89.2,2.4145671833884525e-05,-0.00027392703003822975,8.320384172790686e-07,0.00024148012520871425
89.4,0.0002829589959575009,-7.699066945451428e-05,-6.323254611775214e-05,-0.0004197479776294033
89.6,-7.36808092484359e-05,0.0005066247433349086,-7.43065819271497e-05,-5.221547901349046e-05
89.8,-0.0007129542139159232,-0.0006989932553287644,0.00010586885896896464,0.00022844303636226698
90.0,-0.0005950425158624621,0.0005040447950913283,-0.0004318593435898383,-0.00017452350745023634
90.2,0.0003625410801705786,-0.0005110080656001187,-0.0005302749079609212,-0.00024733824510559847
90.4,-0.0006630616530277439,-0.000297624929052931,0.00021817520884054995,0.0005546895734069774
90.6,0.0006198157857084008,-2.8542064156850133e-05,-0.00018474134612601832,-0.000747019665292256
90.8,-0.00012579463358934596,-0.0006764848540137808,0.0003142340628128723,-0.0008113031907183245
91.0,-0.0010027524794128642,0.00010042546108830605,-0.000995098710708556,-0.0004179610723706587
91.2,0.00010584300736637328,-2.6203922873724815e-06,0.00043890310240612913,0.0003754029363420769
91.4,0.00022455816913192922,0.0001897446377582237,1.4285968213784595e-05,0.00028099077999231483
91.6,-0.0005044611022880572,-0.0001206052404922701,-0.00011153178871841251,0.00018765692481061128
91.8,-0.00015170106756969676,-0.00012667792607407247,0.00012925391261842684,-0.00028822659347720964
92.0,0.0004358670776023348,-0.00034058837591763335,-0.00013936488695011234,-0.00021814135846881432
92.2,-5.1222915653331476e-05,8.173587667946191e-05,0.00018466311240514154,-0.0009088879176675978
92.4,0.00023798601708795945,5.661416522098441e-06,-0.00026556322681002163,0.00019807812987253023
92.6,-0.0001480752644450447,-6.579111091439415e-05,0.0004132393553091986,0.00029587190567660295
92.8,-0.0005465719067688878,0.00030830529606398603,-0.0004637882230876963,-0.0006356687139279035
93.0,-0.00019724432068178414,-0.0007115954335768889,-0.0007443405507330243,-0.0006809712882941424
93.2,0.00031437996544506037,-6.650234440885745e-05,0.0002501240514876905,8.776916253554761e-05
93.4,0.000328902221078444,0.0006334393767308043,-0.00028382338775283255,0.00034349199228585144
93.6,-0.0004669882256687946,0.00022817900585648068,-0.00032911361233511124,0.0001243243411921975
93.8,9.270212644776542e-05,-0.000965621521859438,0.00025044069438156445,0.00012023870369240741
94.0,-3.1823954159086136e-05,0.00020716620707650192,-0.0008755974677481787,-0.0008112283064380929
94.2,-0.0009106828420676091,5.0522250974889825e-05,0.00047231179143772655,-0.0005180059193183632
94.4,0.00011229617227832601,-0.0004945215998258788,-0.0010187222311934523,-0.00026163937246729673
94.6,7.737792285571992e-05,-0.0002719056821384685,-6.814698164768456e-05,6.0570160009272967e-05
94.8,-0.0002608922106451466,0.0003283360939804172,-0.00019170551756734407,2.9733673086488487e-05
95.0,-0.00021859710930820418,-0.00017390131665379746,-4.187123810785423e-05,-0.00022804985506284377
95.2,0.00013234190046445033,0.0003015853923661706,-0.00023204772893549298,-3.343448443481573e-05
95.4,-0.00016405593681780644,-0.0009340218844745774,-6.530319578558818e-05,-0.0006848964859185747
95.6,-0.00017508149351075442,0.0008801465746983753,-0.0010082405154641534,-2.4496073914828478e-06
95.8,-0.00032735047290066737,-0.00031187400323390817,0.0007941345949788822,9.583533969711844e-05
96.0,-0.0003064241514073507,-0.0003844898154298136,-0.00033054642855465474,7.924168284336385e-05
96.2,-1.803314095214653e-05,-0.0005296257934244317,-0.00018859308016431448,0.0005530646357962005
96.4,-0.0002062713160168843,-0.00046188853869413485,-5.214660904869124e-05,-0.0010149259549828583
96.6,-0.00018446368066107324,-0.00032958475362991944,0.00017176235381478045,-0.0007285078301256728
96.8,-0.00020026627569679907,-0.0004189612562611012,-0.00021921284978904075,-0.0001306794569471005
97.0,0.00034477249169452377,0.0006677225707094857,-0.0003040957113564455,0.0003284282292124155
97.2,9.548222845996528e-05,-0.0003600681500387076,-0.00024589279971873394,-0.000658484704364595
97.4,-0.0005601540584857635,0.00031672840078045576,-0.0001446211613961663,-0.0005477964244876789
97.6,3.5379467188492206e-05,0.0004089562610156947,-0.00036880437721130535,0.0005076184352700632
97.8,-0.00025210335160700176,-0.00028717006561662975,0.0005301195373899971,0.0002183004717815633
98.0,-0.00048680085631382314,-0.00017365286389970736,-8.745306851190252e-05,-0.0006722624874075351
98.2,0.0002480395091250956,-0.0008409660426494676,-9.17168170734176e-05,6.305170228617376e-05
98.4,-0.00044081640283442507,0.0008970715394253608,-0.00014470517416090528,0.00034386912659336997
98.6,-0.00018465074046748652,7.061647179609281e-05,0.0001690572655066979,-0.0001386231946261561
98.8,0.0001946378051409103,-0.0008005896797707892,-9.580070637176827e-05,-0.0004120327439147032
99.0,-0.0001973931386534591,-0.00035590816706642113,-0.0002992361657665872,3.2324810182832014e-05
99.2,-6.726913713578784e-05,0.0004413675188187694,-0.00023783425735781507,-0.00023265394935566625
99.4,-0.00036304437840216537,-0.0005098316825245607,-0.00040262610778879796,-3.962152275000046e-05
99.6,0.00030663831624496156,-0.000267880844958848,-0.00012083716843316028,-0.0006080555802582843
99.8,-2.2779489190192955e-05,-0.0001509364153556569,0.0009755127530554749,0.00015421120810786107
100.0,-0.00035873628953971335,-0.00039323388407235357,-0.0008065018509425356,-0.0001704940083449675
100.2,-0.0005092976670565925,0.00012064179263279267,-0.00038944811713497975,-8.280324353030947e-05
100.4,0.00046353328606454463,-0.0006040436606022118,-0.0007786834912423167,-0.00033463418463374877
100.6,-0.00011193449248323878,-0.00011307054110971995,8.040265934183446e-05,-0.0001321258120436379
100.8,-6.983068532520559e-05,0.0003954714471983323,0.00022620646221750107,-0.00017033211873388206
101.0,-0.00033537871775361484,-0.00045477676006450547,-0.0001947980158998071,8.006717020014394e-05
101.2,-4.836917645369837e-05,0.00026752637602193123,0.00010672709865703786,-0.0006579968981181272
101.4,-6.401321539522123e-05,0.00017686720124154018,6.325808719257687e-05,-0.0007450417095615672
101.6,-0.00013029323141100938,-0.00035672469351039673,-0.0013025899752178059,0.0006305233987077153
101.8,-0.0004692909634132563,-0.0002153167549223379,0.0003035084763191975,0.00023336402725600888
102.0,-0.00039707957793460685,-1.4581827462987156e-05,0.0005016437671596756,3.5493464241918075e-05
102.2,0.00039354105878207027,-0.00018197074468464963,8.467198708824863e-05,-0.00037234209246623796
102.4,-0.0008089686674347029,-0.0001345324399225663,-0.0001582927345291058,-0.0007904959299495549
102.6,0.0006699475254789687,3.6194210180221486e-05,-0.0007148194854364798,-0.0001578117037738005
102.8,0.00011261897785622378,-0.00017226922646180215,0.0005433846261310395,0.0006918080205004078
103.0,-0.0003300336152073021,-0.00010809505373600713,-7.010511026458039e-05,-0.0002138228949745917
103.2,-4.030499260907445e-05,-6.245969482544863e-05,-0.00032194475203334375,-0.00021762097519467745
103.4,7.738493850848637e-05,-0.0004228586876329048,-7.920699050075151e-05,-0.0002988631980993971
103.6,-0.0009956461321783882,-0.0006277198099705789,-0.0004598056561993832,-0.00022346958163023793
103.8,-7.714045948904536e-05,0.00022684662069498895,-0.00035894126389032126,0.00044811459244743513
104.0,0.00017061880200949187,-0.00030195691548746685,0.0001774660799004391,-0.0008280349746227076
104.2,0.00027374177979506243,-0.0007000199881110748,-0.00033076572634377875,0.000447101044133879
104.4,-0.0002869291667057963,0.00018770075651606882,-0.0003724512113506809,6.855544643493212e-05
104.6,-0.0005329975979689213,0.0004315067258067546,0.00025877524429545744,-0.0012994763631056026
104.8,-0.0004009819566963662,-0.0007170379327799602,0.00039158122227511135,0.0002248545627184774
105.0,-0.00020026531039442529,-0.0002474707956156397,-0.00020641510481294632,9.916624218300063e-05
105.2,-0.0003302667499085757,0.00037617583490738414,-0.0004327772402603132,-2.4130730248663748e-05
105.4,0.0002314046688466719,0.00014475587361758942,5.9567308842059485e-05,-0.0004489468640622726
105.6,-0.0009547352876175657,-0.00022912006243365167,0.00022108102279775493,0.0004688555437133615
105.8,0.00044933964262830825,-6.168870988413427e-05,-0.00030286634912205315,-0.0006190253669330513
106.0,-0.0002872650390520195,-0.0001518076498499327,0.0001338319585416042,-0.00022894022436268743
106.2,-0.00017430227917512777,-1.395500451394005e-05,0.0003400118673631913,2.05534725233996e-05
106.4,0.0002585428852587557,0.0002754502178844284,2.9461183447191883e-05,0.00019319956354512486
106.6,-0.0003743677340184146,-0.0004593489931151253,-0.0005622634012202487,-0.0001678187348466456
106.8,-0.00011828703994971857,-0.0003813077552643047,0.0005617242382114882,-0.0004101971819357678
107.0,-0.00015073405550087687,-0.0003415167486210217,-0.0006744304338135702,0.00042964769232026694
107.2,-0.00035700656596678054,0.0001776269264893652,0.000625070415237861,0.0005121049858748059
107.4,-7.229458501703831e-05,-0.00011453576058142687,-0.0003247413076542338,-0.00037322976204317676
107.6,-2.7437026251975052e-05,0.0001718203773029823,-0.00018892519231879964,0.0002725521295536773
107.8,-0.0004442974331804652,-0.0001325012503326762,-0.00039375364200451584,-0.0007813897284266111
108.0,-0.0004837294020521475,-6.906173550230305e-05,0.0002662517594034522,0.00011164860273324031
108.2,0.0001228973778649874,-0.0005231001941481806,-0.0003208712783696922,-0.0005263660422119178
108.4,0.0003170532641647449,0.00025914047878146824,-0.000584414482755769,0.00040955598515670164
108.6,-0.00020742241784546696,2.747048466591612e-05,0.00033347527765714723,-0.0001798282944037858
108.8,-0.00011035747150377254,0.0001640737393372981,-0.00013795853614694746,-0.000591620994771933
109.0,-9.193000910564583e-05,-0.0001722588616993657,0.00026971827832282703,0.000380535150188626
109.2,-0.0006113947029809929,0.00027718965113262195,-0.00027522519228503873,-0.0001932585486619595
109.4,0.00014974773801863808,-0.0007299675381909008,0.00040591664238463863,-0.0008408179362970324
109.6,-0.00010659021444669367,0.00031221122912128586,-0.000606049539854861,0.0006596622475981079
109.8,-9.364465540479154e-06,-0.0006600122010962196,0.00019313047930341254,-0.00011017244014423093
110.0,0.00016927009876852627,-0.00043817801385655306,-0.00018223342718589575,-0.00012136944220263685
110.2,-0.0004797336510264872,-0.00022542025629740942,-0.00035978943441846036,0.00021503613561764387
110.4,0.00016949212484424834,0.000894588604328582,0.00047556082764687425,0.00014088102121463328
110.6,-0.0002756417529906072,-0.0006164076310231796,-0.00020261936691941731,-0.0004492898851738542
110.8,-0.0004408106465052752,7.574816376516618e-05,-0.00021611399415316502,-0.0005005280563682165
111.0,-9.439011666230632e-05,-0.0003102192114788687,0.00019408093443839115,0.00022981929625888627
111.2,0.00017911391143413555,-0.00020551783927801374,-0.0007645258272393437,-0.00014598176818867364
111.4,-0.00022652967527458118,-0.0003532063144785959,-0.00024295586346704935,0.00042933743224972187
111.6,-0.00022571430737359068,0.0001313068893404946,-0.00015725508267951948,-0.000382642688512692
111.8,-0.00040516725699424485,-0.00027719744119754255,0.0006385125795597539,0.0001341206200392608
112.0,-6.03726645242514e-05,-0.000849021767280154,-0.00024302926025275684,0.00017633850963067694
112.2,-9.860403460745604e-05,0.0004279877705754471,-0.00013728922063666095,-0.0005553014399388059
112.4,-0.0005109180806313443,0.0004356560236670067,-0.0004655735988798625,7.061667028297215e-05
112.6,-0.0003932989883407368,-0.0006241970789412246,0.00015249062029520946,-0.00037397478477778443
112.8,-0.00018695913766142978,-0.00048070150625746986,2.254651256945073e-05,6.42968716275686e-05
113.0,0.0010679153353541418,-0.0002545647128048636,-0.000654864480847625,0.000742230101166308
113.2,-0.0002438742145912015,0.00014549659830422878,9.408308581996645e-05,0.00019281036409298752
113.4,-0.0006732171791522648,-0.00022212652290226953,0.00011171158813861003,-0.00041321000244104824
113.6,-0.0003533730981178916,0.00024430578779286393,-5.940516109541791e-05,-0.0007673019690811154
113.8,-1.6477907580980877e-05,3.3467553736286015e-05,0.0002796608110551353,-0.00026668128067338926
114.0,0.0005806213879330484,-0.0002502866503719361,0.00027968804776600615,-0.00011138287158591654
114.2,4.59780219234961e-05,-0.0006723412911340242,-0.0005951049215546253,0.0002843867742404253
114.4,0.0002818053873796597,-0.0005862286361595458,-4.923418624510712e-06,-0.0009009460761853959
114.6,-0.000623636297376532,0.0001169193183661301,0.00028167745631283185,-7.425036454791821e-05
114.8,-0.0002826386099156998,0.00032529781548274746,-0.0004335622916439343,-0.00039385697551198173
115.0,-2.942929626665104e-05,8.725078212395986e-05,0.00016190822957679212,-0.00012764258947347792
115.2,-0.000530403099265829,-0.00040133952561906256,-0.00021228651504196473,-0.0002123901595416105
115.4,0.0002799468068332533,3.3717233973563054e-05,-0.0008608369643364152,-4.671094619284161e-06
115.6,-0.0008424206385816832,0.0002907094165367383,0.0005594962030787723,-0.00016077437324270319
115.8,0.0006504493779569042,-0.0002585883096763415,0.00023174979464004144,0.0001804588899980931
116.0,0.00015532041545207256,0.0001445923016409931,5.5291278118654114e-05,-0.00038523742709897866
116.2,-0.00041276258671589034,3.436693127184835e-05,-0.0003918673690567541,0.00019281818349200684
116.4,-0.0006442724970217918,-0.0002038665190212903,-0.00010595422221649104,-0.00040764195756998623
116.6,0.0002555648916855318,-0.00043039054619560866,-0.00010087588850676478,-8.561469076130339e-05
116.8,-0.00018267542513325874,0.00010968097141127906,-0.0001530292108857469,-0.00012676960059466059
117.0,1.7746979940259995e-07,0.00041765609555285076,-0.0002528414957767254,0.00029305893161028367
117.2,0.0003151308719957122,-0.0002935185270664041,0.00014324147356665218,-0.00014485706513380845
117.4,-0.0006232073601270792,-0.0005132423083766998,-0.00033549441749633653,-0.00030632223133690654
117.6,0.0001341905548036793,-0.00028119424809088737,-0.00013804639637562475,-0.0004088942384891396
117.8,0.0005810367436177057,0.00021606704369564822,7.166122839946387e-05,-0.00010677753707286677
118.0,-0.0004620771906412853,0.00025621796153152773,0.00021322646690748032,-0.00029520072148353163
118.2,-0.00030829120633126716,1.2628854897758963e-05,-0.0002598913772581453,0.00016243054540418417
118.4,-3.5263927646956e-05,-0.00021514887860055277,9.879607789137526e-05,0.0001127717878161891
118.6,-0.00026893387216212855,0.00016240336676327853,4.3010090696831233e-05,-0.0009304149184238599
118.8,-0.0003494988661434256,-0.00021561393657062086,-0.0006448154059788001,0.0007326041135567882
119.0,-0.0005041805737159142,-0.0001122610866049204,-0.00018385598979380434,0.00027625674939668826
119.2,7.886561561040236e-05,0.0005032386526904664,0.001084629311373068,-0.0003086565430148845
119.4,-0.0005873564606170243,-0.0007463109369660456,-0.0007279997447133334,-0.00040855915087357233
119.6,-0.000463228693640301,-2.6810111542931283e-05,-2.8990376090491834e-05,-0.0004374339457682683
119.8,0.0003995182524239047,0.000211054172873547,-0.00020054996021265717,0.0007566740708401727
120.0,0.0006442950729402013,-0.0004953376270938428,-0.0003156930021599396,0.00044495604999990156
120.2,-0.00018403916108285354,0.0005259706016511044,-4.400908516182444e-05,-0.0016052765964591302
120.4,-0.000212324958387907,-0.0005785759560658592,0.0004595960297101804,-0.0005300349757368753
120.6,-0.0002609721887544588,-0.0003283593352241283,-0.000460281730148055,0.0002959122898833396
120.8,0.0001867466631817262,7.836353386142186e-06,-0.00034441377489927773,3.81130508511291e-05
121.0,-0.0001105850746123872,-0.000614836915866383,-0.0002638028765096896,-1.3984659617618354e-05
121.2,-1.184794824811471e-05,-3.663152157523083e-06,-0.00024505770053780146,-0.00028210650620284815
121.4,-0.00021558614871289877,-0.00030428475058191757,0.00029738877877334176,-0.00038566977343745546
121.6,0.00019573643806005002,0.0001101954920440089,-0.0002627961616537002,1.3476793955271901e-05
121.8,-0.00017856161963451952,0.0002676537854047397,2.177916200888108e-05,0.0003819551205637515
122.0,0.00023928721264450685,0.0003658482475087128,0.000571954900447269,-2.27695851282662e-05
122.2,-0.0012406224245806747,-0.0005743350285232284,-0.0003680179555361159,-0.00037910182672772487
122.4,0.0001276940341739469,-0.00022642332672328667,-0.000132129514621385,6.366767629628876e-05
122.6,0.00035061744253266254,9.431260759669656e-05,-0.00026147915423450983,-0.000115948347092145
122.8,-0.00035636162164373657,-0.00045245365121457235,0.00028237140190471926,-0.00010726832304398667
123.0,0.000340826843731435,-0.00013133804334130282,-0.000649393312276372,-0.0007047187966425895
123.2,-0.00022464703872084271,2.2050036126378206e-05,0.00011220738312084102,0.00023012137918436394
123.4,-0.00045220297574554043,7.130742592138354e-05,-0.00033649991377903993,-0.00019631050566588188
123.6,-0.00047103695907979625,-0.0007181795787836628,-0.0002505672288738192,0.0001487999160056866
123.8,-0.00022031495157017521,0.00041897572127048933,-0.0006907910543371257,-0.00010657953127770222
124.0,-9.839597249528636e-05,0.0004636536488868247,0.001037719864081935,-0.0005448482900037894
124.2,0.00028609409186405264,-0.0007145514008389788,-0.0005024806375609538,2.5305051977134245e-05
124.4,2.3534343196260756e-05,-0.0005181897970524997,0.0001923447972795181,0.00023250236961782345
124.6,-0.00032926672949913047,-2.69278987923168e-05,-0.0004382962707656791,-0.00018003954887185327
124.8,0.00011596154083600987,-0.0002802436000198786,0.0002903958968267938,2.1926377323419058e-06
125.0,0.00010294428096736313,-0.000277046119867108,3.177437997489301e-05,-4.7041146403796766e-05
125.2,-0.00035293656766780874,2.0155134555176208e-05,-1.0024671740614336e-05,9.389503472516905e-05
125.4,4.54845640857179e-05,-0.0005745295207956028,-0.00011527137167270366,0.000664809474405051
125.6,-0.00034935723873831304,0.0005846555682939747,0.00039392635021923876,-0.0010633664795496273
125.8,0.00019424913088758272,0.00013596022848445867,0.00014485391733865246,0.0001929842246699494
126.0,-0.0001662253945682592,-0.0003263426516441379,-0.0005083407905452174,-0.0004894487014064449
126.2,-3.610294125073117e-05,-0.00019166220959223798,0.00014141342394102382,0.00013970269466763172
126.4,-0.0006622255202731958,7.611023490116612e-05,-0.0007242334520962014,6.341093234309425e-05
126.6,2.6123091704675938e-05,0.00015322841095984446,-3.414433341362725e-05,-0.0006129263681337288
126.8,0.0003696486807387949,-0.00010629677424170105,0.00018573635421453115,-0.0003415284626750942
127.0,0.0003201670275493882,1.1151587895545673e-06,0.00047956233957251664,0.0004479803707658366
127.2,-0.0002072690019773822,0.00013791867529186678,-0.00018363827548163142,0.0001060273130883858
127.4,-8.403085067997227e-05,-0.00022731829370327967,-0.0003324428467018647,-0.00047821015030092624
127.6,-0.0007307831038956985,-0.00042122724949842885,-2.81265149302065e-05,0.0003435201273773862
127.8,0.00014450808985855363,4.607759539885972e-05,-5.940050814368732e-05,-0.0007988818886304133
128.0,0.00028123735455311125,-0.00026603903817926414,-0.00046577157901726173,0.000121641070527864
128.2,0.00042043823619603964,0.0010762483713733111,0.00028937326738760945,-0.00045408823143248364
128.4,-0.00017827819941759252,-0.000818823337378979,0.00010053499639484228,0.0005587299476335028
128.6,-0.0004539257339840172,-0.0002185998428368489,-2.5837036921016175e-05,-0.0005651498787107599
128.8,0.0002458597609600906,-0.000150712362568375,-8.879534386543028e-05,-3.9858360368782616e-05
129.0,-5.623879926348619e-05,0.0004954389897302481,-7.467547344143228e-05,4.053172253573744e-05
129.2,0.00012662870831116682,-0.0003048933077263037,-0.00035326504140045827,-0.00031247269132401377
129.4,-4.3856311744567947e-05,-0.00018716896144787694,-5.158383972072529e-05,0.00017911102282227968
129.6,-0.0005327752904909582,0.0003819796813912431,-2.2229187475863315e-05,-0.0003140601574499687
129.8,0.00028598477846703067,-0.000577341564023567,-1.1096940206752008e-05,0.0001736058626789505
130.0,-0.00018187531501196515,-0.0005493225698515466,0.00019563939414537294,0.0001245948594044036
130.2,-0.0011524190308421563,-0.00037275355605618154,-0.00015255410720407144,-0.0005438431545984542
130.4,0.000847552298364898,-0.0004977894640890787,0.00020595340409458943,0.0001812261872092467
130.6,0.0002854795563569397,0.00048717718407416936,-0.00027742919012368523,-8.084491071736753e-05
130.8,5.845681227000873e-05,2.5826965170317146e-05,-0.0004072100836108193,0.00044458682792065723
131.0,-0.00046340418396907364,-0.00027980705099300715,-9.834216991902521e-05,-0.0009046111834291039
131.2,-0.0002811547150002556,-8.164664580695645e-05,-6.107557338071217e-05,-0.00024616229587643454
131.4,-0.0002976385429078546,0.000570600697830475,0.000310553855301249,-0.0001781667412097452
131.6,0.00017308949467331262,0.00039275889233282313,-0.00027128599137567964,-6.814818339495856e-05
131.8,-0.0001582583001382218,-0.0003067513591315858,-0.0003679938302633132,0.00013645141375270357
132.0,-0.0002316293458407575,-0.0009180633674863919,-0.00037197955355117553,0.000497031292338496
132.2,0.0006473217489640665,5.307601027711993e-05,0.0002958191741292006,-0.00018200304908026982
132.4,-0.00024079684474541903,0.00029791403423529633,0.00044785922338618915,0.00011472582713657546
132.6,6.0674467755108656e-05,-0.00021255392869141604,-0.0012088403867575102,-0.0007487361638019359
132.8,-0.0006684829630891264,-0.00014726766479965377,0.00019559929082023928,-8.68781160882885e-05
133.0,0.0002719097292594174,-0.0002078895291819031,-2.6896199577413167e-05,-0.00018570091539604855
133.2,-0.00019598068595816582,9.498888139264129e-05,-0.00032901572350152295,-0.00031427866003602695
133.4,-0.00041268523266093315,-0.00027214306369483123,-0.00025957818713498226,0.0002643701298016797
133.6,0.00015758706514217515,9.625235895246831e-05,8.414340368751653e-05,-0.00031717622893296266
133.8,0.0002563244246974215,-0.00019171929652484084,-0.00015619998543267997,-0.00039140644812434835
134.0,-0.0004120799247452733,0.0005737807507057982,-0.00017509210583270088,-0.0004227482942059308
134.2,0.00011412564979446067,-0.0006683023263274805,-0.0001687268179659366,0.0011555830019743315
134.4,-0.0002888010487338528,0.00023011845583715838,0.0003915010314737034,-0.0002645710071085778
134.6,0.00031290904818477604,-6.589356918174278e-05,-0.00028666278055243635,0.00038696896775069524
134.8,-0.0003994138644078866,-0.00034282051898735524,0.00014452994494508405,-0.00043814202327656203
135.0,-0.00044358758838722204,0.00026199368236655695,1.5522471537241004e-05,-0.000691882678231344
135.2,-0.0002446442987115652,-0.00012529250662717792,-0.0003641538507770242,3.043036951785911e-05
135.4,0.0003476938702229179,-0.00016035770251106678,-0.0006513940241433316,-2.4186307010791794e-05
135.6,0.0005511197790759418,-0.000346978910872637,-0.0005283582676016606,0.00015880471578923202
135.8,-0.00017614282687304343,0.000685199705279172,0.00022242710917653088,0.0001307666172377228
136.0,-0.0003179968961805385,-0.00036873854340421715,-5.792893191601761e-05,-0.00017823675568565136
136.2,0.0003190363188283491,-0.0004146102389396983,3.4935397175819126e-05,-0.000540558846087308
136.4,-0.00030691301292945066,-0.00015167828105415289,-0.00029788575960419455,6.18626278777668e-05
136.6,0.0001248260823864033,-9.427024833505481e-05,0.0004989366565549316,3.395414513113399e-05
136.8,-0.00011323814056904374,0.0004426579616963683,-0.0007420456076790947,-0.00018511689332083875
137.0,-0.0004074755506185606,-5.96820967769738e-05,0.0003662630778401084,4.355477661493787e-05
137.2,4.016266142662893e-05,-0.00020525753953563736,-0.000468487783751842,0.0005880047741835398
137.4,0.00029376935711488095,-0.00036599451806229507,0.00016718390260640336,-0.0004936495830240701
137.6,-0.0008225483564877168,-0.0003484105595639043,-0.00011405253602965472,-0.0007063677207797689
137.8,0.00013317751569654076,-0.00014017870077099646,-0.00023665452666409869,3.2967738596346875e-05
138.0,-4.547694101282268e-05,0.0003639463661515279,-0.0003268103566297816,-3.25825033584265e-05
138.2,0.00012188731074431606,-3.576885595407361e-05,0.0004330637714199134,8.407219789145078e-05
138.4,-0.00015347818996109302,-0.00016147942499413024,-0.0005313161043188959,0.00036568532848161927
138.6,0.0001551320384976049,1.5935971880122007e-05,-0.00022341154926960264,7.286087154340758e-08
138.8,0.00031783342095365676,-0.00029193570344556965,-2.4507452521062923e-05,-0.00038779899712677694
139.0,-0.0003715846484012189,-0.0003683785832693334,-0.00028853517557327405,-0.0004311995771610994
139.2,-0.00028885921781721384,4.965490460718307e-05,-0.00022020996080024556,0.00027331290457404425
139.4,-9.140084566083331e-05,0.0001891976623356939,0.00010083034662741752,0.00018141554123579643
139.6,-0.00023358529081325577,-0.0004132390225588211,0.0005420468716053308,-0.000675757138831788
139.8,3.238638166752229e-05,2.3680557477653193e-05,-0.00025276713612120197,0.00020581806993218667
140.0,1.7810247148326555e-05,0.00017419036339344973,-0.0002099392450358666,-2.3029545417259573e-05
140.2,8.708200031872202e-05,2.632424613475066e-05,0.0005252839929152952,-0.00028978701996581596
140.4,0.00014632326176781352,-0.00027284370494303926,-0.0007157168440732302,0.00010049447476857767
140.6,0.00021257337618469586,-0.0003280618905221165,-8.792870776632866e-05,-0.00015518681745325523
140.8,-0.0005912262289113352,0.00013503026439338678,-0.0003178121884110628,-0.0005049779461452898
141.0,0.00022890741720273797,0.00020246869688256473,0.0005656174725266282,0.0005089234872723698
141.2,-0.00037162465280412925,-0.0003566582530769214,-0.00039048929833155704,-0.0007843348997762746
141.4,-0.0003053509947998602,0.00011358008734392194,-0.00014599764140224187,0.00026777280790328767
141.6,-0.00019711532582671152,0.00012085936686973324,0.00031533740433539845,0.00013989723788376555
141.8,0.00045913672887998677,-0.00030638723538960763,0.00012593120920645614,-0.00017256845911634496
142.0,-9.487774531257131e-05,-5.119064616233623e-05,0.00015096532531227235,-0.00020739778742412415
142.2,-0.00016056983089552827,3.8669723307161526e-05,-0.0002930557582556638,1.2497355280368351e-05
142.4,-0.0004398394806755321,-2.292641266380076e-05,6.82345448157917e-05,0.0001980317153215044
142.6,0.0003525903756448291,6.308630812175703e-05,-0.00032601921657857114,-0.00048725536010452353
142.8,0.00020327439342850387,-0.00030358218759529075,-2.939014860441297e-05,5.740099530954352e-06
143.0,-0.0003720621058986787,0.00014960722676970998,0.0003444699050364081,-5.935916131360549e-05
143.2,1.7379930527045844e-07,-0.00015877891810411456,-0.0003015278666419639,0.00011180197547085505
143.4,-0.0005049975253457428,0.00042633859570007153,-0.0003096642188606716,-9.76596179691022e-05
143.6,-0.0003228326909321151,-0.0009313430065851597,-0.00010063459961949163,1.761621037100693e-05
143.8,0.000117328235900743,0.0002499524984861355,-0.0005117452617126739,-0.00011880920109499879
144.0,0.00022260088867564164,0.00019087422492735317,0.0005824085925371056,0.00026419508229442
144.2,-9.385584641000479e-05,-5.7626742096091466e-05,-0.0003788775214044619,0.0003767769712625017
144.4,-0.0004356414720317669,4.836925993867077e-05,0.00017764736556702456,-0.0007420301977042352
144.6,0.00030296314617665607,-0.0001931973723843624,-0.00013164048739501997,-1.880311118077778e-05
144.8,-4.4091217886797216e-05,-0.00012306069684288955,0.00024324897840859435,0.00011810620415113919
145.0,-0.00018986108070263703,2.089329494740186e-05,-0.0004334069694705102,-0.0006514358841882262
145.2,-0.00040976886942597894,-9.974879377701643e-05,-0.00017899878656216377,-0.00029503541484199444
145.4,-0.0001462533875811245,0.0005485410694983842,-0.000327513226138837,0.0003698004879154934
145.6,0.00017412850593764907,-0.00043222164395874483,0.0006944439779449906,7.155339012547355e-05
145.8,-0.00017103522376447897,-5.472962647884435e-05,-0.00018073931017054058,0.0004093895094978292
146.0,0.00040531830422207304,-0.0005230546964399202,3.1491946709959586e-05,-0.000314598865976116
146.2,-0.0002995094107058316,0.00023258194220895378,0.00010752776109535521,-0.00034996308889236744
146.4,-0.00032836572306535445,-0.000188285712855888,-0.0002513814731825357,-0.00026809323654109336
146.6,-0.00011595539948302599,0.00030919470584673706,-0.0004050125520099212,-0.0003167045636827088
146.8,0.00034464303616942184,0.00013566440706258247,4.5434489813084616e-05,0.0004444942853021197
147.0,-0.0005852871739497316,-0.00036530137776588704,-0.00015980763917223484,-1.0650888249247167e-05
147.2,7.310834218780703e-05,-0.00018526880059398416,0.000356772179434446,-0.0001469774724087188
147.4,-0.0003162254625494227,8.063446452727449e-05,-0.0006549059920198048,-0.00023284486570812534
147.6,3.1588784378533116e-05,8.763086384372814e-05,-3.806095000485226e-05,-3.263928485829312e-05
147.8,3.445760380835762e-05,0.00035739817230899523,9.193088518221503e-05,8.251634457631181e-05
148.0,0.00013596931059608067,-0.0002952315495587463,-8.195565706139099e-06,3.068273135190808e-05
148.2,-0.00015493479464461806,-0.00024760660720657906,-0.00036413046788777355,-0.0006014947307811067
148.4,0.00023789686424883905,-0.00016492422687503592,0.00044144619665792195,0.00019151470689535244
148.6,-0.0005709171261489683,-8.318409960579704e-06,-0.00018424644975228324,-8.312433040091575e-05
148.8,0.00031542760947969015,-0.0002121315635920641,-9.97404770240237e-05,-0.00026937877261767694
149.0,-5.234778296059459e-06,5.544767641615743e-05,-6.350081511335164e-05,-6.645738930092099e-05
149.2,0.00019449037632010872,-0.0006229749828651854,0.0002916921215969388,0.0002962106255204998
149.4,-0.00016275760574095655,0.00010511280281566181,-0.0002832319905719302,0.0001089234156680844
149.6,-0.0005110294711147584,-0.00011418963421858129,-0.00044290511398384645,-0.00029947629419448314
149.8,-0.00022586717616095086,0.0004335112379106089,-0.0001149461854058042,-0.00047338163770724957
150.0,-1.313001386695068e-06,-0.00012459121698838265,0.00032156984842492955,-9.888364696096292e-05
150.2,0.0004505092911025346,4.8369177361775674e-05,-0.00011466419346957195,0.00020420287745108174
150.4,-0.00034115635593205007,-0.0005247824138643902,0.00019083130382360804,-1.620564157611344e-05
150.6,6.330966338900195e-05,-0.00010124565537834324,-0.00019552456007480701,-0.00014005537634967697
150.8,-0.0005809120791533702,0.0001735602257610619,-0.0005862994943404542,-0.00023167710704259344
151.0,-4.622733943681671e-05,2.719991260595567e-05,-0.00015938215873858265,4.795789609879841e-06
151.2,0.0003369742484791996,-0.00041331283902264356,-3.987418435899316e-06,-9.2925392465842e-05
151.4,0.00026840488692773056,0.00012684049600460327,0.00011137483678967077,-0.00042232590655136927
151.6,-0.00018851357935996456,0.00024404743377071393,7.062569120480469e-05,-5.5634768854442646e-05
151.8,0.0003539378785591856,-0.0003451625640906644,0.0001225780153203098,0.00024823540626169315
152.0,-0.00042186933240485745,-3.444158766895028e-05,-0.0007017813259462967,-9.17835175721946e-05
152.2,-0.0005594110949632426,-0.00029028540281590166,0.00012645644918876924,-9.719841499624168e-05
152.4,-0.00017793853209689412,0.0002723077542534067,-0.0002444079727155318,-0.000778422544531988
152.6,0.0002204731796885375,-0.00019259710590655078,0.00039840889739318325,-0.00028140911409033835
152.8,-0.0003070707649584609,5.174036871419904e-06,0.00012821981316503945,0.0001403078583641425
153.0,-0.000332161391735214,2.6566895909578383e-05,-5.962076982291819e-05,0.0004181671426477941
153.2,0.0005186871623478695,5.1053676468353576e-05,6.44994187345836e-05,-0.0001396708817151952
153.4,-0.0004734841843942877,-0.00013706551325870457,-0.0002789265111185269,-0.0002157562339255742
153.6,0.00019242915285731994,0.0003082515428986671,-0.0004852569283679916,-7.33142120277137e-05
153.8,8.661758631610232e-05,-9.512161048568249e-05,-0.0004153865390242337,-0.0003270888787196386
154.0,-0.0006714551528478322,-0.00018594505141412117,-8.205837147436752e-05,-0.0001117424161997367
154.2,0.00013178469212143435,-1.5447524668688354e-05,0.0006915147914695099,6.002515619287888e-05
154.4,0.00015005285339711894,-1.5155106809011972e-05,-0.0003563860894599369,-0.00016200114437608186
154.6,9.04681808694154e-05,-2.432874497689058e-05,-0.0008313252341193728,-0.0004240793442158322
154.8,-0.00023751229432590867,-4.799497951994458e-05,0.00017746656648518635,4.4039153378159806e-05
155.0,-0.0001786904986597233,7.267760241075927e-05,0.000779080613136315,0.0001778462663882775
155.2,-0.00025451782086573276,-0.00013405702275890794,-0.00017625357413853234,-0.00011873044574861793
155.4,0.0002676794648859665,8.53285442679112e-05,-8.316521878823054e-05,-0.00022564658947089693
155.6,-0.00012044527116682782,-0.0004900850824269541,-4.147117490617462e-05,0.00010000354992513884
155.8,-0.00012193695029535125,-1.1819553221440238e-05,0.00019973124947485254,-0.0002243815418284554
156.0,-0.00025187803097079573,-8.779290275626433e-05,-0.0002254469714091048,0.0002191222022752912
156.2,0.0001037395395410398,-0.00014869302423886784,-0.00043055086781153403,-0.00013457006282672555
156.4,4.7230749326863796e-05,0.00021264375889352996,0.0002057577722060994,-0.0004941883172668607
156.6,-7.178420588446218e-05,0.00024003041692648026,-5.8493758871172055e-05,0.0003174585437874107
156.8,0.0003305702727236347,-0.0002066172828713332,-1.0706038554634854e-05,0.00012620576842777077
157.0,6.95702110270568e-05,-0.00036995262178222656,-0.00015112781492399914,-4.001442250535425e-05
157.2,-0.00011457694437740497,9.769390712021681e-05,0.0002153653334541129,0.0002491982930909611
157.4,-0.0002609667126472263,0.00032037107958436656,0.00021227481991012217,-0.0002051935433779277
157.6,-2.1416357364693064e-05,-0.0005415565543807236,-8.888997149836129e-05,-0.00029771922628183404
157.8,0.00010097736706053384,3.470157892988104e-05,-4.971715337115652e-05,-0.00027459779587591374
158.0,-0.0002184186699762411,7.577152759058941e-05,-0.00045469731145217975,0.00036009734156122844
158.2,-4.07760922765189e-05,-0.00019982614421321218,0.00023565854610347117,-0.00043434393681210365
158.4,5.141329883922414e-05,-5.410528457185224e-05,-8.092096803688572e-05,6.18846117650595e-05
158.6,-8.698801852149176e-05,-0.00047396787900213827,-0.0005866085035386817,1.0785940531378807e-05
158.8,0.00024371492306718675,5.4883938319854923e-05,5.6206517967262394e-05,-0.0003020504331639768
159.0,-0.000740206381320122,0.0001833012006010932,5.0947936271171614e-05,-3.529239134381731e-05
159.2,0.00010655972705718259,-5.2308186800891346e-05,2.1294317329630786e-05,-0.0001632217063030636
159.4,-1.2375204755266813e-05,-0.0003174079988977948,0.00021718901433556375,0.000159177392197942
159.6,-2.058103250445746e-05,0.00033612795049864407,-0.0002297107913806671,-0.00016641460404185878
159.8,-0.00028531186311142907,-0.00044705975771066236,0.00015170344657177315,0.00026313875984676033
160.0,-8.600401424596881e-05,-0.00012534568419601762,0.00020673274160516782,-0.00023469045177085975
160.2,-0.000270992746187238,0.00022319087418536338,-0.0002908430640293881,-0.00020947975053465227
160.4,3.7529897638777916e-05,-0.0003163494185575967,0.00015752452379901567,0.000345170535412556
160.6,-6.071687221994678e-05,-0.00044539623555335284,-0.00013431771880258078,7.338975659238085e-05
160.8,-0.0003889318473373469,0.000219849684932343,-5.324546193870442e-06,-1.4022319304743977e-05
161.0,-0.0001940533938241811,-1.984298360958625e-05,-0.00034687981701459646,-0.00024479121414739373
161.2,0.0002053104738045788,-0.00023927166116089894,0.0003606676390959127,-0.00045538243847919317
161.4,-3.3559856668296286e-05,0.00014008696704795993,0.00036004544842901763,-2.8363533740973493e-05
161.6,3.803666448369298e-05,0.0002035142656402884,-0.00037532771640099105,0.0002053679111739191
161.8,0.00044850972161733944,-5.633799871155114e-05,-3.3460401538056624e-05,0.0001518426601127378
162.0,-0.0004711318728477984,-8.159256707528204e-05,-0.00013071671846085677,0.00013287035199322184
162.2,-0.00019121145101219392,-0.00028978754376668604,-0.00010152546290626773,-0.00036365493604126374
162.4,-0.0004118200351661111,8.742625692088168e-05,-0.00015358583946727364,6.935427889239197e-05
162.6,-1.9716485929436353e-05,0.0002303931170937586,-0.00011627595125178831,-0.00031961328752217524
162.8,0.0003382672667259815,-8.671668980233625e-05,0.0002529375765563868,0.0006389538559760684
163.0,0.0002537401408923223,0.00016751890639087782,-0.00013221651524832032,-0.00029969244888665685
163.2,-0.0001306259056604812,-0.00021204187963791744,0.00013818430756718314,-0.00034093157137901923
163.4,-0.00020531992127884553,-0.00010015508644556181,-9.153767760952055e-05,0.00023925319217232315
163.6,-7.051071268599879e-05,5.573485853268442e-05,7.763971040379511e-05,0.0001446221248765004
163.8,-0.00020799092601171945,-0.0003918696265794023,-0.0002711504429981483,-0.00014233825570592694
164.0,-0.00017711430060469782,0.0002549512092286628,0.0003147051020164369,0.0004016028184939488
164.2,-6.376530499195348e-05,-0.000314423523986387,-0.00023521490450654058,-0.00016405293484048902
164.4,-9.5663954085525e-05,-0.00018938237566855124,0.0004667622111270197,-9.726696724989268e-05
164.6,-6.0488999692452125e-05,0.0002122586021437927,-0.000385507017002318,-0.00013214979695512873
164.8,7.010500634958956e-06,-0.00026206734507859303,7.849970711073883e-05,-2.804637734505277e-05
165.0,0.00022275735959162836,-0.00031201734915468145,-0.00022388714809797418,-0.0005033740516341647
165.2,6.337260370958112e-05,0.0003545675216013678,0.00010387345334536991,0.0005816471702904475
165.4,-5.996726191100995e-05,-0.00041745018413870454,0.00027317426279080626,-0.00037862938257167395
165.6,-0.000237034701396717,-6.789029332539039e-05,-0.00023786736938851915,6.128261453355433e-05
165.8,-0.00039251528729051843,0.00019463735432560816,-0.0001290393252229731,-1.984037081393728e-06
166.0,0.00017692691419355418,-0.0002606694108610055,0.00032040884466659144,-0.00017915641313844704
166.2,-7.671331006271931e-05,-0.0003409962277408916,5.5612645858310866e-05,0.0002376730667077832
166.4,-2.4225859131865753e-05,0.00022276883958363062,-0.0003707682401069314,7.076080875396825e-05
166.6,-0.00022151575734685193,1.6554414235332645e-05,0.0001953178297086696,-0.0006756631254730464
166.8,7.663380471831925e-05,-8.599195663955103e-05,-0.0005399024556691771,0.00018301371757392125
167.0,-0.00027295393191391104,-3.260254954669521e-05,0.000229009806289624,0.00044358242585489533
167.2,6.78655316068654e-05,-4.1468000425073595e-05,-0.0002561293163960709,-3.359142005898048e-05
167.4,-0.00014996917044791122,0.00015606393956437464,0.00016146802227032966,-0.00014377705579173732
167.6,5.148959555169634e-05,-0.00037192141452277737,-0.0001259403069701988,9.088530955879942e-05
167.8,-0.0003278782628296818,0.00028965253924324955,0.00023455701047843752,5.21042856352276e-05
168.0,0.00032024590423248493,-0.00010086400273258514,-0.00035505430147012804,-0.00015469664224525945
168.2,-0.0003182293551597711,3.7758533404673987e-05,0.0006971471219060968,-0.0002945956225356597
168.4,0.0002916423207866123,-7.86295098442756e-05,-9.027180087483245e-05,3.526555697532898e-05
168.6,1.7675534777125038e-05,8.512142850861892e-05,-0.0001863526378379769,6.371238376889694e-05
168.8,6.295838027392453e-05,-8.7700151049317e-05,-0.00011694580121092391,8.278619702968471e-05
169.0,-0.00020865254075479452,0.00035433858719926214,0.0002450302375794731,-0.0001603123629602152
169.2,-7.373118817044445e-05,-3.953582022555707e-05,-0.0001340258942766054,0.00010294354170667132
169.4,7.52899102410284e-05,-0.0003397490853141132,-7.802495544569933e-05,-8.648763054325825e-05
169.6,3.440642670842913e-05,-0.000158288619662456,2.801183318293925e-05,8.004495313761202e-05
169.8,-0.0002942217637339568,0.00019279568130118477,-0.0001990528064516123,-5.030066158225879e-05
170.0,-9.238894809150638e-05,-0.00036017821367931806,6.748743482672004e-05,0.0001529534008031582
170.2,0.00022097863515827494,0.00016932934299880047,-4.44931135920086e-06,-0.00015617417503703505
170.4,0.00012670995819149666,0.00042726148046408097,0.00010179974029191561,-3.6762960177187194e-05
170.6,2.6879503381862867e-05,1.5909065787177494e-05,-0.00011885721679233075,0.00022226306197988907
170.8,-2.176902837261483e-05,0.00018398972035896905,-4.667328835115788e-05,7.792918787569778e-05
171.0,-0.00019652126942926144,-0.00012377691972724621,0.00023420241713132924,0.00010011593922409785
171.2,-0.00011147504756419938,-0.0004473250990742821,-0.0005436121262580722,-0.0005121781523555163
171.4,0.0004544784749583425,0.0001257819372452625,0.00019862013038038923,-5.191115082600664e-05
171.6,-0.0005055828287448922,0.00020604429396101377,-0.00020792899733751085,5.592667029148975e-05
171.8,0.0004276007363569003,-4.4246291056436266e-05,-3.608821576484504e-05,0.0001045088201587253
172.0,-5.1003626845211405e-05,-0.00011709342443843227,0.0001933260248137257,1.516467612067267e-06
172.2,-0.00026180266311302705,-4.7320388308275475e-05,0.00022951192240271785,-0.0005004425393588303
172.4,-3.758454647440766e-05,-0.00012852684192426656,-0.0005009067779687037,0.0002839822166923101
172.6,4.32705282367686e-05,0.00020137215843316482,7.276448724424903e-05,0.00020276251074633002
172.8,-0.0002762761121382351,-0.00040207623519739657,0.00023968096781236555,-8.031870728228612e-05
173.0,-0.0002512971618261157,-0.00016207410279588124,-2.6731439185449257e-06,-0.0004171728392647072
173.2,0.00043718809236021353,-0.00015368025554925426,-0.00023240974826280037,0.00010675311424870259
173.4,-0.0002479658673590923,-4.87414255653457e-05,0.0002609918076624871,0.00027218827831789226
173.6,-0.0002585849822950989,-0.00011134999404596134,-0.0003073886843990401,-0.0004041570517234778
173.8,0.00017416039633065655,0.00017167233200956705,-3.9891476824070565e-05,-5.103679029805414e-05
174.0,-0.00020820400175427484,-4.1237680013421154e-05,-0.00042574565885156065,3.3866437836799854e-05
174.2,0.00021143630872720023,-5.998776322351871e-05,9.834271772882246e-05,-0.0001510056291801407
174.4,-0.0001536203682765684,-4.3245315390493185e-05,0.00011469949334994326,3.891446283789096e-05
174.6,-0.0001325787251663055,-9.262477682163192e-06,-0.00020224769223310535,-0.00011219245275703705
174.8,9.577732823777905e-05,-6.716420688276387e-05,-8.903951606711477e-05,-0.00018029780652394404
175.0,0.00014935816255079223,-0.00015978366243358253,3.8868676330470606e-05,1.6608612515551992e-05
175.2,-0.0002383806333729236,0.00040595468346641675,0.0001259420211016265,-1.5220365263147868e-05
175.4,6.42222664210262e-05,-9.942258095967895e-05,-0.00023340524557297873,-5.154335005742864e-05
175.6,-0.00012775926796437592,0.00018869830465932137,-0.00010101651090842606,0.000711033928360469
175.8,-0.00020989732699611935,-0.0002269029342942903,-0.0003022588542402269,-0.0002239805675606385
176.0,0.0001834385001875399,-0.00021632657259119245,0.0006262107437475293,-0.000313583512638272
176.2,-2.388331258386715e-06,-0.00011487947936566322,-0.00017187647753869406,0.0001506043406782023
176.4,-7.03277688499996e-05,8.426060277515425e-05,-0.00013234300094832986,-0.0002986509453575191
176.6,-6.061042394230919e-05,0.0001099933410880957,0.00011910534053987673,2.1525897685645357e-06
176.8,4.640182931394353e-05,-0.00019332270516563598,4.0081037329784335e-05,0.00032346158658788394
177.0,-0.00015786941099568715,0.00022276076488018156,0.00018658142236908134,-0.00017242072365940807
177.2,0.0002444991444693515,0.0001143674179689706,6.952906828031718e-05,-0.0005657632832623169
177.4,-8.597033715061849e-05,0.00018937431269628086,9.02238945919043e-05,-1.5136742576629336e-05
177.6,-0.00012722785010070396,-0.0004206459395628616,-2.5636392325046036e-05,0.000288626438069561
177.8,0.000260047589432804,-7.380544098053796e-05,-0.0002499887273717226,0.00025428454144182374
178.0,-0.00034429569806432563,-2.2989231508569347e-05,0.0002324795783822519,-8.888364795124708e-05
178.2,-7.317696808515802e-06,-4.091120148967e-05,-0.00028490284991230125,0.00012398716238730745
178.4,-0.00011193569402234093,-0.00018581721821392527,0.00011449121784164109,-5.2851282133237175e-05
178.6,0.00038217015357758694,-0.0001938893041504241,-0.00034183610342651224,-0.0004482131640530564
178.8,-6.443574964253223e-05,-8.985106413953803e-06,-0.00023349853421198284,-0.0001919511904895883
179.0,-0.0003647070612325172,-1.8538198510853359e-06,0.00031462530283164866,-0.00012133281909557217
179.2,2.4764893392157652e-05,0.00010459976157722237,-0.00017916690127044754,0.00020879310575052084
179.4,0.0003751961076615383,5.8930404384517476e-05,-7.937841617446034e-05,0.0002832843427794807
179.6,3.40304050548094e-05,-4.522212295221852e-05,0.0001746076599992814,-0.0002548009739933702
179.8,-0.0003079115903899684,-0.00017010502684764098,-0.00016552881057059357,9.229938413711878e-05
180.0,-7.6318382176594e-05,-0.0002139071895385418,-0.00030179410259622224,0.00021995937125243964
180.2,0.000123324934506107,7.393770135777707e-05,-9.171512035030787e-07,-0.0002884268703966702
180.4,3.862678971879433e-05,6.565650437049063e-05,-3.116117728076002e-05,-0.0002648765854049286
180.6,-8.848409096180543e-05,0.00018822713476010023,-7.49083702365905e-06,-7.561967580749647e-05
180.8,-0.00010650305297375271,-5.098817164230125e-05,0.00022246714238572472,0.0004146220971655634
181.0,-1.5736542054346924e-05,-0.0002209665987649558,0.0001382444080297388,-3.72952746867973e-05
181.2,-3.300082795729171e-05,-0.00012396793730343813,-0.0001822244248663897,-0.0002546947957451113
181.4,7.937586634026921e-06,-4.036661104551248e-05,4.240577276594839e-05,-0.00015765921582865596
181.6,2.3096786662476236e-05,9.414500551645234e-05,-0.0003651462500445746,-0.00012456145084210974
181.8,5.727351423492321e-05,4.636070929807582e-05,2.2496555346204674e-05,-6.928978711886232e-06
182.0,-0.0001839927263382504,-8.508240711870261e-05,-6.709058873872781e-05,0.00024391777078489212
182.2,0.0002621843566771058,0.00018938522856943243,-0.00014310001050022415,-0.00036432842689935807
182.4,-0.00016434440080417433,-0.0001625472356133077,0.00021841153337724952,6.981974580842244e-05
182.6,7.968425561457583e-05,6.41109365880065e-05,0.00022456791656451226,8.332149544848294e-06
182.8,-0.0001608813188608268,-7.673264058910896e-05,-0.0002195683124538079,-1.63167433587774e-05
183.0,-0.00019459301058044834,9.382884527414285e-06,-8.739253986735432e-05,3.0416657253034168e-05
183.2,-5.668416781011862e-05,0.0001497878611123487,-5.839585143499834e-05,-3.084866946420974e-05
183.4,8.657130790637643e-05,-0.0003955161835368253,-0.0001033088634619659,-0.00019174393515805543
183.6,3.5796979188803494e-06,0.0001926998045200616,0.00018285740964515309,-0.000283403939683138
183.8,-0.00018171453288739242,-0.00017153531411625035,-0.00013126162867482731,0.0001953910545224763
184.0,-7.255619281518634e-05,7.607235317093113e-05,0.0001015457044027904,-0.00013585481935048333
184.2,0.00014192216893623227,8.325148965867452e-05,-5.560331505749467e-05,-1.105964641480356e-05
184.4,-1.7284182298805167e-05,-0.0001521686885152171,-0.00014472195887792072,-6.855288954102678e-05
184.6,-4.3874120325532465e-06,-6.676109361703643e-05,0.00017028416177875907,6.346286861952358e-05
184.8,5.023378953951639e-05,-1.941520948667436e-05,0.00019653597985249346,-0.0002601022004836353
185.0,-0.0003105122712723598,1.1718507626035235e-05,-0.0001576391893988545,0.0002537227458954986
185.2,-3.671428650488224e-05,-6.266985313268096e-05,8.124849334612329e-05,-1.4179322197733397e-05
185.4,0.000251343273875637,-6.558957685073023e-06,-0.0002925087134419085,-0.00025793883093353675
185.6,9.924973443944776e-05,0.00010138459539496426,0.00017478029371212724,0.00016397412276209126
185.8,-0.00021451753227321986,-0.00016749893901938132,0.0001257625193174968,9.593346540051258e-05
186.0,-0.0002706944165857705,1.2547800251547396e-05,-7.026896871071738e-05,-0.0001426986169050635
186.2,6.530462638922072e-05,-0.00012358336836412872,-0.00024218743499537516,-9.179939889485202e-05
186.4,-0.00014773294333952726,-0.0002348412074614542,0.00019681613710138235,4.99807503652827e-05
186.6,0.0001879094286168705,0.00029601843969097904,7.5940821882717e-05,-0.0002518498703551969
186.8,1.876421726745492e-06,-4.028502799872815e-05,-0.00012873612251700463,0.00011446927900586156
187.0,5.017587878616407e-05,0.0001087673275798928,-3.0347487781613545e-05,0.00010978979323814454
187.2,-0.00010355589646683176,-0.00021254156882947938,1.330732050982994e-05,-0.00021552177515092057
187.4,-0.00012186018326530998,3.015257274306328e-05,-9.220632530902853e-05,-3.683622919237323e-05
187.6,-4.309546887696326e-05,-2.3078873013378184e-05,7.1060065003816185e-06,-5.774482930989247e-05
187.8,3.55309096772944e-05,-0.00011007898732530621,0.00017496143725264076,-0.00017729216169532237
188.0,7.85000497782856e-06,-0.00012518718887097625,-0.0001498284479563324,2.9845355886574367e-05
188.2,-0.0001778735258146176,4.9586952980528166e-05,0.00015192244801038617,5.5497122727792665e-05
188.4,0.0001866361763749493,-2.0056591246264742e-05,9.716278508231516e-05,4.368191262731715e-05
188.6,-0.00020560828053496746,0.00024989333527716573,-0.00017114196415967474,2.5670450722093843e-05
188.8,4.264690351020417e-05,-0.00015277521223104208,6.1137531036346035e-06,1.365290951576053e-06
189.0,3.5759746417207666e-05,4.714750408923651e-06,8.473674256699464e-05,-0.00021884613060205575
189.2,4.836205439427e-05,-0.00013009412787281222,-0.0001631060887067469,2.956127978432538e-05
189.4,-3.848361129764408e-05,-4.1463518695678876e-05,-8.205766807885206e-05,9.365306586034568e-05
189.6,-8.63511652442153e-05,-7.60369821844053e-05,4.455104968382294e-05,-5.597879774165969e-05
189.8,2.621021362071439e-05,3.9522450815737536e-05,7.139849759814733e-05,8.741432578294106e-05
190.0,9.940777327610102e-05,0.00019117851583883437,7.402412216599289e-05,-5.555864320369233e-05
190.2,6.918674089067697e-05,8.962604464557936e-05,0.00010987076125004399,-4.4500669539739424e-05
190.4,-5.427136128964572e-05,-0.00015078866030039567,2.4814646377556446e-05,-0.00012854483455000283
190.6,1.3362030366053922e-05,-0.00013973983742380323,-0.0002490697862108336,-8.599245900640711e-05
190.8,-1.8824958368038596e-06,-9.725772054554485e-05,-8.036151368500997e-05,1.6526745040556017e-05
191.0,-8.89717282076728e-05,0.00017827072937191777,7.416376499286443e-05,-2.522710170719607e-05
191.2,-3.70153635871881e-05,-3.6129585203871614e-05,-5.947025586313095e-05,8.130053721262761e-05
191.4,4.8502495197722736e-05,7.877135408182138e-05,-0.0002874167359838351,9.261722898974239e-06
191.6,-0.0001290783559337434,-5.4295768204209786e-05,0.00015157436661749574,-0.00013544615860621316
191.8,0.0002185999123841207,-9.676403168158321e-06,0.00017818174558499012,-0.00021567274972152684
192.0,-0.0001124288115847126,0.00015769266737916844,-0.00010944230495665055,2.5736929503906108e-05
192.2,-1.3611118452285594e-05,-6.149272227215258e-05,1.1565252528195066e-05,0.00013882708913545073
192.4,2.6969463610389386e-05,-0.00012719051255124427,-6.105974264738459e-06,-1.4935696625314215e-06
192.6,-0.0001443279546461869,3.909169769494173e-06,-1.7806260568556314e-06,0.00012609017206546944
192.8,0.0001573744663942285,3.9891107009523816e-05,-5.0882412262695185e-05,-0.00025651889807942486
193.0,-4.4864389048932975e-06,-0.00017569079673590646,-0.00014688539588177967,0.00010818176250196279
193.2,-3.950607271784433e-05,-1.3578706518414822e-05,2.94210108824737e-05,-3.6593899591861215e-05
193.4,-0.0001978419614355496,-4.788735437237035e-05,-0.0001323852484774261,3.3946200655310886e-05
193.6,-6.480320197248261e-06,-5.8070264718000766e-05,0.00011937977086915324,2.8410985600361668e-05
193.8,0.00010636969192071438,3.178394351980769e-05,0.00010854660530016545,-6.148228250189534e-05
194.0,-4.619837625636728e-05,0.00011041714088412211,-6.122972179035301e-05,-0.00018717525076430877
194.2,6.567549019845682e-05,-3.2390677148708294e-05,-0.00011779134928521545,7.617834404518148e-05
194.4,-8.615903439097397e-07,-7.8902910031901e-05,0.00010521028767180435,0.00012265866809823105
194.6,-7.047281171067677e-05,2.3910012620718784e-05,-6.899321089088571e-05,-6.376192133152613e-05
194.8,6.466928941383732e-05,1.3902600907223e-05,0.0001295198992784338,-0.0001224605460712504
195.0,6.158821726635624e-05,1.656520086045788e-05,-6.653727731288338e-05,0.000128896552815323
195.2,-3.407897007814215e-05,0.00010060534067567521,3.169113410073651e-05,6.521586629229448e-05
195.4,-0.00010770244520341037,-3.730376165227952e-05,-9.175248735283399e-05,-2.792662614360679e-05
195.6,5.130760744918205e-06,-6.843391097697108e-05,-6.309876799440173e-05,-3.305813033722059e-05
195.8,-1.6332541289703793e-06,-0.00010220886824031118,3.0064441480639185e-05,-8.135030345323445e-05
196.0,-4.786007255108015e-05,6.536287944555467e-05,1.8617110007592735e-05,-5.964845071400551e-05
196.2,0.00011421021400803668,4.8731389901372356e-05,-6.519574485403541e-05,-2.2929984721882794e-05
196.4,-3.274010206085289e-05,-3.221563260450585e-05,-1.322569499273662e-05,-0.00010549825040565343
196.6,-1.0089278194827276e-05,-2.2167279209814333e-05,-6.839557699782281e-05,6.823472319625483e-05
196.8,-0.00013121452769899306,7.664562329653668e-05,5.371183141179273e-05,2.7981682802156994e-05
197.0,-2.5400155139483776e-05,8.150108328575072e-05,-7.716481160945214e-05,4.1349780481291175e-05
197.2,2.1927744227778832e-05,-7.368726373694667e-05,6.868768438851528e-05,1.116336908823216e-05
197.4,-0.00010645459689465867,2.702901600027293e-05,-0.00013356476480078116,4.163960465276693e-05
197.6,-4.384688984519037e-05,-4.637685784025065e-05,-1.3757913485566575e-06,-1.4476004896381406e-05
197.8,6.772812016791577e-05,0.00011063053460603253,4.8796508756103155e-05,-7.861595871010148e-05
198.0,2.521546690805404e-05,-9.225930006983793e-05,9.937485600038318e-06,9.604317895560556e-06
198.2,4.846515490583425e-05,3.8649018179349324e-05,-2.199414457979103e-06,9.626687829999552e-06
198.4,-3.8600085360970116e-07,-1.7786390846750894e-05,-3.693784613394203e-05,-2.5606228327707315e-05
198.6,-2.0501756994270384e-05,3.31063899046217e-05,7.81436579049936e-05,2.7155065432940746e-05
198.8,1.255022554539915e-05,-1.707440315463925e-05,-2.255111425615115e-05,4.4899193944693814e-06
199.0,-3.159524350657861e-05,4.790140451419503e-05,1.1644086407104222e-05,2.154589536337956e-05
199.2,2.336910763950684e-05,-2.9144786450026183e-05,8.759404895643296e-06,-3.110451908383571e-05
199.4,-5.60450899424431e-06,-1.3695605215099384e-06,-6.0085854902928185e-06,-1.037527345960153e-06
199.6,-1.5014633693661681e-05,1.4202655352175882e-06,6.829929095781749e-06,2.737001103815621e-06
199.8,-6.178590843083004e-06,-1.4362011666907404e-05,5.1717797027150225e-06,-6.241118795337933e-06
