figure,protocol,path_or_endpoint_id,image_source,relaxation_engine,energy_engine,model,barrier_eV,dft_reference_eV,signed_error_eV,current_status,interpretation,placeholder_to_close
Fig3d,fixed_geometry_single_point,path_1-4,DFT-relaxed_NEB_images,QE_DFT,QE_DFT,DFT,0.336050,0.336050,0.000000,"UNCONVERGED_but_numerically_stationary","Current audited DFT reference candidate for fixed-path evaluation","final-QE-1-4-barrier"
Fig3d,fixed_geometry_single_point,path_1-4,DFT-relaxed_NEB_images,QE_DFT,MACE_Foundation,MACE_Foundation,1.024296,0.336050,0.688246,"audited_current_value","Energetic prediction on DFT-provided path; model does not relax images","final-QE-1-4-barrier"
Fig3d,fixed_geometry_single_point,path_1-4,DFT-relaxed_NEB_images,QE_DFT,MACE_Scratch,MACE_Scratch,4.537677,0.336050,4.201627,"audited_current_value","Energetic prediction on DFT-provided path; model does not relax images","final-QE-1-4-barrier"
Fig3d,fixed_geometry_single_point,path_1-4,DFT-relaxed_NEB_images,QE_DFT,MACE_FT_600K,MACE_FT_600K,0.496792,0.336050,0.160742,"audited_current_value","Energetic prediction on DFT-provided path; model does not relax images","final-QE-1-4-barrier"
Fig3d,fixed_geometry_single_point,path_1-4,DFT-relaxed_NEB_images,QE_DFT,MACE_FT_MultiT,MACE_FT_MultiT,0.823040,0.336050,0.486990,"audited_current_value","Energetic prediction on DFT-provided path; model does not relax images","final-QE-1-4-barrier"
FigS3,self_consistent_mlff_neb,"same endpoints as SI FigS3; exact path label pending",MLFF_interpolated_or_initialized_images,MACE_Foundation,MACE_Foundation,MACE_Foundation,0.410000,,,"submitted_SI_value_metadata_pending","Model-in-the-loop path generation/stability; not a fixed-path DFT error","SI-FigS3-audit; DFT-on-MLFF-path"
FigS3,self_consistent_mlff_neb,"same endpoints as SI FigS3; exact path label pending",MLFF_interpolated_or_initialized_images,MACE_Scratch,MACE_Scratch,MACE_Scratch,,,,"terminated_unstable_force_growth","Failure/stability metric, no accepted self-NEB barrier","SI-FigS3-audit"
FigS3,self_consistent_mlff_neb,"same endpoints as SI FigS3; exact path label pending",MLFF_interpolated_or_initialized_images,MACE_FT_600K,MACE_FT_600K,MACE_FT_600K,,,,"terminated_unstable_force_growth","Failure/stability metric, no accepted self-NEB barrier","SI-FigS3-audit"
FigS3,self_consistent_mlff_neb,"same endpoints as SI FigS3; exact path label pending",MLFF_interpolated_or_initialized_images,MACE_FT_MultiT,MACE_FT_MultiT,MACE_FT_MultiT,,,,"terminated_unstable_force_growth","Failure/stability metric, no accepted self-NEB barrier","SI-FigS3-audit"
